"Density","Mach","Pressure","Temperature","vtkValidPointMask","arc_length","Points:0","Points:1","Points:2"
6.9195,0.2405,7.6838,1.1104,1,0,-8.1,0,0
6.9184,0.24113,7.682,1.1104,1,0.0731,-8.0269,0,0
6.9173,0.24177,7.6802,1.1103,1,0.1462,-7.9538,0,0
6.9161,0.2424,7.6784,1.1102,1,0.2193,-7.8807,0,0
6.915,0.24303,7.6766,1.1101,1,0.2924,-7.8076,0,0
6.9138,0.24366,7.6747,1.1101,1,0.3655,-7.7345,0,0
6.9127,0.2443,7.6729,1.11,1,0.4386,-7.6614,0,0
6.9113,0.24505,7.6708,1.1099,1,0.5117,-7.5883,0,0
6.9087,0.24639,7.6668,1.1097,1,0.5848,-7.5152,0,0
6.906,0.24774,7.6629,1.1096,1,0.6579,-7.4421,0,0
6.9034,0.24908,7.659,1.1095,1,0.731,-7.369,0,0
6.8991,0.25088,7.6528,1.1092,1,0.8041,-7.2959,0,0
6.8942,0.25284,7.6458,1.109,1,0.8772,-7.2228,0,0
6.8893,0.2548,7.6388,1.1088,1,0.9503,-7.1497,0,0
6.8848,0.25691,7.6322,1.1086,1,1.0234,-7.0766,0,0
6.881,0.25936,7.6262,1.1083,1,1.0965,-7.0035,0,0
6.8772,0.26182,7.6203,1.108,1,1.1696,-6.9304,0,0
6.8734,0.26428,7.6143,1.1078,1,1.2427,-6.8573,0,0
6.8671,0.26725,7.6049,1.1074,1,1.3158,-6.7842,0,0
6.8604,0.2703,7.5949,1.1071,1,1.3889,-6.7111,0,0
6.8537,0.27334,7.5848,1.1067,1,1.462,-6.638,0,0
6.848,0.27644,7.576,1.1063,1,1.5351,-6.5649,0,0
6.8436,0.2796,7.5689,1.106,1,1.6082,-6.4918,0,0
6.8376,0.28331,7.5592,1.1055,1,1.6813,-6.4187,0,0
6.8306,0.2873,7.5481,1.105,1,1.7544,-6.3456,0,0
6.8204,0.29229,7.5325,1.1044,1,1.8275,-6.2725,0,0
6.8086,0.29759,7.5147,1.1037,1,1.9006,-6.1994,0,0
6.7982,0.30228,7.4989,1.1031,1,1.9737,-6.1263,0,0
6.7888,0.30702,7.4845,1.1025,1,2.0468,-6.0532,0,0
6.7776,0.31247,7.4674,1.1018,1,2.1199,-5.9801,0,0
6.7652,0.31794,7.4486,1.101,1,2.193,-5.907,0,0
6.7533,0.32319,7.4306,1.1003,1,2.2661,-5.8339,0,0
6.7443,0.32833,7.4162,1.0996,1,2.3392,-5.7608,0,0
6.7306,0.33459,7.3948,1.0987,1,2.4123,-5.6877,0,0
6.715,0.34134,7.371,1.0977,1,2.4854,-5.6146,0,0
6.6994,0.34815,7.3473,1.0967,1,2.5585,-5.5415,0,0
6.6823,0.35534,7.3213,1.0956,1,2.6316,-5.4684,0,0
6.6652,0.36237,7.2952,1.0945,1,2.7047,-5.3953,0,0
6.6496,0.3692,7.2711,1.0935,1,2.7778,-5.3222,0,0
6.6329,0.37632,7.2453,1.0923,1,2.8509,-5.2491,0,0
6.6156,0.3836,7.2188,1.0912,1,2.924,-5.176,0,0
6.5951,0.39177,7.1876,1.0898,1,2.9971,-5.1029,0,0
6.5728,0.40021,7.1541,1.0884,1,3.0702,-5.0298,0,0
6.5511,0.40869,7.1211,1.087,1,3.1433,-4.9567,0,0
6.5288,0.41735,7.0872,1.0855,1,3.2164,-4.8836,0,0
6.5042,0.42638,7.0501,1.0839,1,3.2895,-4.8105,0,0
6.4808,0.43541,7.0143,1.0823,1,3.3626,-4.7374,0,0
6.4534,0.445,6.9731,1.0805,1,3.4357,-4.6643,0,0
6.4277,0.45451,6.9341,1.0788,1,3.5088,-4.5912,0,0
6.3987,0.46451,6.8905,1.0769,1,3.5819,-4.5181,0,0
6.3701,0.47457,6.8473,1.0749,1,3.655,-4.445,0,0
6.3397,0.48493,6.8017,1.0729,1,3.7281,-4.3719,0,0
6.308,0.49554,6.7541,1.0707,1,3.8012,-4.2988,0,0
6.2763,0.50625,6.7066,1.0686,1,3.8743,-4.2257,0,0
6.2415,0.51742,6.6547,1.0662,1,3.9474,-4.1526,0,0
6.2083,0.52847,6.6051,1.0639,1,4.0205,-4.0795,0,0
6.1708,0.54012,6.5496,1.0614,1,4.0936,-4.0064,0,0
6.1349,0.55165,6.4961,1.0589,1,4.1667,-3.9333,0,0
6.096,0.56362,6.4387,1.0562,1,4.2398,-3.8602,0,0
6.0571,0.57567,6.3811,1.0535,1,4.3129,-3.7871,0,0
6.0168,0.58794,6.3217,1.0507,1,4.386,-3.714,0,0
5.9748,0.60048,6.2602,1.0478,1,4.4591,-3.6409,0,0
5.9329,0.61304,6.1987,1.0448,1,4.5322,-3.5678,0,0
5.8876,0.62617,6.1327,1.0416,1,4.6053,-3.4947,0,0
5.8432,0.63962,6.0678,1.0384,1,4.6784,-3.4216,0,0
5.7923,0.65331,5.9945,1.0349,1,4.7515,-3.3485,0,0
5.7497,0.66567,5.9326,1.0318,1,4.8246,-3.2754,0,0
5.7066,0.67825,5.8702,1.0287,1,4.8977,-3.2023,0,0
5.6587,0.69207,5.8011,1.0252,1,4.9708,-3.1292,0,0
5.6058,0.70662,5.7252,1.0213,1,5.0439,-3.0561,0,0
5.5545,0.72054,5.6522,1.0176,1,5.117,-2.983,0,0
5.505,0.73454,5.5818,1.0139,1,5.1901,-2.9099,0,0
5.4487,0.74963,5.5019,1.0098,1,5.2632,-2.8368,0,0
5.3953,0.7639,5.4267,1.0058,1,5.3363,-2.7637,0,0
5.3427,0.77797,5.3529,1.0019,1,5.4094,-2.6906,0,0
5.2919,0.79187,5.2817,0.99805,1,5.4825,-2.6175,0,0
5.2403,0.80592,5.2096,0.99412,1,5.5556,-2.5444,0,0
5.1855,0.8206,5.1334,0.98993,1,5.6287,-2.4713,0,0
5.1307,0.83521,5.0576,0.98573,1,5.7018,-2.3982,0,0
5.0757,0.8497,4.9821,0.98153,1,5.7749,-2.3251,0,0
5.0202,0.86446,4.906,0.97722,1,5.848,-2.252,0,0
4.9642,0.87946,4.8294,0.97282,1,5.9211,-2.1789,0,0
4.9067,0.89498,4.7511,0.96825,1,5.9942,-2.1058,0,0
4.8485,0.91071,4.6721,0.96361,1,6.0673,-2.0327,0,0
4.7866,0.92618,4.5898,0.95884,1,6.1404,-1.9596,0,0
4.7244,0.9416,4.5073,0.95405,1,6.2135,-1.8865,0,0
4.6688,0.95647,4.4336,0.94948,1,6.2866,-1.8134,0,0
4.6133,0.97134,4.36,0.9449,1,6.3597,-1.7403,0,0
4.5578,0.98622,4.2863,0.94033,1,6.4328,-1.6672,0,0
4.5023,1.0013,4.2129,0.93567,1,6.5059,-1.5941,0,0
4.4468,1.0167,4.1401,0.93085,1,6.579,-1.521,0,0
4.3913,1.0322,4.0673,0.92603,1,6.6521,-1.4479,0,0
4.3358,1.0477,3.9945,0.9212,1,6.7252,-1.3748,0,0
4.2766,1.0638,3.9179,0.91606,1,6.7983,-1.3017,0,0
4.2152,1.0803,3.839,0.91073,1,6.8714,-1.2286,0,0
4.1532,1.0972,3.7602,0.9053,1,6.9445,-1.1555,0,0
4.091,1.1143,3.6813,0.89985,1,7.0176,-1.0824,0,0
4.028,1.1315,3.6025,0.89428,1,7.0907,-1.0093,0,0
3.9651,1.1487,3.5238,0.8887,1,7.1638,-0.9362,0,0
3.9046,1.1656,3.4488,0.88321,1,7.2369,-0.8631,0,0
3.8441,1.1826,3.3741,0.87771,1,7.31,-0.79,0,0
3.784,1.1995,3.3006,0.87218,1,7.3831,-0.7169,0,0
3.7237,1.2168,3.227,0.86658,1,7.4562,-0.6438,0,0
3.6628,1.2347,3.1533,0.86083,1,7.5293,-0.5707,0,0
3.5997,1.253,3.0775,0.85487,1,7.6024,-0.4976,0,0
3.5337,1.2719,2.9992,0.84864,1,7.6755,-0.4245,0,0
3.4708,1.2908,2.9243,0.84248,1,7.7486,-0.3514,0,0
3.4102,1.3097,2.8523,0.83637,1,7.8217,-0.2783,0,0
3.3456,1.3297,2.7764,0.82984,1,7.8948,-0.2052,0,0
3.2771,1.3491,2.6983,0.82337,1,7.9679,-0.1321,0,0
3.2157,1.3683,2.6282,0.81719,1,8.041,-0.059,0,0
3.1564,1.3876,2.5601,0.81107,1,8.1141,0.0141,0,0
3.088,1.4099,2.4822,0.80381,1,8.1872,0.0872,0,0
3.0153,1.4337,2.4004,0.79606,1,8.2603,0.1603,0,0
2.9497,1.4545,2.3281,0.78926,1,8.3334,0.2334,0,0
2.8929,1.4738,2.2654,0.78309,1,8.4065,0.3065,0,0
2.8279,1.4963,2.1941,0.77586,1,8.4796,0.3796,0,0
2.7611,1.5174,2.123,0.76887,1,8.5527,0.4527,0,0
2.7099,1.536,2.0683,0.76314,1,8.6258,0.5258,0,0
2.6548,1.5565,2.0093,0.75684,1,8.6989,0.5989,0,0
2.5863,1.5813,1.9372,0.74895,1,8.772,0.672,0,0
2.5206,1.6046,1.869,0.74141,1,8.8451,0.7451,0,0
2.4695,1.6244,1.816,0.73529,1,8.9182,0.8182,0,0
2.4148,1.646,1.7595,0.72859,1,8.9913,0.8913,0,0
2.3535,1.6711,1.6967,0.72085,1,9.0644,0.9644,0,0
2.2911,1.6961,1.6338,0.71308,1,9.1375,1.0375,0,0
2.2367,1.7181,1.5799,0.70631,1,9.2106,1.1106,0,0
2.1844,1.7407,1.5279,0.69944,1,9.2837,1.1837,0,0
2.1283,1.7633,1.4739,0.6925,1,9.3568,1.2568,0,0
2.0787,1.7851,1.4263,0.686,1,9.4299,1.3299,0,0
2.0311,1.8068,1.3804,0.67961,1,9.503,1.403,0,0
1.9811,1.8296,1.3333,0.67287,1,9.5761,1.4761,0,0
1.9308,1.8527,1.2861,0.66609,1,9.6492,1.5492,0,0
1.8845,1.8754,1.2431,0.65949,1,9.7223,1.6223,0,0
1.8383,1.8983,1.2002,0.65287,1,9.7954,1.6954,0,0
1.7867,1.9256,1.1526,0.64507,1,9.8685,1.7685,0,0
1.7366,1.9497,1.108,0.63802,1,9.9416,1.8416,0,0
1.7028,1.9652,1.0788,0.63354,1,10.015,1.9147,0,0
1.6715,1.9819,1.0518,0.62924,1,10.088,1.9878,0,0
1.6359,2.0025,1.0203,0.62361,1,10.161,2.0609,0,0
1.5991,2.0238,0.98803,0.61778,1,10.234,2.134,0,0
1.559,2.0476,0.95321,0.61129,1,10.307,2.2071,0,0
1.518,2.0722,0.91785,0.6046,1,10.38,2.2802,0,0
1.4732,2.1013,0.87925,0.59683,1,10.453,2.3533,0,0
1.4351,2.1237,0.84779,0.59076,1,10.526,2.4264,0,0
1.4245,2.1274,0.83963,0.58942,1,10.599,2.4995,0,0
1.4282,2.1252,0.84223,0.58972,1,10.673,2.5726,0,0
1.442,2.1153,0.85415,0.59234,1,10.746,2.6457,0,0
1.4708,2.0962,0.87871,0.5974,1,10.819,2.7188,0,0
1.5212,2.0651,0.92151,0.60578,1,10.892,2.7919,0,0
1.6038,2.016,0.99307,0.61918,1,10.965,2.865,0,0
1.7023,1.9633,1.0795,0.63398,1,11.038,2.9381,0,0
1.802,1.9095,1.1699,0.64918,1,11.111,3.0112,0,0
1.9184,1.8518,1.2776,0.66594,1,11.184,3.0843,0,0
2.0126,1.808,1.3663,0.67888,1,11.257,3.1574,0,0
2.0892,1.7733,1.44,0.68925,1,11.33,3.2305,0,0
2.1364,1.7537,1.4853,0.69524,1,11.404,3.3036,0,0
2.1593,1.7447,1.5071,0.69798,1,11.477,3.3767,0,0
2.1749,1.7392,1.5217,0.69966,1,11.55,3.4498,0,0
2.1802,1.7375,1.5264,0.70015,1,11.623,3.5229,0,0
2.1822,1.7371,1.5282,0.70032,1,11.696,3.596,0,0
2.1815,1.7376,1.5275,0.7002,1,11.769,3.6691,0,0
2.1781,1.7392,1.5241,0.69974,1,11.842,3.7422,0,0
2.1719,1.742,1.518,0.6989,1,11.915,3.8153,0,0
2.1631,1.7458,1.5093,0.69774,1,11.988,3.8884,0,0
2.152,1.7506,1.4984,0.6963,1,12.062,3.9615,0,0
2.1389,1.7562,1.4856,0.69459,1,12.135,4.0346,0,0
2.1236,1.7628,1.4708,0.69259,1,12.208,4.1077,0,0
2.1057,1.7707,1.4534,0.69023,1,12.281,4.1808,0,0
2.0837,1.7802,1.4322,0.68733,1,12.354,4.2539,0,0
2.0588,1.7912,1.4084,0.68404,1,12.427,4.327,0,0
2.0335,1.8024,1.3842,0.68068,1,12.5,4.4001,0,0
2.004,1.816,1.3563,0.67674,1,12.573,4.4732,0,0
1.9736,1.8301,1.3276,0.67268,1,12.646,4.5463,0,0
1.9383,1.8474,1.2943,0.66769,1,12.719,4.6194,0,0
1.9019,1.8652,1.2601,0.6625,1,12.792,4.6925,0,0
1.8569,1.8871,1.2184,0.65614,1,12.866,4.7656,0,0
1.8081,1.9123,1.1733,0.64891,1,12.939,4.8387,0,0
1.7529,1.9413,1.1235,0.64067,1,13.012,4.9118,0,0
1.6966,1.971,1.0728,0.63226,1,13.085,4.9849,0,0
1.639,2.0033,1.0216,0.62325,1,13.158,5.058,0,0
1.5722,2.0424,0.96295,0.61246,1,13.231,5.1311,0,0
1.5143,2.0758,0.91359,0.60328,1,13.304,5.2042,0,0
1.4777,2.097,0.88296,0.5975,1,13.377,5.2773,0,0
1.4446,2.1165,0.85568,0.5923,1,13.45,5.3504,0,0
1.4137,2.1356,0.83026,0.58728,1,13.524,5.4235,0,0
1.3776,2.1593,0.80056,0.5811,1,13.597,5.4966,0,0
1.3368,2.1873,0.76727,0.5739,1,13.67,5.5697,0,0
1.2952,2.2147,0.73425,0.56688,1,13.743,5.6428,0,0
1.2609,2.2377,0.70745,0.56106,1,13.816,5.7159,0,0
1.227,2.263,0.68081,0.55483,1,13.889,5.789,0,0
1.1905,2.2882,0.6531,0.54854,1,13.962,5.8621,0,0
1.1604,2.3112,0.6302,0.54297,1,14.035,5.9352,0,0
1.1325,2.3337,0.60889,0.53761,1,14.108,6.0083,0,0
1.1029,2.3588,0.58636,0.53163,1,14.181,6.0814,0,0
1.0714,2.3828,0.56352,0.52592,1,14.254,6.1545,0,0
1.0449,2.4047,0.54434,0.52085,1,14.328,6.2276,0,0
1.0206,2.4262,0.52664,0.51596,1,14.401,6.3007,0,0
0.99663,2.4476,0.5095,0.51112,1,14.474,6.3738,0,0
0.97287,2.4689,0.49263,0.5063,1,14.547,6.4469,0,0
0.95076,2.4898,0.477,0.50162,1,14.62,6.52,0,0
0.92957,2.5105,0.46207,0.49701,1,14.693,6.5931,0,0
0.90803,2.5324,0.44705,0.49223,1,14.766,6.6662,0,0
0.88627,2.5549,0.43198,0.48733,1,14.839,6.7393,0,0
0.8646,2.5783,0.4171,0.48231,1,14.912,6.8124,0,0
0.84301,2.6025,0.40236,0.47719,1,14.986,6.8855,0,0
0.82198,2.626,0.38825,0.47225,1,15.059,6.9586,0,0
0.80151,2.6489,0.37476,0.46747,1,15.132,7.0317,0,0
0.78321,2.6687,0.36296,0.46338,1,15.205,7.1048,0,0
0.76746,2.6846,0.35314,0.46009,1,15.278,7.1779,0,0
0.75281,2.7007,0.34399,0.45685,1,15.351,7.251,0,0
0.73976,2.7171,0.33578,0.45369,1,15.424,7.3241,0,0
0.72671,2.7334,0.32758,0.45053,1,15.497,7.3972,0,0
0.71366,2.7497,0.31937,0.44737,1,15.57,7.4703,0,0
0.70114,2.7661,0.3115,0.44422,1,15.643,7.5434,0,0
0.68993,2.7823,0.30447,0.44112,1,15.717,7.6165,0,0
0.67873,2.7986,0.29744,0.43802,1,15.79,7.6896,0,0
0.66752,2.8149,0.29041,0.43492,1,15.863,7.7627,0,0
0.65643,2.831,0.28353,0.43187,1,15.936,7.8358,0,0
0.64597,2.8461,0.27743,0.42911,1,16.009,7.9089,0,0
0.6355,2.8612,0.27133,0.42635,1,16.082,7.982,0,0
0.62504,2.8763,0.26523,0.42359,1,16.155,8.0551,0,0
0.61457,2.8915,0.25913,0.42083,1,16.228,8.1282,0,0
0.60411,2.9066,0.25303,0.41807,1,16.301,8.2013,0,0
0.59364,2.9217,0.24693,0.41531,1,16.374,8.2744,0,0
0.58318,2.9368,0.24083,0.41255,1,16.448,8.3475,0,0
0.57271,2.9519,0.23473,0.40979,1,16.521,8.4206,0,0
0.56449,2.9668,0.23001,0.40725,1,16.594,8.4937,0,0
0.55664,2.9816,0.22553,0.40474,1,16.667,8.5668,0,0
0.54879,2.9964,0.22106,0.40224,1,16.74,8.6399,0,0
0.54094,3.0112,0.21658,0.39973,1,16.813,8.713,0,0
0.5331,3.026,0.2121,0.39723,1,16.886,8.7861,0,0
0.52525,3.0408,0.20762,0.39472,1,16.959,8.8592,0,0
0.5174,3.0556,0.20314,0.39222,1,17.032,8.9323,0,0
0.50955,3.0704,0.19866,0.38971,1,17.105,9.0054,0,0
0.50144,3.0863,0.19414,0.38709,1,17.179,9.0785,0,0
0.49306,3.1032,0.18959,0.38433,1,17.252,9.1516,0,0
0.48467,3.1202,0.18504,0.38158,1,17.325,9.2247,0,0
0.47629,3.1372,0.18049,0.37883,1,17.398,9.2978,0,0
0.4678,3.1548,0.17592,0.376,1,17.471,9.3709,0,0
0.45903,3.1742,0.17131,0.37298,1,17.544,9.444,0,0
0.45026,3.1936,0.16669,0.36996,1,17.617,9.5171,0,0
0.44149,3.213,0.16208,0.36694,1,17.69,9.5902,0,0
0.43274,3.2325,0.15749,0.36392,1,17.763,9.6633,0,0
0.42418,3.2526,0.15318,0.36091,1,17.836,9.7364,0,0
0.41562,3.2728,0.14887,0.3579,1,17.91,9.8095,0,0
0.40706,3.293,0.14455,0.3549,1,17.983,9.8826,0,0
0.3985,3.3131,0.14024,0.35189,1,18.056,9.9557,0,0
0.39093,3.3325,0.13654,0.34911,1,18.129,10.029,0,0
0.38355,3.3517,0.13294,0.34637,1,18.202,10.102,0,0
0.37616,3.3709,0.12934,0.34363,1,18.275,10.175,0,0
0.36878,3.3901,0.12574,0.34088,1,18.348,10.248,0,0
0.36175,3.4093,0.12239,0.33821,1,18.421,10.321,0,0
0.35496,3.4285,0.11919,0.33558,1,18.494,10.394,0,0
0.34817,3.4477,0.116,0.33294,1,18.567,10.467,0,0
0.34138,3.467,0.1128,0.33031,1,18.64,10.54,0,0
0.33488,3.486,0.10977,0.32774,1,18.714,10.614,0,0
0.32895,3.5045,0.10707,0.3253,1,18.787,10.687,0,0
0.32302,3.5231,0.10436,0.32286,1,18.86,10.76,0,0
0.31709,3.5417,0.10165,0.32042,1,18.933,10.833,0,0
0.31117,3.5604,0.098948,0.31798,1,19.006,10.906,0,0
0.30553,3.5797,0.096416,0.31552,1,19.079,10.979,0,0
0.29989,3.599,0.093883,0.31305,1,19.152,11.052,0,0
0.29407,3.6199,0.091292,0.31044,1,19.225,11.125,0,0
0.28797,3.6421,0.08861,0.30769,1,19.298,11.198,0,0
0.28125,3.6673,0.08567,0.3046,1,19.372,11.271,0,0
0.27376,3.696,0.082444,0.30115,1,19.445,11.345,0,0
0.26472,3.7322,0.078591,0.29689,1,19.518,11.418,0,0
1.1625,0.3879,1.272,1.0941,1,19.591,11.491,0,0
1.181,0.34676,1.3,1.1008,1,19.664,11.564,0,0
1.1912,0.32634,1.3146,1.1036,1,19.737,11.637,0,0
1.1991,0.31362,1.325,1.105,1,19.81,11.71,0,0
1.2048,0.30544,1.3321,1.1056,1,19.883,11.783,0,0
1.2097,0.29994,1.3377,1.1058,1,19.956,11.856,0,0
1.2142,0.29695,1.3423,1.1055,1,20.029,11.929,0,0
1.2181,0.29569,1.3456,1.1046,1,20.103,12.002,0,0
1.2222,0.29518,1.3498,1.1044,1,20.176,12.076,0,0
1.2262,0.29468,1.354,1.1043,1,20.249,12.149,0,0
1.2287,0.29396,1.3569,1.1044,1,20.322,12.222,0,0
1.2308,0.29319,1.3594,1.1045,1,20.395,12.295,0,0
1.233,0.29242,1.362,1.1046,1,20.468,12.368,0,0
1.2352,0.29166,1.3645,1.1047,1,20.541,12.441,0,0
1.2369,0.291,1.3665,1.1048,1,20.614,12.514,0,0
1.2381,0.29046,1.3679,1.1048,1,20.687,12.587,0,0
1.2392,0.28993,1.3693,1.1049,1,20.76,12.66,0,0
1.2404,0.28939,1.3707,1.105,1,20.833,12.733,0,0
1.2415,0.28887,1.372,1.1051,1,20.907,12.807,0,0
1.2419,0.28844,1.3725,1.1052,1,20.98,12.88,0,0
1.2423,0.28801,1.373,1.1052,1,21.053,12.953,0,0
1.2428,0.28758,1.3736,1.1053,1,21.126,13.026,0,0
1.2432,0.28716,1.3741,1.1053,1,21.199,13.099,0,0
1.2435,0.28668,1.3745,1.1054,1,21.272,13.172,0,0
1.2438,0.28619,1.3749,1.1054,1,21.345,13.245,0,0
1.2441,0.28571,1.3752,1.1055,1,21.418,13.318,0,0
1.2443,0.28522,1.3756,1.1055,1,21.491,13.391,0,0
1.2447,0.28447,1.3761,1.1056,1,21.564,13.464,0,0
1.2451,0.28328,1.3768,1.1058,1,21.638,13.538,0,0
1.2456,0.28208,1.3775,1.1059,1,21.711,13.611,0,0
1.246,0.28088,1.3782,1.1061,1,21.784,13.684,0,0
1.2465,0.27969,1.3789,1.1062,1,21.857,13.757,0,0
1.2476,0.27672,1.3809,1.1068,1,21.93,13.83,0,0
1.2488,0.27364,1.383,1.1074,1,22.003,13.903,0,0
1.2499,0.26947,1.386,1.1089,1,22.076,13.976,0,0
1.2498,0.26435,1.3864,1.1093,1,22.149,14.049,0,0
1.2554,0.26193,1.3913,1.1082,1,22.222,14.122,0,0
1.2666,0.26217,1.4014,1.1066,1,22.295,14.195,0,0
1.2779,0.26241,1.4116,1.1049,1,22.369,14.269,0,0
1.2891,0.26265,1.4218,1.1033,1,22.442,14.342,0,0
1.3003,0.26289,1.432,1.1016,1,22.515,14.415,0,0
1.3115,0.26313,1.4422,1.0999,1,22.588,14.488,0,0
1.3227,0.26337,1.4524,1.0983,1,22.661,14.561,0,0
1.3339,0.26361,1.4626,1.0966,1,22.734,14.634,0,0
1.3451,0.26385,1.4728,1.0949,1,22.807,14.707,0,0
1.3574,0.26467,1.486,1.0947,1,22.88,14.78,0,0
1.3704,0.26582,1.501,1.0953,1,22.953,14.853,0,0
1.3833,0.26697,1.516,1.0958,1,23.027,14.926,0,0
1.3963,0.26812,1.531,1.0964,1,23.1,15,0,0
1.4092,0.26927,1.546,1.0969,1,23.173,15.073,0,0
1.4221,0.27042,1.5609,1.0975,1,23.246,15.146,0,0
1.4351,0.27156,1.5759,1.0981,1,23.319,15.219,0,0
1.448,0.27271,1.5909,1.0986,1,23.392,15.292,0,0
1.461,0.27386,1.6059,1.0992,1,23.465,15.365,0,0
1.467,0.27696,1.6129,1.0995,1,23.538,15.438,0,0
1.4699,0.28093,1.6164,1.0996,1,23.611,15.511,0,0
1.4729,0.2849,1.6198,1.0997,1,23.684,15.584,0,0
1.4759,0.28886,1.6233,1.0999,1,23.757,15.657,0,0
1.4788,0.29283,1.6268,1.1,1,23.831,15.731,0,0
1.4818,0.29679,1.6302,1.1002,1,23.904,15.804,0,0
1.4848,0.30076,1.6337,1.1003,1,23.977,15.877,0,0
1.4877,0.30473,1.6372,1.1004,1,24.05,15.95,0,0
1.4907,0.30869,1.6406,1.1006,1,24.123,16.023,0,0
1.4893,0.31505,1.638,1.0998,1,24.196,16.096,0,0
1.4859,0.32252,1.6325,1.0987,1,24.269,16.169,0,0
1.4824,0.33,1.627,1.0975,1,24.342,16.242,0,0
1.479,0.33747,1.6215,1.0963,1,24.415,16.315,0,0
1.4756,0.34495,1.616,1.0951,1,24.489,16.389,0,0
1.4721,0.35242,1.6105,1.0939,1,24.562,16.462,0,0
1.4687,0.35989,1.605,1.0927,1,24.635,16.535,0,0
1.4653,0.36737,1.5995,1.0916,1,24.708,16.608,0,0
1.4618,0.37484,1.594,1.0904,1,24.781,16.681,0,0
1.4576,0.38347,1.5873,1.0889,1,24.854,16.754,0,0
1.4529,0.39285,1.5798,1.0873,1,24.927,16.827,0,0
1.4482,0.40223,1.5723,1.0856,1,25,16.9,0,0
1.4435,0.4116,1.5648,1.0839,1,25.073,16.973,0,0
1.4388,0.42098,1.5573,1.0823,1,25.146,17.046,0,0
1.4341,0.43035,1.5499,1.0806,1,25.219,17.119,0,0
1.4294,0.43973,1.5424,1.079,1,25.293,17.193,0,0
1.4247,0.4491,1.5349,1.0773,1,25.366,17.266,0,0
1.42,0.45848,1.5274,1.0757,1,25.439,17.339,0,0
1.415,0.46866,1.5193,1.0737,1,25.512,17.412,0,0
1.4097,0.47974,1.5105,1.0714,1,25.585,17.485,0,0
1.4044,0.49082,1.5017,1.0691,1,25.658,17.558,0,0
1.3992,0.50189,1.4929,1.0668,1,25.731,17.631,0,0
1.3939,0.51297,1.484,1.0645,1,25.804,17.704,0,0
1.3886,0.52405,1.4752,1.0622,1,25.877,17.777,0,0
1.3833,0.53512,1.4664,1.0599,1,25.951,17.851,0,0
1.3781,0.5462,1.4576,1.0576,1,26.024,17.924,0,0
1.3728,0.55728,1.4488,1.0553,1,26.097,17.997,0,0
1.3672,0.5687,1.4395,1.0528,1,26.17,18.07,0,0
1.3608,0.58103,1.4289,1.0499,1,26.243,18.143,0,0
1.3545,0.59335,1.4183,1.0469,1,26.316,18.216,0,0
1.3481,0.60568,1.4078,1.044,1,26.389,18.289,0,0
1.3418,0.618,1.3972,1.041,1,26.462,18.362,0,0
1.3354,0.63033,1.3866,1.0381,1,26.535,18.435,0,0
1.329,0.64265,1.3761,1.0351,1,26.608,18.508,0,0
1.3227,0.65498,1.3655,1.0322,1,26.681,18.581,0,0
1.3163,0.6673,1.3549,1.0292,1,26.755,18.655,0,0
1.3099,0.67965,1.3443,1.0263,1,26.828,18.728,0,0
1.3022,0.69263,1.3321,1.0228,1,26.901,18.801,0,0
1.2945,0.70562,1.32,1.0193,1,26.974,18.874,0,0
1.2869,0.71861,1.3078,1.0159,1,27.047,18.947,0,0
1.2792,0.7316,1.2956,1.0124,1,27.12,19.02,0,0
1.2715,0.74459,1.2834,1.0089,1,27.193,19.093,0,0
1.2638,0.75758,1.2712,1.0054,1,27.266,19.166,0,0
1.2561,0.77057,1.259,1.002,1,27.339,19.239,0,0
1.2484,0.78356,1.2468,0.9985,1,27.413,19.312,0,0
1.2407,0.79655,1.2347,0.99503,1,27.486,19.386,0,0
1.2324,0.80958,1.222,0.99136,1,27.559,19.459,0,0
1.2238,0.82263,1.209,0.98761,1,27.632,19.532,0,0
1.2152,0.83568,1.1961,0.98386,1,27.705,19.605,0,0
1.2065,0.84873,1.1832,0.98011,1,27.778,19.678,0,0
1.1979,0.86178,1.1703,0.97636,1,27.851,19.751,0,0
1.1893,0.87483,1.1574,0.97261,1,27.924,19.824,0,0
1.1807,0.88787,1.1445,0.96886,1,27.997,19.897,0,0
1.172,0.90092,1.1316,0.96511,1,28.07,19.97,0,0
1.1634,0.91397,1.1187,0.96137,1,28.143,20.043,0,0
1.1547,0.9269,1.1058,0.9576,1,28.217,20.117,0,0
1.1458,0.93958,1.0932,0.95382,1,28.29,20.19,0,0
1.1368,0.95226,1.0806,0.95003,1,28.363,20.263,0,0
1.1279,0.96494,1.068,0.94625,1,28.436,20.336,0,0
1.119,0.97762,1.0553,0.94246,1,28.509,20.409,0,0
1.11,0.9903,1.0427,0.93868,1,28.582,20.482,0,0
1.1011,1.003,1.0301,0.93489,1,28.655,20.555,0,0
1.0922,1.0157,1.0174,0.93111,1,28.728,20.628,0,0
1.0832,1.0283,1.0048,0.92732,1,28.801,20.701,0,0
1.0743,1.041,0.99218,0.92354,1,28.875,20.774,0,0
1.0656,1.0532,0.98035,0.91981,1,28.948,20.848,0,0
1.0569,1.0653,0.96864,0.91609,1,29.021,20.921,0,0
1.0482,1.0773,0.95693,0.91236,1,29.094,20.994,0,0
1.0395,1.0894,0.94521,0.90864,1,29.167,21.067,0,0
1.0308,1.1015,0.9335,0.90492,1,29.24,21.14,0,0
1.0221,1.1136,0.92178,0.9012,1,29.313,21.213,0,0
1.0134,1.1256,0.91007,0.89748,1,29.386,21.286,0,0
1.0047,1.1377,0.89836,0.89376,1,29.459,21.359,0,0
0.99598,1.1498,0.88664,0.89004,1,29.532,21.432,0,0
0.98752,1.1616,0.87542,0.88638,1,29.605,21.505,0,0
0.97948,1.1728,0.86505,0.88284,1,29.679,21.579,0,0
0.97144,1.1841,0.85468,0.8793,1,29.752,21.652,0,0
0.9634,1.1953,0.84431,0.87576,1,29.825,21.725,0,0
0.95536,1.2066,0.83393,0.87222,1,29.898,21.798,0,0
0.94732,1.2178,0.82356,0.86868,1,29.971,21.871,0,0
0.93928,1.229,0.81319,0.86515,1,30.044,21.944,0,0
0.93123,1.2403,0.80282,0.86161,1,30.117,22.017,0,0
0.92319,1.2515,0.79245,0.85807,1,30.19,22.09,0,0
0.91515,1.2628,0.78208,0.85453,1,30.263,22.163,0,0
0.90791,1.2731,0.77305,0.85129,1,30.337,22.236,0,0
0.90089,1.2832,0.76438,0.84813,1,30.41,22.31,0,0
0.89386,1.2932,0.75571,0.84497,1,30.483,22.383,0,0
0.88684,1.3033,0.74704,0.84181,1,30.556,22.456,0,0
0.87981,1.3134,0.73837,0.83865,1,30.629,22.529,0,0
0.87279,1.3234,0.72971,0.8355,1,30.702,22.602,0,0
0.86576,1.3335,0.72104,0.83234,1,30.775,22.675,0,0
0.85874,1.3436,0.71237,0.82918,1,30.848,22.748,0,0
0.85171,1.3536,0.7037,0.82602,1,30.921,22.821,0,0
0.84491,1.3634,0.69533,0.82294,1,30.994,22.894,0,0
0.83938,1.3717,0.68872,0.82034,1,31.068,22.968,0,0
0.83386,1.38,0.68211,0.81773,1,31.141,23.041,0,0
0.82833,1.3883,0.67549,0.81513,1,31.214,23.114,0,0
0.82281,1.3966,0.66888,0.81253,1,31.287,23.187,0,0
0.81728,1.4049,0.66227,0.80992,1,31.36,23.26,0,0
0.81176,1.4132,0.65566,0.80732,1,31.433,23.333,0,0
0.80623,1.4215,0.64905,0.80472,1,31.506,23.406,0,0
0.80071,1.4297,0.64244,0.80211,1,31.579,23.479,0,0
0.79518,1.438,0.63583,0.79951,1,31.652,23.552,0,0
0.79078,1.4454,0.63042,0.79718,1,31.725,23.625,0,0
0.78785,1.4515,0.62658,0.79522,1,31.799,23.698,0,0
0.78492,1.4576,0.62274,0.79325,1,31.872,23.772,0,0
0.78199,1.4638,0.61891,0.79129,1,31.945,23.845,0,0
0.77906,1.4699,0.61507,0.78932,1,32.018,23.918,0,0
0.77613,1.476,0.61123,0.78736,1,32.091,23.991,0,0
0.7732,1.4822,0.60739,0.78539,1,32.164,24.064,0,0
0.77028,1.4883,0.60355,0.78343,1,32.237,24.137,0,0
0.76735,1.4944,0.59972,0.78146,1,32.31,24.21,0,0
0.76442,1.5005,0.59588,0.7795,1,32.383,24.283,0,0
0.76307,1.5055,0.59361,0.77791,1,32.456,24.356,0,0
0.76255,1.5098,0.59215,0.77653,1,32.53,24.43,0,0
0.76203,1.5141,0.59069,0.77514,1,32.603,24.503,0,0
0.76151,1.5184,0.58923,0.77375,1,32.676,24.576,0,0
0.76099,1.5228,0.58778,0.77236,1,32.749,24.649,0,0
0.76047,1.5271,0.58632,0.77098,1,32.822,24.722,0,0
0.75995,1.5314,0.58486,0.76959,1,32.895,24.795,0,0
0.75943,1.5357,0.58341,0.7682,1,32.968,24.868,0,0
0.7589,1.54,0.58195,0.76682,1,33.041,24.941,0,0
0.75838,1.5444,0.58049,0.76543,1,33.114,25.014,0,0
0.75836,1.5476,0.5796,0.76428,1,33.187,25.087,0,0
0.75844,1.5507,0.57883,0.76318,1,33.26,25.16,0,0
0.75853,1.5538,0.57806,0.76209,1,33.334,25.234,0,0
0.75861,1.5568,0.5773,0.76099,1,33.407,25.307,0,0
0.7587,1.5599,0.57653,0.7599,1,33.48,25.38,0,0
0.75879,1.563,0.57577,0.7588,1,33.553,25.453,0,0
0.75887,1.566,0.575,0.7577,1,33.626,25.526,0,0
0.75896,1.5691,0.57423,0.75661,1,33.699,25.599,0,0
0.75904,1.5722,0.57347,0.75551,1,33.772,25.672,0,0
0.75913,1.5752,0.5727,0.75442,1,33.845,25.745,0,0
0.76029,1.5772,0.57275,0.75335,1,33.918,25.818,0,0
0.76157,1.5791,0.57289,0.75228,1,33.992,25.892,0,0
0.76284,1.5809,0.57303,0.75122,1,34.065,25.965,0,0
0.76412,1.5828,0.57317,0.75015,1,34.138,26.038,0,0
0.76539,1.5846,0.57331,0.74909,1,34.211,26.111,0,0
0.76667,1.5865,0.57345,0.74802,1,34.284,26.184,0,0
0.76794,1.5883,0.57359,0.74696,1,34.357,26.257,0,0
0.76922,1.5902,0.57373,0.7459,1,34.43,26.33,0,0
0.77049,1.592,0.57387,0.74483,1,34.503,26.403,0,0
0.77177,1.5939,0.57401,0.74377,1,34.576,26.476,0,0
0.7761,1.5893,0.57841,0.7452,1,34.649,26.549,0,0
0.78066,1.5843,0.58313,0.74682,1,34.722,26.622,0,0
0.78522,1.5793,0.58785,0.74845,1,34.796,26.696,0,0
0.78979,1.5742,0.59257,0.75007,1,34.869,26.769,0,0
0.79435,1.5692,0.59729,0.75169,1,34.942,26.842,0,0
0.79891,1.5642,0.60201,0.75332,1,35.015,26.915,0,0
0.80347,1.5591,0.60674,0.75494,1,35.088,26.988,0,0
0.80804,1.5541,0.61146,0.75657,1,35.161,27.061,0,0
0.8126,1.5491,0.61618,0.75819,1,35.234,27.134,0,0
0.81716,1.544,0.6209,0.75981,1,35.307,27.207,0,0
0.82599,1.5349,0.63021,0.76269,1,35.38,27.28,0,0
0.83538,1.5252,0.64012,0.76573,1,35.453,27.354,0,0
0.84477,1.5155,0.65002,0.76876,1,35.527,27.427,0,0
0.85416,1.5059,0.65993,0.7718,1,35.6,27.5,0,0
0.86355,1.4962,0.66984,0.77484,1,35.673,27.573,0,0
0.87294,1.4865,0.67975,0.77788,1,35.746,27.646,0,0
0.88233,1.4768,0.68965,0.78091,1,35.819,27.719,0,0
0.89171,1.4672,0.69956,0.78395,1,35.892,27.792,0,0
0.9011,1.4575,0.70947,0.78699,1,35.965,27.865,0,0
0.91049,1.4478,0.71938,0.79003,1,36.038,27.938,0,0
0.92362,1.4355,0.73378,0.79399,1,36.111,28.011,0,0
0.93785,1.4225,0.74952,0.79823,1,36.185,28.084,0,0
0.95208,1.4094,0.76526,0.80248,1,36.258,28.158,0,0
0.9663,1.3964,0.78099,0.80672,1,36.331,28.231,0,0
0.98053,1.3833,0.79673,0.81096,1,36.404,28.304,0,0
0.99476,1.3703,0.81247,0.8152,1,36.477,28.377,0,0
1.009,1.3572,0.82821,0.81944,1,36.55,28.45,0,0
1.0232,1.3442,0.84394,0.82368,1,36.623,28.523,0,0
1.0375,1.3311,0.85968,0.82793,1,36.696,28.596,0,0
1.0517,1.3181,0.87542,0.83217,1,36.769,28.669,0,0
1.0669,1.3061,0.89233,0.83607,1,36.842,28.742,0,0
1.0828,1.2948,0.91007,0.83975,1,36.916,28.816,0,0
1.0987,1.2836,0.9278,0.84342,1,36.989,28.889,0,0
1.1146,1.2723,0.94553,0.84709,1,37.062,28.962,0,0
1.1305,1.2611,0.96327,0.85076,1,37.135,29.035,0,0
1.1463,1.2498,0.981,0.85444,1,37.208,29.108,0,0
1.1622,1.2386,0.99873,0.85811,1,37.281,29.181,0,0
1.1781,1.2273,1.0165,0.86178,1,37.354,29.254,0,0
1.194,1.2161,1.0342,0.86545,1,37.427,29.327,0,0
1.2099,1.2048,1.0519,0.86912,1,37.5,29.4,0,0
1.2254,1.1956,1.0688,0.87213,1,37.573,29.473,0,0
1.24,1.1904,1.0838,0.87383,1,37.646,29.546,0,0
1.2546,1.1851,1.0989,0.87553,1,37.72,29.62,0,0
1.2692,1.1799,1.1139,0.87723,1,37.793,29.693,0,0
1.2838,1.1746,1.129,0.87893,1,37.866,29.766,0,0
1.2984,1.1694,1.1441,0.88063,1,37.939,29.839,0,0
1.313,1.1641,1.1591,0.88233,1,38.012,29.912,0,0
1.3276,1.1589,1.1742,0.88403,1,38.085,29.985,0,0
1.3422,1.1536,1.1893,0.88573,1,38.158,30.058,0,0
1.3568,1.1484,1.2043,0.88744,1,38.231,30.131,0,0
1.3714,1.1432,1.2193,0.88911,1,38.304,30.204,0,0
1.384,1.1422,1.231,0.88942,1,38.378,30.278,0,0
1.3966,1.1413,1.2427,0.88974,1,38.451,30.351,0,0
1.4092,1.1403,1.2543,0.89005,1,38.524,30.424,0,0
1.4218,1.1393,1.266,0.89036,1,38.597,30.497,0,0
1.4343,1.1384,1.2776,0.89068,1,38.67,30.57,0,0
1.4469,1.1374,1.2893,0.89099,1,38.743,30.643,0,0
1.4595,1.1364,1.301,0.8913,1,38.816,30.716,0,0
1.4721,1.1355,1.3126,0.89162,1,38.889,30.789,0,0
1.4847,1.1345,1.3243,0.89193,1,38.962,30.862,0,0
1.4973,1.1335,1.336,0.89225,1,39.035,30.935,0,0
1.508,1.1331,1.3458,0.89241,1,39.108,31.008,0,0
1.5176,1.1331,1.3545,0.89248,1,39.182,31.082,0,0
1.5272,1.133,1.3632,0.89255,1,39.255,31.155,0,0
1.5369,1.133,1.3719,0.89262,1,39.328,31.228,0,0
1.5465,1.1329,1.3806,0.89269,1,39.401,31.301,0,0
1.5561,1.1329,1.3893,0.89277,1,39.474,31.374,0,0
1.5657,1.1328,1.3979,0.89284,1,39.547,31.447,0,0
1.5753,1.1328,1.4066,0.89291,1,39.62,31.52,0,0
1.585,1.1327,1.4153,0.89298,1,39.693,31.593,0,0
1.5946,1.1327,1.424,0.89305,1,39.766,31.666,0,0
1.6033,1.1326,1.432,0.89317,1,39.84,31.74,0,0
1.6077,1.1327,1.4366,0.89353,1,39.913,31.813,0,0
1.6121,1.1328,1.4411,0.89388,1,39.986,31.886,0,0
1.6165,1.1329,1.4456,0.89423,1,40.059,31.959,0,0
1.6209,1.133,1.4501,0.89459,1,40.132,32.032,0,0
1.6253,1.1331,1.4546,0.89494,1,40.205,32.105,0,0
1.6297,1.1332,1.4591,0.89529,1,40.278,32.178,0,0
1.6341,1.1333,1.4636,0.89565,1,40.351,32.251,0,0
1.6385,1.1334,1.4681,0.896,1,40.424,32.324,0,0
1.6429,1.1334,1.4726,0.89636,1,40.497,32.397,0,0
1.6473,1.1335,1.4771,0.89671,1,40.571,32.471,0,0
1.6476,1.1346,1.4774,0.89665,1,40.644,32.544,0,0
1.6457,1.1363,1.4751,0.89634,1,40.717,32.617,0,0
1.6437,1.138,1.4728,0.89604,1,40.79,32.69,0,0
1.6418,1.1396,1.4706,0.89573,1,40.863,32.763,0,0
1.6398,1.1413,1.4683,0.89542,1,40.936,32.836,0,0
1.6379,1.143,1.4661,0.89512,1,41.009,32.909,0,0
1.6359,1.1447,1.4638,0.89481,1,41.082,32.982,0,0
1.6339,1.1463,1.4616,0.89451,1,41.155,33.055,0,0
1.632,1.148,1.4593,0.8942,1,41.228,33.128,0,0
1.63,1.1497,1.4571,0.8939,1,41.301,33.201,0,0
1.6279,1.1514,1.4547,0.89356,1,41.375,33.275,0,0
1.6215,1.1556,1.4467,0.89212,1,41.448,33.348,0,0
1.615,1.1597,1.4386,0.89068,1,41.521,33.421,0,0
1.6086,1.1639,1.4306,0.88923,1,41.594,33.494,0,0
1.6021,1.168,1.4226,0.88779,1,41.667,33.567,0,0
1.5956,1.1722,1.4146,0.88635,1,41.74,33.64,0,0
1.5892,1.1763,1.4065,0.8849,1,41.813,33.713,0,0
1.5827,1.1805,1.3985,0.88346,1,41.886,33.786,0,0
1.5763,1.1846,1.3905,0.88202,1,41.959,33.859,0,0
1.5698,1.1888,1.3825,0.88058,1,42.033,33.932,0,0
1.5633,1.1929,1.3744,0.87913,1,42.106,34.006,0,0
1.5563,1.1975,1.3658,0.87755,1,42.179,34.079,0,0
1.5483,1.203,1.3561,0.87571,1,42.252,34.152,0,0
1.5403,1.2084,1.3463,0.87388,1,42.325,34.225,0,0
1.5322,1.2138,1.3365,0.87204,1,42.398,34.298,0,0
1.5242,1.2193,1.3268,0.8702,1,42.471,34.371,0,0
1.5162,1.2247,1.317,0.86836,1,42.544,34.444,0,0
1.5082,1.2302,1.3073,0.86652,1,42.617,34.517,0,0
1.5001,1.2356,1.2975,0.86469,1,42.69,34.59,0,0
1.4921,1.2411,1.2878,0.86285,1,42.764,34.664,0,0
1.4841,1.2465,1.278,0.86101,1,42.837,34.737,0,0
1.4761,1.252,1.2683,0.85917,1,42.91,34.81,0,0
1.4678,1.2579,1.2583,0.85718,1,42.983,34.883,0,0
1.4594,1.2642,1.2482,0.85509,1,43.056,34.956,0,0
1.451,1.2705,1.238,0.853,1,43.129,35.029,0,0
1.4425,1.2768,1.2279,0.85091,1,43.202,35.102,0,0
1.4341,1.2831,1.2178,0.84881,1,43.275,35.175,0,0
1.4257,1.2894,1.2077,0.84672,1,43.348,35.248,0,0
1.4173,1.2957,1.1976,0.84463,1,43.421,35.321,0,0
1.4089,1.302,1.1875,0.84254,1,43.494,35.395,0,0
1.4004,1.3083,1.1773,0.84045,1,43.568,35.468,0,0
1.392,1.3146,1.1672,0.83835,1,43.641,35.541,0,0
1.3836,1.3209,1.1571,0.83626,1,43.714,35.614,0,0
1.3752,1.3277,1.1471,0.83404,1,43.787,35.687,0,0
1.3668,1.3346,1.1372,0.83179,1,43.86,35.76,0,0
1.3584,1.3415,1.1273,0.82953,1,43.933,35.833,0,0
1.35,1.3484,1.1174,0.82728,1,44.006,35.906,0,0
1.3416,1.3553,1.1074,0.82502,1,44.079,35.979,0,0
1.3332,1.3622,1.0975,0.82277,1,44.152,36.052,0,0
1.3249,1.3691,1.0876,0.82051,1,44.226,36.125,0,0
1.3165,1.376,1.0777,0.81826,1,44.299,36.199,0,0
1.3081,1.3829,1.0677,0.816,1,44.372,36.272,0,0
1.2997,1.3898,1.0578,0.81375,1,44.445,36.345,0,0
1.2913,1.3967,1.0479,0.81149,1,44.518,36.418,0,0
1.2831,1.4038,1.0384,0.80918,1,44.591,36.491,0,0
1.275,1.411,1.0291,0.80687,1,44.664,36.564,0,0
1.2668,1.4181,1.0197,0.80455,1,44.737,36.637,0,0
1.2587,1.4253,1.0103,0.80223,1,44.81,36.71,0,0
1.2506,1.4324,1.0009,0.79992,1,44.883,36.783,0,0
1.2424,1.4396,0.99152,0.7976,1,44.956,36.856,0,0
1.2343,1.4468,0.98214,0.79529,1,45.03,36.93,0,0
1.2262,1.4539,0.97276,0.79297,1,45.103,37.003,0,0
1.218,1.4611,0.96338,0.79065,1,45.176,37.076,0,0
1.2099,1.4683,0.95399,0.78834,1,45.249,37.149,0,0
1.2017,1.4754,0.94461,0.78602,1,45.322,37.222,0,0
1.1942,1.4825,0.93607,0.78374,1,45.395,37.295,0,0
1.1866,1.4897,0.92762,0.78147,1,45.468,37.368,0,0
1.1791,1.4968,0.91917,0.7792,1,45.541,37.441,0,0
1.1716,1.5039,0.91072,0.77693,1,45.614,37.514,0,0
1.1641,1.511,0.90227,0.77466,1,45.688,37.588,0,0
1.1565,1.5181,0.89382,0.77239,1,45.761,37.661,0,0
1.149,1.5252,0.88537,0.77011,1,45.834,37.734,0,0
1.1415,1.5323,0.87692,0.76784,1,45.907,37.807,0,0
1.134,1.5394,0.86847,0.76557,1,45.98,37.88,0,0
1.1265,1.5465,0.86002,0.7633,1,46.053,37.953,0,0
1.1189,1.5536,0.85157,0.76103,1,46.126,38.026,0,0
1.1122,1.5604,0.84419,0.75888,1,46.199,38.099,0,0
1.1057,1.5671,0.83699,0.75676,1,46.272,38.172,0,0
1.0992,1.5738,0.82979,0.75464,1,46.345,38.245,0,0
1.0926,1.5805,0.8226,0.75252,1,46.419,38.319,0,0
1.0861,1.5872,0.8154,0.7504,1,46.492,38.392,0,0
1.0795,1.594,0.8082,0.74827,1,46.565,38.465,0,0
1.073,1.6007,0.80101,0.74615,1,46.638,38.538,0,0
1.0664,1.6074,0.79381,0.74403,1,46.711,38.611,0,0
1.0599,1.6141,0.78661,0.74191,1,46.784,38.684,0,0
1.0533,1.6208,0.77941,0.73979,1,46.857,38.757,0,0
1.0468,1.6275,0.77222,0.73766,1,46.93,38.83,0,0
1.0412,1.6335,0.7662,0.7358,1,47.003,38.903,0,0
1.036,1.6392,0.76063,0.73403,1,47.076,38.976,0,0
1.0308,1.6449,0.75506,0.73226,1,47.149,39.049,0,0
1.0257,1.6506,0.74949,0.73049,1,47.223,39.123,0,0
1.0205,1.6563,0.74391,0.72872,1,47.296,39.196,0,0
1.0153,1.6619,0.73834,0.72695,1,47.369,39.269,0,0
1.0101,1.6676,0.73277,0.72518,1,47.442,39.342,0,0
1.0049,1.6733,0.72719,0.72341,1,47.515,39.415,0,0
0.9997,1.679,0.72162,0.72164,1,47.588,39.488,0,0
0.99451,1.6847,0.71605,0.71987,1,47.661,39.561,0,0
0.98932,1.6904,0.71048,0.7181,1,47.734,39.634,0,0
0.98534,1.6951,0.70615,0.71664,1,47.807,39.707,0,0
0.98241,1.6989,0.70292,0.71545,1,47.881,39.78,0,0
0.97949,1.7027,0.69968,0.71426,1,47.954,39.854,0,0
0.97656,1.7065,0.69645,0.71307,1,48.027,39.927,0,0
0.97363,1.7103,0.69322,0.71188,1,48.1,40,0,0
0.97071,1.7142,0.68999,0.71069,1,48.173,40.073,0,0
0.96778,1.718,0.68676,0.70951,1,48.246,40.146,0,0
0.96486,1.7218,0.68352,0.70832,1,48.319,40.219,0,0
0.96193,1.7256,0.68029,0.70713,1,48.392,40.292,0,0
0.95901,1.7294,0.67706,0.70594,1,48.465,40.365,0,0
0.95608,1.7332,0.67383,0.70475,1,48.538,40.438,0,0
0.95382,1.7367,0.67118,0.70368,1,48.612,40.512,0,0
0.95342,1.7389,0.67019,0.70293,1,48.685,40.585,0,0
0.95303,1.7412,0.66921,0.70218,1,48.758,40.658,0,0
0.95264,1.7434,0.66822,0.70143,1,48.831,40.731,0,0
0.95225,1.7457,0.66724,0.70069,1,48.904,40.804,0,0
0.95186,1.7479,0.66625,0.69994,1,48.977,40.877,0,0
0.95147,1.7502,0.66527,0.69919,1,49.05,40.95,0,0
0.95108,1.7524,0.66428,0.69844,1,49.123,41.023,0,0
0.95069,1.7547,0.6633,0.6977,1,49.196,41.096,0,0
0.9503,1.7569,0.66231,0.69695,1,49.269,41.169,0,0
0.9499,1.7592,0.66133,0.6962,1,49.342,41.243,0,0
0.94951,1.7614,0.66034,0.69545,1,49.416,41.316,0,0
0.95011,1.7628,0.66011,0.69478,1,49.489,41.389,0,0
0.9508,1.7642,0.65995,0.69411,1,49.562,41.462,0,0
0.95149,1.7655,0.65979,0.69345,1,49.635,41.535,0,0
0.95218,1.7668,0.65964,0.69278,1,49.708,41.608,0,0
0.95287,1.7682,0.65948,0.69212,1,49.781,41.681,0,0
0.95355,1.7695,0.65932,0.69145,1,49.854,41.754,0,0
0.95424,1.7708,0.65916,0.69078,1,49.927,41.827,0,0
0.95493,1.7722,0.659,0.69012,1,50,41.9,0,0
0.95562,1.7735,0.65885,0.68945,1,50.074,41.973,0,0
0.95631,1.7748,0.65869,0.68879,1,50.147,42.047,0,0
0.957,1.7762,0.65853,0.68812,1,50.22,42.12,0,0
0.95869,1.7753,0.65985,0.68827,1,50.293,42.193,0,0
0.96144,1.7722,0.66277,0.6893,1,50.366,42.266,0,0
0.9642,1.769,0.66568,0.69033,1,50.439,42.339,0,0
0.96696,1.7658,0.66859,0.69136,1,50.512,42.412,0,0
0.96971,1.7626,0.67151,0.69239,1,50.585,42.485,0,0
0.97247,1.7594,0.67442,0.69342,1,50.658,42.558,0,0
0.97522,1.7563,0.67733,0.69445,1,50.731,42.631,0,0
0.97798,1.7531,0.68024,0.69547,1,50.804,42.704,0,0
0.98073,1.7499,0.68316,0.6965,1,50.878,42.778,0,0
0.98349,1.7467,0.68607,0.69753,1,50.951,42.851,0,0
0.98624,1.7435,0.68898,0.69856,1,51.024,42.924,0,0
0.989,1.7404,0.6919,0.69959,1,51.097,42.997,0,0
0.99501,1.7346,0.69789,0.70128,1,51.17,43.07,0,0
1.0011,1.7288,0.70398,0.70299,1,51.243,43.143,0,0
1.0072,1.723,0.71007,0.70471,1,51.316,43.216,0,0
1.0133,1.7172,0.71615,0.70642,1,51.389,43.289,0,0
1.0194,1.7114,0.72224,0.70813,1,51.462,43.362,0,0
1.0255,1.7055,0.72832,0.70984,1,51.535,43.436,0,0
1.0316,1.6997,0.73441,0.71155,1,51.609,43.509,0,0
1.0378,1.6939,0.74049,0.71326,1,51.682,43.582,0,0
1.0439,1.6881,0.74658,0.71498,1,51.755,43.655,0,0
1.05,1.6823,0.75267,0.71669,1,51.828,43.728,0,0
1.0561,1.6765,0.75875,0.7184,1,51.901,43.801,0,0
1.0639,1.6693,0.76671,0.72055,1,51.974,43.874,0,0
1.0744,1.66,0.77767,0.72339,1,52.047,43.947,0,0
1.085,1.6507,0.78862,0.72624,1,52.12,44.02,0,0
1.0955,1.6414,0.79958,0.72908,1,52.193,44.093,0,0
1.1061,1.6321,0.81054,0.73193,1,52.267,44.167,0,0
1.1166,1.6228,0.82149,0.73477,1,52.34,44.24,0,0
1.1272,1.6135,0.83245,0.73762,1,52.413,44.313,0,0
1.1377,1.6042,0.8434,0.74046,1,52.486,44.386,0,0
1.1483,1.5949,0.85436,0.7433,1,52.559,44.459,0,0
1.1588,1.5856,0.86531,0.74615,1,52.632,44.532,0,0
1.1694,1.5763,0.87627,0.74899,1,52.705,44.605,0,0
1.1799,1.567,0.88722,0.75184,1,52.778,44.678,0,0
1.1931,1.5563,0.90151,0.75525,1,52.851,44.751,0,0
1.2073,1.545,0.91708,0.75887,1,52.924,44.824,0,0
1.2215,1.5336,0.93266,0.7625,1,52.997,44.897,0,0
1.2357,1.5223,0.94824,0.76612,1,53.071,44.971,0,0
1.2499,1.511,0.96381,0.76975,1,53.144,45.044,0,0
1.2641,1.4996,0.97939,0.77337,1,53.217,45.117,0,0
1.2783,1.4883,0.99496,0.777,1,53.29,45.19,0,0
1.2925,1.477,1.0105,0.78062,1,53.363,45.263,0,0
1.3067,1.4656,1.0261,0.78425,1,53.436,45.336,0,0
1.3209,1.4543,1.0417,0.78787,1,53.509,45.409,0,0
1.3351,1.443,1.0573,0.7915,1,53.582,45.482,0,0
1.3493,1.4317,1.0728,0.79512,1,53.655,45.555,0,0
1.3626,1.4231,1.0876,0.7979,1,53.729,45.628,0,0
1.3759,1.4147,1.1023,0.80065,1,53.802,45.702,0,0
1.3892,1.4063,1.117,0.80341,1,53.875,45.775,0,0
1.4025,1.3978,1.1318,0.80616,1,53.948,45.848,0,0
1.4158,1.3894,1.1465,0.80892,1,54.021,45.921,0,0
1.4291,1.3809,1.1612,0.81167,1,54.094,45.994,0,0
1.4424,1.3725,1.1759,0.81443,1,54.167,46.067,0,0
1.4556,1.3641,1.1907,0.81718,1,54.24,46.14,0,0
1.4689,1.3556,1.2054,0.81994,1,54.313,46.213,0,0
1.4822,1.3472,1.2201,0.82269,1,54.386,46.286,0,0
1.4955,1.3387,1.2348,0.82545,1,54.46,46.36,0,0
1.5081,1.3312,1.2486,0.82791,1,54.533,46.433,0,0
1.5169,1.3287,1.2573,0.8288,1,54.606,46.506,0,0
1.5256,1.3262,1.266,0.82968,1,54.679,46.579,0,0
1.5344,1.3237,1.2746,0.83056,1,54.752,46.652,0,0
1.5432,1.3212,1.2833,0.83145,1,54.825,46.725,0,0
1.5519,1.3187,1.292,0.83233,1,54.898,46.798,0,0
1.5607,1.3163,1.3007,0.83322,1,54.971,46.871,0,0
1.5694,1.3138,1.3093,0.8341,1,55.044,46.944,0,0
1.5782,1.3113,1.318,0.83499,1,55.117,47.017,0,0
1.587,1.3088,1.3267,0.83587,1,55.19,47.09,0,0
1.5957,1.3063,1.3354,0.83675,1,55.264,47.164,0,0
1.6045,1.3038,1.344,0.83764,1,55.337,47.237,0,0
1.6118,1.3019,1.3513,0.83838,1,55.41,47.31,0,0
1.6149,1.3018,1.3544,0.83868,1,55.483,47.383,0,0
1.618,1.3017,1.3575,0.83899,1,55.556,47.456,0,0
1.621,1.3016,1.3606,0.8393,1,55.629,47.529,0,0
1.6241,1.3015,1.3637,0.83961,1,55.702,47.602,0,0
1.6272,1.3014,1.3668,0.83992,1,55.775,47.675,0,0
1.6303,1.3013,1.3699,0.84023,1,55.848,47.748,0,0
1.6334,1.3012,1.373,0.84054,1,55.922,47.821,0,0
1.6365,1.3011,1.3761,0.84085,1,55.995,47.895,0,0
1.6396,1.3011,1.3792,0.84116,1,56.068,47.968,0,0
1.6427,1.301,1.3823,0.84147,1,56.141,48.041,0,0
1.6458,1.3009,1.3854,0.84178,1,56.214,48.114,0,0
1.6476,1.3011,1.3872,0.84192,1,56.287,48.187,0,0
1.6461,1.3023,1.3854,0.84158,1,56.36,48.26,0,0
1.6446,1.3035,1.3835,0.84124,1,56.433,48.333,0,0
1.6431,1.3047,1.3817,0.8409,1,56.506,48.406,0,0
1.6416,1.306,1.3799,0.84056,1,56.579,48.479,0,0
1.6402,1.3072,1.3781,0.84022,1,56.653,48.553,0,0
1.6387,1.3084,1.3763,0.83989,1,56.726,48.626,0,0
1.6372,1.3096,1.3745,0.83955,1,56.799,48.699,0,0
1.6357,1.3108,1.3727,0.83921,1,56.872,48.772,0,0
1.6342,1.312,1.3709,0.83887,1,56.945,48.845,0,0
1.6327,1.3132,1.3691,0.83853,1,57.018,48.918,0,0
1.6312,1.3144,1.3673,0.83819,1,57.091,48.991,0,0
1.6291,1.316,1.3647,0.83771,1,57.164,49.064,0,0
1.6245,1.3192,1.3592,0.83668,1,57.237,49.137,0,0
1.6198,1.3224,1.3537,0.83564,1,57.31,49.21,0,0
1.6152,1.3255,1.3482,0.8346,1,57.383,49.284,0,0
1.6106,1.3287,1.3427,0.83356,1,57.457,49.357,0,0
1.6059,1.3319,1.3372,0.83253,1,57.53,49.43,0,0
1.6013,1.335,1.3316,0.83149,1,57.603,49.503,0,0
1.5967,1.3382,1.3261,0.83045,1,57.676,49.576,0,0
1.5921,1.3414,1.3206,0.82941,1,57.749,49.649,0,0
1.5874,1.3446,1.3151,0.82837,1,57.822,49.722,0,0
1.5828,1.3477,1.3096,0.82734,1,57.895,49.795,0,0
1.5782,1.3509,1.3041,0.8263,1,57.968,49.868,0,0
1.5734,1.3542,1.2984,0.82523,1,58.041,49.941,0,0
1.5661,1.3591,1.29,0.82362,1,58.115,50.014,0,0
1.5588,1.364,1.2816,0.82201,1,58.188,50.088,0,0
1.5516,1.369,1.2732,0.8204,1,58.261,50.161,0,0
1.5443,1.3739,1.2648,0.81878,1,58.334,50.234,0,0
1.537,1.3789,1.2564,0.81717,1,58.407,50.307,0,0
1.5297,1.3838,1.248,0.81556,1,58.48,50.38,0,0
1.5224,1.3888,1.2396,0.81394,1,58.553,50.453,0,0
1.5152,1.3937,1.2312,0.81233,1,58.626,50.526,0,0
1.5079,1.3987,1.2228,0.81072,1,58.699,50.599,0,0
1.5006,1.4036,1.2144,0.8091,1,58.772,50.672,0,0
1.4933,1.4086,1.206,0.80749,1,58.845,50.745,0,0
1.486,1.4135,1.1976,0.80588,1,58.919,50.819,0,0
1.4778,1.4194,1.1882,0.80398,1,58.992,50.892,0,0
1.4693,1.4255,1.1787,0.80201,1,59.065,50.965,0,0
1.4608,1.4316,1.1692,0.80004,1,59.138,51.038,0,0
1.4523,1.4376,1.1596,0.79808,1,59.211,51.111,0,0
1.4438,1.4437,1.1501,0.79611,1,59.284,51.184,0,0
1.4354,1.4498,1.1405,0.79414,1,59.357,51.257,0,0
1.4269,1.4559,1.131,0.79217,1,59.43,51.33,0,0
1.4184,1.4619,1.1214,0.79021,1,59.503,51.403,0,0
1.4099,1.468,1.1119,0.78824,1,59.576,51.477,0,0
1.4014,1.4741,1.1023,0.78627,1,59.65,51.55,0,0
1.393,1.4802,1.0928,0.78431,1,59.723,51.623,0,0
1.3845,1.4863,1.0832,0.78234,1,59.796,51.696,0,0
1.3761,1.4925,1.0739,0.78033,1,59.869,51.769,0,0
1.3678,1.4989,1.0649,0.77829,1,59.942,51.842,0,0
1.3596,1.5053,1.0558,0.77625,1,60.015,51.915,0,0
1.3513,1.5116,1.0467,0.7742,1,60.088,51.988,0,0
1.343,1.518,1.0376,0.77216,1,60.161,52.061,0,0
1.3348,1.5244,1.0286,0.77012,1,60.234,52.134,0,0
1.3265,1.5308,1.0195,0.76807,1,60.308,52.208,0,0
1.3182,1.5372,1.0104,0.76603,1,60.381,52.281,0,0
1.31,1.5436,1.0014,0.76399,1,60.454,52.354,0,0
1.3017,1.55,0.99229,0.76194,1,60.527,52.427,0,0
1.2934,1.5563,0.98322,0.7599,1,60.6,52.5,0,0
1.2852,1.5627,0.97415,0.75786,1,60.673,52.573,0,0
1.277,1.5691,0.96523,0.75583,1,60.746,52.646,0,0
1.2699,1.5751,0.95761,0.75394,1,60.819,52.719,0,0
1.2628,1.581,0.94999,0.75206,1,60.892,52.792,0,0
1.2557,1.587,0.94237,0.75017,1,60.965,52.865,0,0
1.2486,1.593,0.93475,0.74828,1,61.038,52.938,0,0
1.2415,1.599,0.92713,0.74639,1,61.112,53.012,0,0
1.2344,1.605,0.91951,0.74451,1,61.185,53.085,0,0
1.2273,1.611,0.9119,0.74262,1,61.258,53.158,0,0
1.2201,1.6169,0.90428,0.74073,1,61.331,53.231,0,0
1.213,1.6229,0.89666,0.73885,1,61.404,53.304,0,0
1.2059,1.6289,0.88904,0.73696,1,61.477,53.377,0,0
1.1988,1.6349,0.88142,0.73507,1,61.55,53.45,0,0
1.1917,1.6409,0.8738,0.73319,1,61.623,53.523,0,0
1.1856,1.6463,0.86732,0.7315,1,61.696,53.596,0,0
1.1801,1.6513,0.86155,0.72994,1,61.77,53.669,0,0
1.1746,1.6563,0.85578,0.72838,1,61.843,53.743,0,0
1.1691,1.6613,0.85001,0.72682,1,61.916,53.816,0,0
1.1636,1.6663,0.84424,0.72527,1,61.989,53.889,0,0
1.1581,1.6714,0.83847,0.72371,1,62.062,53.962,0,0
1.1526,1.6764,0.83271,0.72215,1,62.135,54.035,0,0
1.1471,1.6814,0.82694,0.72059,1,62.208,54.108,0,0
1.1416,1.6864,0.82117,0.71903,1,62.281,54.181,0,0
1.1361,1.6914,0.8154,0.71747,1,62.354,54.254,0,0
1.1307,1.6964,0.80963,0.71592,1,62.427,54.327,0,0
1.1252,1.7015,0.80386,0.71436,1,62.501,54.401,0,0
1.1198,1.7064,0.7982,0.71283,1,62.574,54.474,0,0
1.1164,1.7095,0.79473,0.71185,1,62.647,54.547,0,0
1.113,1.7126,0.79127,0.71088,1,62.72,54.62,0,0
1.1096,1.7158,0.7878,0.70991,1,62.793,54.693,0,0
1.1062,1.7189,0.78434,0.70894,1,62.866,54.766,0,0
1.1028,1.722,0.78087,0.70797,1,62.939,54.839,0,0
1.0994,1.7251,0.77741,0.707,1,63.012,54.912,0,0
1.096,1.7283,0.77394,0.70603,1,63.085,54.985,0,0
1.0926,1.7314,0.77047,0.70506,1,63.158,55.058,0,0
1.0892,1.7345,0.76701,0.70409,1,63.231,55.132,0,0
1.0858,1.7376,0.76354,0.70312,1,63.305,55.205,0,0
1.0824,1.7408,0.76008,0.70215,1,63.378,55.278,0,0
1.079,1.7439,0.75661,0.70118,1,63.451,55.351,0,0
1.0764,1.746,0.75403,0.70049,1,63.524,55.424,0,0
1.0751,1.7467,0.75279,0.70022,1,63.597,55.497,0,0
1.0737,1.7473,0.75155,0.69996,1,63.67,55.57,0,0
1.0723,1.748,0.75031,0.6997,1,63.743,55.643,0,0
1.0709,1.7486,0.74907,0.69944,1,63.816,55.716,0,0
1.0696,1.7493,0.74783,0.69918,1,63.889,55.789,0,0
1.0682,1.7499,0.74659,0.69892,1,63.963,55.862,0,0
1.0668,1.7506,0.74535,0.69866,1,64.036,55.936,0,0
1.0654,1.7512,0.74411,0.6984,1,64.109,56.009,0,0
1.0641,1.7519,0.74287,0.69814,1,64.182,56.082,0,0
1.0627,1.7525,0.74163,0.69788,1,64.255,56.155,0,0
1.0613,1.7532,0.74039,0.69762,1,64.328,56.228,0,0
1.0599,1.7538,0.73915,0.69735,1,64.401,56.301,0,0
1.0596,1.7541,0.73869,0.69717,1,64.474,56.374,0,0
1.0597,1.7542,0.73865,0.69702,1,64.547,56.447,0,0
1.0599,1.7543,0.73861,0.69687,1,64.62,56.52,0,0
1.0601,1.7543,0.73857,0.69672,1,64.693,56.593,0,0
1.0602,1.7544,0.73853,0.69657,1,64.767,56.667,0,0
1.0604,1.7545,0.73849,0.69642,1,64.84,56.74,0,0
1.0606,1.7546,0.73845,0.69627,1,64.913,56.813,0,0
1.0608,1.7546,0.73841,0.69612,1,64.986,56.886,0,0
1.0609,1.7547,0.73837,0.69597,1,65.059,56.959,0,0
1.0611,1.7548,0.73833,0.69582,1,65.132,57.032,0,0
1.0613,1.7549,0.73829,0.69567,1,65.205,57.105,0,0
1.0614,1.7549,0.73825,0.69552,1,65.278,57.178,0,0
1.0616,1.755,0.73821,0.69537,1,65.351,57.251,0,0
1.0628,1.754,0.73935,0.69564,1,65.424,57.325,0,0
1.0643,1.7526,0.74074,0.696,1,65.498,57.398,0,0
1.0657,1.7513,0.74213,0.69636,1,65.571,57.471,0,0
1.0672,1.75,0.74353,0.69672,1,65.644,57.544,0,0
1.0686,1.7487,0.74492,0.69708,1,65.717,57.617,0,0
1.07,1.7474,0.74631,0.69744,1,65.79,57.69,0,0
1.0715,1.7461,0.7477,0.6978,1,65.863,57.763,0,0
1.0729,1.7448,0.7491,0.69816,1,65.936,57.836,0,0
1.0744,1.7435,0.75049,0.69852,1,66.009,57.909,0,0
1.0758,1.7422,0.75188,0.69888,1,66.082,57.982,0,0
1.0772,1.7408,0.75327,0.69924,1,66.156,58.056,0,0
1.0787,1.7395,0.75466,0.6996,1,66.229,58.129,0,0
1.0801,1.7382,0.75606,0.69997,1,66.302,58.202,0,0
1.0842,1.7348,0.75999,0.70095,1,66.375,58.275,0,0
1.0884,1.7311,0.76418,0.702,1,66.448,58.348,0,0
1.0927,1.7274,0.76837,0.70304,1,66.521,58.421,0,0
1.097,1.7237,0.77257,0.70409,1,66.594,58.494,0,0
1.1013,1.72,0.77676,0.70514,1,66.667,58.567,0,0
1.1056,1.7163,0.78095,0.70619,1,66.74,58.64,0,0
1.1099,1.7126,0.78515,0.70723,1,66.813,58.713,0,0
1.1142,1.7089,0.78934,0.70828,1,66.886,58.786,0,0
1.1185,1.7052,0.79353,0.70933,1,66.96,58.86,0,0
1.1228,1.7015,0.79773,0.71038,1,67.033,58.933,0,0
1.1271,1.6978,0.80192,0.71142,1,67.106,59.006,0,0
1.1314,1.6941,0.80611,0.71247,1,67.179,59.079,0,0
1.1356,1.6904,0.81031,0.71352,1,67.252,59.152,0,0
1.1437,1.6839,0.81839,0.71543,1,67.325,59.225,0,0
1.1521,1.6771,0.82688,0.71743,1,67.398,59.298,0,0
1.1605,1.6702,0.83537,0.71943,1,67.471,59.371,0,0
1.1689,1.6634,0.84386,0.72144,1,67.544,59.444,0,0
1.1773,1.6566,0.85235,0.72344,1,67.618,59.518,0,0
1.1857,1.6498,0.86085,0.72544,1,67.691,59.591,0,0
1.1941,1.643,0.86934,0.72744,1,67.764,59.664,0,0
1.2025,1.6362,0.87783,0.72945,1,67.837,59.737,0,0
1.2109,1.6293,0.88632,0.73145,1,67.91,59.81,0,0
1.2193,1.6225,0.89481,0.73345,1,67.983,59.883,0,0
1.2277,1.6157,0.9033,0.73545,1,68.056,59.956,0,0
1.2361,1.6089,0.91179,0.73746,1,68.129,60.029,0,0
1.2445,1.6021,0.92028,0.73946,1,68.202,60.102,0,0
1.2555,1.5937,0.93204,0.74209,1,68.275,60.175,0,0
1.2672,1.5849,0.94457,0.74487,1,68.349,60.249,0,0
1.2789,1.5762,0.9571,0.74765,1,68.422,60.322,0,0
1.2906,1.5674,0.96963,0.75043,1,68.495,60.395,0,0
1.3022,1.5587,0.98217,0.75321,1,68.568,60.468,0,0
1.3139,1.5499,0.9947,0.756,1,68.641,60.541,0,0
1.3256,1.5412,1.0072,0.75878,1,68.714,60.614,0,0
1.3373,1.5324,1.0198,0.76156,1,68.787,60.687,0,0
1.3489,1.5237,1.0323,0.76434,1,68.86,60.76,0,0
1.3606,1.5149,1.0448,0.76712,1,68.933,60.833,0,0
1.3723,1.5062,1.0574,0.7699,1,69.006,60.906,0,0
1.384,1.4974,1.0699,0.77268,1,69.079,60.979,0,0
1.3956,1.4886,1.0824,0.77546,1,69.153,61.053,0,0
1.4062,1.4816,1.0939,0.77776,1,69.226,61.126,0,0
1.4161,1.4755,1.1047,0.77978,1,69.299,61.199,0,0
1.4261,1.4694,1.1154,0.7818,1,69.372,61.272,0,0
1.436,1.4633,1.1262,0.78382,1,69.445,61.345,0,0
1.4459,1.4572,1.137,0.78583,1,69.518,61.418,0,0
1.4558,1.4511,1.1478,0.78785,1,69.591,61.491,0,0
1.4657,1.4451,1.1586,0.78987,1,69.664,61.564,0,0
1.4757,1.439,1.1694,0.79189,1,69.737,61.637,0,0
1.4856,1.4329,1.1802,0.7939,1,69.811,61.71,0,0
1.4955,1.4268,1.191,0.79592,1,69.884,61.784,0,0
1.5054,1.4207,1.2018,0.79794,1,69.957,61.857,0,0
1.5153,1.4146,1.2126,0.79996,1,70.03,61.93,0,0
1.5253,1.4085,1.2234,0.80197,1,70.103,62.003,0,0
1.5334,1.4041,1.2321,0.80351,1,70.176,62.076,0,0
1.5383,1.4027,1.2372,0.80419,1,70.249,62.149,0,0
1.5432,1.4013,1.2422,0.80487,1,70.322,62.222,0,0
1.5482,1.3998,1.2473,0.80555,1,70.395,62.295,0,0
1.5531,1.3984,1.2523,0.80624,1,70.468,62.368,0,0
1.558,1.397,1.2574,0.80692,1,70.542,62.442,0,0
1.563,1.3955,1.2624,0.8076,1,70.615,62.515,0,0
1.5679,1.3941,1.2675,0.80828,1,70.688,62.588,0,0
1.5728,1.3927,1.2725,0.80896,1,70.761,62.661,0,0
1.5778,1.3912,1.2776,0.80964,1,70.834,62.734,0,0
1.5827,1.3898,1.2826,0.81033,1,70.907,62.807,0,0
1.5876,1.3884,1.2877,0.81101,1,70.98,62.88,0,0
1.5926,1.3869,1.2927,0.81169,1,71.053,62.953,0,0
1.5975,1.3855,1.2978,0.81237,1,71.126,63.026,0,0
1.5977,1.3856,1.2982,0.81251,1,71.199,63.099,0,0
1.5979,1.3856,1.2985,0.81264,1,71.272,63.173,0,0
1.5981,1.3857,1.2989,0.81278,1,71.346,63.246,0,0
1.5983,1.3857,1.2993,0.81291,1,71.419,63.319,0,0
1.5985,1.3858,1.2996,0.81305,1,71.492,63.392,0,0
1.5987,1.3859,1.3,0.81318,1,71.565,63.465,0,0
1.5989,1.3859,1.3004,0.81331,1,71.638,63.538,0,0
1.5991,1.386,1.3008,0.81345,1,71.711,63.611,0,0
1.5993,1.386,1.3011,0.81358,1,71.784,63.684,0,0
1.5995,1.3861,1.3015,0.81372,1,71.857,63.757,0,0
1.5997,1.3861,1.3019,0.81385,1,71.93,63.83,0,0
1.5999,1.3862,1.3023,0.81399,1,72.004,63.903,0,0
1.6,1.3863,1.3026,0.81412,1,72.077,63.977,0,0
1.5996,1.3868,1.3021,0.814,1,72.15,64.05,0,0
1.5987,1.3877,1.3008,0.81365,1,72.223,64.123,0,0
1.5978,1.3886,1.2995,0.81331,1,72.296,64.196,0,0
1.5969,1.3895,1.2982,0.81296,1,72.369,64.269,0,0
1.596,1.3904,1.2969,0.81262,1,72.442,64.342,0,0
1.5951,1.3913,1.2957,0.81228,1,72.515,64.415,0,0
1.5942,1.3922,1.2944,0.81193,1,72.588,64.488,0,0
1.5932,1.3931,1.2931,0.81159,1,72.661,64.561,0,0
1.5923,1.394,1.2918,0.81125,1,72.734,64.634,0,0
1.5914,1.395,1.2905,0.8109,1,72.808,64.708,0,0
1.5905,1.3959,1.2892,0.81056,1,72.881,64.781,0,0
1.5896,1.3968,1.2879,0.81021,1,72.954,64.854,0,0
1.5887,1.3977,1.2866,0.80987,1,73.027,64.927,0,0
1.5878,1.3986,1.2853,0.80953,1,73.1,65,0,0
