Density,Mach,Pressure,Temperature,x,Points:0,Points:1,Points:2,z,Gamma,1-gamma-1/M2
47.394,0.24478,964270,495.09,-1.2462,-8.1,0,0,0.775381200595642,0.718807064544605,-16.4084920334558
47.389,0.24544,964130,495.07,-1.2349,-8.0269,0,0,0.775381746131767,0.718780837022095,-16.3188277527387
47.383,0.2461,963990,495.05,-1.2237,-7.9538,0,0,0.775398649361206,0.718754618972219,-16.2298836978609
47.377,0.24675,963850,495.03,-1.2124,-7.8807,0,0,0.775415550303379,0.718728410402532,-16.1429833394754
47.365,0.24766,963550,494.99,-1.2012,-7.8076,0,0,0.775433249979117,0.718686482599482,-16.0224648460626
47.348,0.24873,963150,494.93,-1.1899,-7.7345,0,0,0.775483641918782,0.718597510020981,-15.8824046610021
47.332,0.24981,962740,494.88,-1.1787,-7.6614,0,0,0.775493903868923,0.718563594937803,-15.742911347859
47.315,0.25096,962320,494.82,-1.1674,-7.5883,0,0,0.775528125915841,0.718485275707986,-15.5963094579441
47.295,0.25248,961840,494.75,-1.1562,-7.5152,0,0,0.775578804353498,0.718388758701293,-15.4056105552351
47.275,0.254,961360,494.68,-1.1449,-7.4421,0,0,0.775629447165682,0.718292345461869,-15.2183233455239
47.255,0.25552,960870,494.62,-1.1337,-7.369,0,0,0.775656299493242,0.718251164129891,-15.0344220214316
47.228,0.25748,960210,494.53,-1.1224,-7.2959,0,0,0.775707798808109,0.718150146900094,-14.8020277286596
47.199,0.25959,959490,494.43,-1.1112,-7.2228,0,0,0.775759266033541,0.718031151623205,-14.5576956772038
47.169,0.2617,958770,494.32,-1.1,-7.1497,0,0,0.775842766732196,0.717862460680378,-14.3191971102754
47.137,0.26399,957980,494.22,-1.0887,-7.0766,0,0,0.775886718253607,0.717781119455496,-14.0668938645253
47.099,0.2667,957060,494.09,-1.0775,-7.0035,0,0,0.775971097206176,0.717619112319405,-13.7766041463892
47.062,0.26941,956140,493.96,-1.0662,-6.9304,0,0,0.776038837047955,0.717457546989184,-13.495025960225
47.024,0.27212,955220,493.83,-1.055,-6.8573,0,0,0.776122902203723,0.717296425624675,-13.2218140324798
46.977,0.2754,954080,493.67,-1.0437,-6.7842,0,0,0.776223715483967,0.717102856382795,-12.9018598006624
46.929,0.27877,952910,493.51,-1.0325,-6.7111,0,0,0.776316394262599,0.716926110438568,-12.5848335953669
46.881,0.28215,951730,493.35,-1.0212,-6.638,0,0,0.776400649718916,0.716755553688986,-12.2782089314308
46.828,0.28582,950460,493.17,-1.01,-6.5649,0,0,0.776525487435286,0.716533594142893,-11.957473622737
46.771,0.2899,949050,492.97,-0.99874,-6.4918,0,0,0.776633424321228,0.716287382144379,-11.6150984648398
46.713,0.29399,947640,492.77,-0.98749,-6.4187,0,0,0.776757571148253,0.716042239297168,-11.2860828552653
46.655,0.29808,946230,492.58,-0.97625,-6.3456,0,0,0.776865571868877,0.715848872125014,-10.9705592835641
46.58,0.30283,944410,492.32,-0.965,-6.2725,0,0,0.777029924325209,0.715526184979538,-10.6199370517793
46.504,0.30764,942560,492.06,-0.95375,-6.1994,0,0,0.777185632818897,0.715221827831181,-10.2813139938075
46.428,0.31244,940700,491.8,-0.94251,-6.1263,0,0,0.777332407762553,0.714924968377262,-9.95885826112932
46.348,0.31756,938770,491.53,-0.93126,-6.0532,0,0,0.777503414505834,0.714617979650457,-9.6308895833786
46.265,0.32307,936760,491.25,-0.92002,-5.9801,0,0,0.777673568487418,0.714306708689635,-9.29521618090934
46.183,0.32858,934750,490.97,-0.90877,-5.907,0,0,0.777826092059358,0.713997871213445,-8.97627454007832
46.1,0.33409,932730,490.68,-0.89752,-5.8339,0,0,0.778002144143981,0.713645671469348,-8.67292437986597
45.989,0.34027,930050,490.3,-0.88628,-5.7608,0,0,0.778241826175114,0.713206493506173,-8.35000281334377
45.877,0.34649,927310,489.91,-0.87503,-5.6877,0,0,0.778462611070878,0.71275415751774,-8.04224758743863
45.764,0.35271,924580,489.53,-0.86378,-5.6146,0,0,0.778691324719013,0.712352477153979,-7.75065698520371
45.652,0.35923,921860,489.14,-0.85254,-5.5415,0,0,0.778925844281292,0.711897642421222,-7.4610607717428
45.54,0.36615,919150,488.75,-0.84129,-5.4684,0,0,0.779167313306025,0.711441387882466,-7.17046398851582
45.428,0.37307,916450,488.36,-0.83005,-5.3953,0,0,0.779415797113601,0.710983653779151,-6.8958607858671
45.317,0.37999,913740,487.98,-0.8188,-5.3222,0,0,0.779621115311385,0.710588854015601,-6.63616110925509
45.183,0.38765,910500,487.51,-0.80755,-5.2491,0,0,0.779911795528829,0.710040412973929,-6.36461693410739
45.046,0.3954,907190,487.04,-0.79631,-5.176,0,0,0.780192051528438,0.709540598128724,-6.10580886171331
44.91,0.40315,903890,486.56,-0.78506,-5.1029,0,0,0.780477260464093,0.708988744124812,-5.86170194682753
44.765,0.41122,900390,486.06,-0.77382,-5.0298,0,0,0.780775760403225,0.708459502198681,-5.62205401886405
44.607,0.41981,896570,485.5,-0.76257,-4.9567,0,0,0.781116987630392,0.707814634732323,-5.38188139335401
44.449,0.4284,892750,484.94,-0.75132,-4.8836,0,0,0.781455021719419,0.707179089590425,-5.15598170431823
44.29,0.437,888930,484.39,-0.74008,-4.8105,0,0,0.781791320508012,0.706607195813815,-4.94305918540375
44.113,0.44622,884640,483.76,-0.72883,-4.7374,0,0,0.782157390911426,0.70590999671187,-4.72820172986238
43.931,0.45557,880260,483.11,-0.71758,-4.6643,0,0,0.782560605537736,0.705173909593995,-4.52342873760856
43.749,0.46493,875870,482.47,-0.70634,-4.5912,0,0,0.782934331321532,0.70451219765382,-4.33071704569268
43.559,0.4745,871300,481.79,-0.69509,-4.5181,0,0,0.78335056666355,0.703762072091454,-4.14524059587724
43.349,0.48466,866250,481.04,-0.68385,-4.445,0,0,0.783803329205167,0.702958035377575,-3.9601736271218
43.138,0.49482,861190,480.28,-0.6726,-4.3719,0,0,0.784275413795272,0.70212320271407,-3.7863091821607
42.928,0.50498,856140,479.53,-0.66135,-4.2988,0,0,0.784715951722307,0.701356134517238,-3.62285093944405
42.696,0.51572,850570,478.69,-0.65011,-4.2257,0,0,0.7852223390096,0.700460192047204,-3.46032346392751
42.454,0.5267,844770,477.81,-0.63886,-4.1526,0,0,0.785757911708054,0.699521663863906,-3.30425682955862
42.212,0.53769,838970,476.93,-0.62762,-4.0795,0,0,0.786285000672497,0.698608697295459,-3.15749336296573
41.966,0.54877,833080,476.04,-0.61637,-4.0064,0,0,0.786809900304783,0.697729666617318,-3.01835041406913
41.691,0.56057,826510,475.02,-0.60512,-3.9333,0,0,0.787441021238433,0.696623791167649,-2.87891776310962
41.415,0.57238,819930,474,-0.59388,-3.8602,0,0,0.788070189946801,0.69555936993302,-2.74788665832466
41.14,0.58419,813350,472.99,-0.58263,-3.7871,0,0,0.78865190210537,0.694589609909506,-2.6247524936411
40.848,0.59643,806420,471.9,-0.57138,-3.714,0,0,0.789340971308307,0.693452067717318,-2.50458277991521
40.543,0.60907,799160,470.76,-0.56014,-3.6409,0,0,0.790027907796541,0.69231548247015,-2.3879783893643
40.238,0.62172,791910,469.62,-0.54889,-3.5678,0,0,0.790709555285417,0.691217471086981,-2.27830023967567
39.932,0.63436,784660,468.48,-0.53765,-3.4947,0,0,0.791395409571258,0.690167658741002,-2.17517925167793
39.599,0.6479,776790,467.21,-0.5264,-3.4216,0,0,0.792193743214253,0.688883645138066,-2.07111556823219
39.263,0.6615,768870,465.94,-0.51515,-3.3485,0,0,0.792982440973339,0.687700229756303,-1.97298488195598
38.928,0.67511,760950,464.66,-0.50391,-3.2754,0,0,0.793748416865419,0.686515834951872,-1.88058805163785
38.582,0.68879,752800,463.34,-0.49266,-3.2023,0,0,0.794546300358682,0.685345519003072,-1.79313063468882
38.214,0.70264,744140,461.9,-0.48142,-3.1292,0,0,0.79544163451988,0.683938054262742,-1.70944744265108
37.845,0.71649,735480,460.46,-0.47017,-3.0561,0,0,0.796332753971371,6.94576648975262,-7.8937251377953
37.476,0.73033,726820,459.03,-0.45892,-2.983,0,0,0.797180560206326,6.92966601056127,-7.8044952526372
37.119,0.7441,718470,457.62,-0.44768,-2.9099,0,0,0.798052577684404,6.91451652175202,-7.72059821649817
36.767,0.75783,710260,456.22,-0.43643,-2.8368,0,0,0.798930446711258,6.9001847457473,-7.64141583532971
36.415,0.77155,702060,454.82,-0.42518,-2.7637,0,0,0.799794644961182,6.88654160000853,-7.5663968028735
36.063,0.7853,693830,453.42,-0.41394,-2.6906,0,0,0.800598330214682,6.87355598591526,-7.4951002379633
35.672,0.79965,684780,451.82,-0.40269,-2.6175,0,0,0.801645367932674,6.85930869775795,-7.42317678299841
35.282,0.814,675720,450.23,-0.39145,-2.5444,0,0,0.802607619484729,6.84590725325603,-7.35512252168506
34.891,0.82835,666670,448.63,-0.3802,-2.4713,0,0,0.803587762443139,6.83307880847309,-7.29045693443486
34.499,0.84272,657610,447.02,-0.36895,-2.3982,0,0,0.804561187743034,6.82079835063668,-7.22889802473618
34.105,0.85713,648540,445.37,-0.35771,-2.3251,0,0,0.805604501051894,6.80876714861665,-7.16991909397986
33.71,0.87154,639470,443.72,-0.34646,-2.252,0,0,0.806634045792319,6.79733408789731,-7.1138476932605
33.316,0.88594,630390,442.06,-0.33522,-2.1789,0,0,0.807605695136757,6.78638251542292,-7.06044691057889
32.909,0.90078,621100,440.33,-0.32397,-2.1058,0,0,0.8087097865262,6.77548317164064,-7.00791393386159
32.497,0.91581,611710,438.56,-0.31272,-2.0327,0,0,0.809836640128408,6.76486339522001,-6.95717353455624
32.085,0.93083,602320,436.79,-0.30148,-1.9596,0,0,0.810917520823333,6.75478255488316,-6.90892458338121
31.673,0.94588,592920,435.02,-0.29023,-1.8865,0,0,0.811936014418391,6.74521156250619,-6.86291841775231
31.238,0.96168,583110,433.09,-0.27898,-1.8134,0,0,0.813229722533385,6.73520536596421,-6.81648701321822
30.803,0.97749,573300,431.17,-0.26774,-1.7403,0,0,0.814450174128348,6.72580311198252,-6.77239015489515
30.369,0.99329,563480,429.24,-0.25649,-1.6672,0,0,0.815590124579494,6.71685257938648,-6.73040887035143
29.929,1.0093,553590,427.27,-0.24525,-1.5941,0,0,0.816803819532429,6.70818549758267,-6.68984178714434
29.478,1.0258,543510,425.21,-0.234,-1.521,0,0,0.818144820507687,6.69957775518993,-6.64990812994207
29.027,1.0422,533430,423.14,-0.22275,-1.4479,0,0,0.819436552245585,6.69142392000986,-6.61208092589113
28.576,1.0587,523360,421.08,-0.21151,-1.3748,0,0,0.820651194003181,6.68379699929138,-6.57598047193336
28.12,1.0755,513240,418.93,-0.20026,-1.3017,0,0,0.822030342975449,6.67624327087421,-6.54077148377985
27.662,1.0925,503100,416.74,-0.18902,-1.2286,0,0,0.823435683824196,6.6690076583706,-6.50683997670499
27.203,1.1095,492960,414.56,-0.17777,-1.1555,0,0,0.824767642416249,6.66228648106098,-6.47464060003146
26.745,1.1265,482820,412.37,-0.16652,-1.0824,0,0,0.825999371996691,6.65598003496386,-6.4440007023819
26.283,1.144,472710,410.08,-0.15528,-1.0093,0,0,0.827514088170804,6.64976662482123,-6.41386266863755
25.82,1.1616,462600,407.77,-0.14403,-0.9362,0,0,0.829007099333295,6.64395510484886,-6.38507213540992
25.358,1.1791,452500,405.47,-0.13278,-0.8631,0,0,0.830364912150714,6.63862752820943,-6.35790874818461
24.896,1.1968,442410,403.15,-0.12154,-0.79,0,0,0.831673427893477,6.63367950224415,-6.33184251805816
24.431,1.215,432400,400.73,-0.11029,-0.7169,0,0,0.833329422058778,6.62889657904127,-6.30630009137848
23.967,1.2332,422390,398.31,-0.099046,-0.6438,0,0,0.834839275203961,6.62457037504409,-6.28212671262993
23.503,1.2514,412370,395.9,-0.0878,-0.5707,0,0,0.836185034988396,6.62070887261854,-6.25927767747495
23.043,1.2698,402530,393.46,-0.076554,-0.4976,0,0,0.837688929835973,6.61718984420694,-6.23738640632839
22.59,1.2885,392900,390.99,-0.065308,-0.4245,0,0,0.839313634704704,6.61401664987083,-6.2163420173006
22.136,1.3073,383260,388.52,-0.054062,-0.3514,0,0,0.840824000029267,6.61127179509916,-6.19639790460871
21.683,1.326,373630,386.05,-0.042815,-0.2783,0,0,0.842176160572888,6.60894131802344,-6.1776802418329
21.242,1.3438,364380,383.58,-0.031569,-0.2052,0,0,0.843776260825432,6.60696941458754,-6.16074107472919
20.808,1.3612,355320,381.12,-0.020323,-0.1321,0,0,0.845379485660637,6.60538306764918,-6.14508766702904
20.373,1.3786,346250,378.65,-0.009077,-0.059,0,0,0.846878224470878,6.60417626780528,-6.13034308006932
19.938,1.396,337180,376.18,0.0021692,0.0141,0,0,0.848220262820703,6.6033506920025,-6.11648276809383
19.554,1.4135,329270,373.9,0.013415,0.0872,0,0,0.849738348021807,6.60286894874887,-6.1033738956772
19.175,1.431,321470,371.63,0.024661,0.1603,0,0,0.851174183195165,6.60269311301148,-6.09103135170242
18.796,1.4485,313680,369.36,0.035908,0.2334,0,0,0.852502501067533,6.60282169544613,-6.07943153155312
18.414,1.4661,305840,367.06,0.047154,0.3065,0,0,0.853754913874144,6.60325214195701,-6.06848760569704
18.014,1.484,297740,364.53,0.0584,0.3796,0,0,0.855495797433844,6.60402207611731,-6.05810189245111
17.614,1.502,289630,362,0.069646,0.4527,0,0,0.85704003989984,6.60515333580881,-6.04841496123146
17.213,1.5199,281530,359.47,0.080892,0.5258,0,0,0.858478830662919,6.60663636114472,-6.03951880225157
16.834,1.5376,273880,357.03,0.092138,0.5989,0,0,0.859790053848991,6.60837893485837,-6.03135253264337
16.497,1.555,267150,354.76,0.10338,0.672,0,0,0.861270730352701,6.61024853402712,-6.02380918786652
16.159,1.5723,260420,352.5,0.11463,0.7451,0,0,0.862630605812254,6.61238003266094,-6.01688994768234
15.822,1.5897,253690,350.24,0.12588,0.8182,0,0,0.863774451511579,6.61477320854515,-6.01047648979075
15.492,1.6065,247190,347.98,0.13712,0.8913,0,0,0.865153672819811,6.61740350499745,-6.00487391315587
15.169,1.6229,240870,345.72,0.14837,0.9644,0,0,0.866613374754441,6.62027121329177,-5.99995012802181
14.846,1.6393,234560,343.46,0.15962,1.0375,0,0,0.867945511447074,6.62338600792936,-5.99550610214317
14.523,1.6557,228240,341.2,0.17086,1.1106,0,0,0.869061536771568,6.62674447640613,-5.99152925016127
14.245,1.6707,222860,339.18,0.18211,1.1837,0,0,0.8702891460085,6.62992660550651,-5.98819051007168
13.986,1.6851,217870,337.26,0.19335,1.2568,0,0,0.871491597531303,6.63311512151686,-5.98528210941088
13.727,1.6995,212880,335.34,0.2046,1.3299,0,0,0.87256542095457,6.63646982061386,-5.9826942133168
13.468,1.7139,207890,333.42,0.21585,1.403,0,0,0.873500131617549,6.63998755493692,-5.9804185094099
13.257,1.7261,203870,331.8,0.22709,1.4761,0,0,0.874491948681269,6.64306606514337,-5.9787017237215
13.052,1.738,199970,330.21,0.23834,1.5492,0,0,0.875430534937803,6.64619342291426,-5.97724865484493
12.847,1.7499,196080,328.63,0.24958,1.6223,0,0,0.876291295471253,6.64940757052373,-5.97597550375179
12.644,1.7616,192230,327.06,0.26083,1.6954,0,0,0.877068223735525,6.65270255556005,-5.97494696882155
12.527,1.7684,190030,326.12,0.27208,1.7685,0,0,0.877650870002851,6.65471598467079,-5.97448692021464
12.41,1.7752,187830,325.19,0.28332,1.8416,0,0,0.878173091134781,6.65674471289473,-5.97407054061757
12.294,1.782,185630,324.25,0.29457,1.9147,0,0,0.878615987511489,6.65882865075811,-5.97373730835289
12.188,1.7879,183640,323.4,0.30582,1.9878,0,0,0.879060879750878,6.66074313860446,-5.97357685299167
12.138,1.7896,182710,322.99,0.31706,2.0609,0,0,0.879326655544695,6.66167464029039,-5.97391429486641
12.088,1.7914,181770,322.59,0.32831,2.134,0,0,0.879510413182072,6.662591983151,-5.97420447571577
12.037,1.7931,180830,322.18,0.33955,2.2071,0,0,0.87978747519213,6.66353706641397,-5.9745589727101
12.005,1.7941,180230,321.92,0.3508,2.2802,0,0,0.879915746497651,6.66414001352628,-5.97481530009417
12.017,1.7931,180460,322.02,0.36205,2.3533,0,0,0.879885531906564,6.66390785594344,-5.97492976223957
12.03,1.7921,180680,322.12,0.37329,2.4264,0,0,0.87973302282127,6.66367676951494,-5.97504587594735
12.042,1.7911,180910,322.22,0.38454,2.4995,0,0,0.879702017226193,6.66344538193971,-5.97516227021303
12.076,1.7886,181550,322.5,0.39578,2.5726,0,0,0.879564232243134,6.66279982434135,-5.97538872071612
12.142,1.784,182790,323.04,0.40703,2.6457,0,0,0.879285746383736,6.66156300127673,-5.97576598142916
12.207,1.7794,184030,323.58,0.41828,2.7188,0,0,0.8790673324486,6.6603375325169,-5.97616713052305
12.273,1.7748,185270,324.13,0.42952,2.7919,0,0,0.878737718980447,6.65910271890918,-5.97657159895872
12.361,1.7688,186930,324.84,0.44077,2.865,0,0,0.878375124557216,6.65752221205734,-5.97714853666554
12.471,1.7613,189010,325.73,0.45202,2.9381,0,0,0.877909753444887,6.6555693890423,-5.9779235866189
12.581,1.7538,191080,326.62,0.46326,3.0112,0,0,0.87736726410093,6.65364908522363,-5.97876622720571
12.69,1.7463,193160,327.51,0.47451,3.0843,0,0,0.876910236942649,6.65176021320427,-5.97967597481934
12.783,1.7415,194920,328.24,0.48575,3.1574,0,0,0.876508718331478,6.65023125639582,-5.97995714125439
12.864,1.7384,196460,328.88,0.497,3.2305,0,0,0.876162729218655,6.64890909216192,-5.9798119922267
12.946,1.7353,198000,329.52,0.50825,3.3036,0,0,0.875733450914154,6.64760394205885,-5.97969017094472
13.027,1.7322,199550,330.16,0.51949,3.3767,0,0,0.875400909532622,6.64631519656882,-5.97959111312725
13.053,1.7313,200040,330.36,0.53074,3.4498,0,0,0.875272292707886,6.64591558387777,-5.97953809119177
13.052,1.7317,200020,330.35,0.54198,3.5229,0,0,0.875278331354686,6.64593519569783,-5.97940359596044
13.051,1.732,200000,330.34,0.55323,3.596,0,0,0.875284367232114,6.64595481178536,-5.97930770182158
13.05,1.7323,199980,330.33,0.56448,3.6691,0,0,0.875290400339197,6.64597443213995,-5.97921187195681
13.006,1.7352,199150,330,0.57572,3.7422,0,0,0.875481052989837,6.64663668155061,-5.97876118796045
12.948,1.739,198050,329.54,0.58697,3.8153,0,0,0.875766138215025,6.64756329544774,-5.97823789477759
12.89,1.7428,196940,329.09,0.59822,3.8884,0,0,0.875972477176059,6.64848078988372,-5.97771495591962
12.832,1.7465,195840,328.64,0.60946,3.9615,0,0,0.876215150060034,6.64940598068959,-5.97724664422598
12.695,1.755,193280,327.57,0.62071,4.0346,0,0,0.876948766223183,6.65163548425385,-5.9763081735989
12.537,1.7648,190310,326.33,0.63195,4.1077,0,0,0.877677798774588,6.65427805319713,-5.97535491519634
12.379,1.7746,187340,325.08,0.6432,4.1808,0,0,0.878372705903662,6.65700308466979,-5.97454352716036
12.221,1.7844,184370,323.84,0.65445,4.2539,0,0,0.878976271446628,6.65976943724322,-5.9738315665714
11.994,1.7988,180170,322,0.66569,4.327,0,0,0.880210799567525,6.6639709961867,-5.97302490601782
11.751,1.8142,175690,320.02,0.67694,4.4001,0,0,0.881493727055577,6.66863492945543,-5.97246424466025
11.509,1.8296,171210,318.04,0.68818,4.4732,0,0,0.882539033663299,6.67344600769639,-5.9721821006948
11.267,1.845,166740,316.06,0.69943,4.5463,0,0,0.88345838589648,6.67839981652235,-5.97216969189048
10.988,1.8639,161680,313.65,0.71068,4.6194,0,0,0.885149214483231,6.6845928157306,-5.97243522647803
10.702,1.8835,156500,311.15,0.72192,4.6925,0,0,0.886755151885522,6.69122463242188,-5.97310754544783
10.417,1.9032,151320,308.66,0.73317,4.7656,0,0,0.887968269405237,6.69803806771919,-5.97411564931845
10.131,1.9228,146140,306.16,0.74442,4.8387,0,0,0.888980979223788,6.70507711478259,-5.97555500680686
9.8391,1.9449,140950,303.4,0.75566,4.9118,0,0,0.890878051937464,6.71303849146633,-5.97740439856295
9.5463,1.9674,135750,300.59,0.76691,4.9849,0,0,0.892594819542915,6.72136834619315,-5.97972203443852
9.2535,1.9899,130560,297.77,0.77815,5.058,0,0,0.894020138197417,6.72994636556585,-5.98249062204641
8.9608,2.0123,125360,294.96,0.7894,5.1311,0,0,0.894897314972757,6.73870211787934,-5.98565525392104
8.6911,2.0354,120700,292.2,0.80065,5.2042,0,0,0.896760441137802,6.74746446016041,-5.98884400256254
8.4262,2.0586,116140,289.45,0.81189,5.2773,0,0,0.898463906432068,6.75636316690868,-5.99233277058801
8.1613,2.0817,111580,286.7,0.82314,5.3504,0,0,0.899753308358623,6.76542099391071,-5.99618268640548
7.8964,2.1049,107020,283.95,0.83438,5.4235,0,0,0.900571220611581,6.77462399091197,-6.00032685168287
7.6796,2.1245,103370,281.56,0.84563,5.4966,0,0,0.902005301719136,6.78271216961642,-6.00426970691799
7.4736,2.1434,99926,279.24,0.85688,5.5697,0,0,0.903431344347044,6.79064366960723,-6.00831114855959
7.2675,2.1623,96479,276.92,0.86812,5.6428,0,0,0.904518721895461,6.79865013662402,-6.01252911618491
7.0615,2.1812,93032,274.6,0.87937,5.7159,0,0,0.905230110876862,6.80672166324623,-6.01691019765337
6.8976,2.1983,90322,272.61,0.89062,5.789,0,0,0.906312328529314,6.81367666504068,-6.02060791456861
6.7457,2.215,87821,270.72,0.90186,5.8621,0,0,0.907350627810848,6.82031012697507,-6.024132821613
6.5937,2.2317,85320,268.83,0.91311,5.9352,0,0,0.908171902613891,6.82696851512882,-6.02775217818296
6.4418,2.2483,82819,266.94,0.92435,6.0083,0,0,0.908726555476293,6.83364577210605,-6.03147546601827
6.3006,2.2643,80544,265.13,0.9356,6.0814,0,0,0.909738435494481,6.8400463885428,-6.03509015137981
6.1632,2.28,78348,263.36,0.94685,6.1545,0,0,0.910743269441801,6.84630998839355,-6.03867687051113
6.0258,2.2957,76151,261.58,0.95809,6.2276,0,0,0.911549994246087,6.85260868715067,-6.04235342107447
5.8884,2.3114,73954,259.81,0.96934,6.3007,0,0,0.912079369422692,6.85886717989935,-6.04604301615176
5.7651,2.3269,72007,258.14,0.98058,6.3738,0,0,0.912928357234378,6.86475587357678,-6.04944637517201
5.6487,2.3422,70179,256.52,0.99183,6.4469,0,0,0.913821905687644,6.87045112139572,-6.05273658902732
5.5323,2.3575,68352,254.9,1.0031,6.52,0,0,0.914533879953412,6.87612751073109,-6.05605461776185
5.4158,2.3728,66525,253.28,1.0143,6.5931,0,0,0.915051417638322,6.8817801939875,-6.05939441385583
5.3011,2.3885,64751,251.64,1.0256,6.6662,0,0,0.915851238401281,6.88746986891574,-6.06275678840545
5.1875,2.4045,63013,249.99,1.0368,6.7393,0,0,0.916797753974264,6.89315696913423,-6.06611886506644
5.0739,2.4204,61274,248.34,1.0481,6.8124,0,0,0.917512061754783,6.89880328963987,-6.06950022008027
4.9603,2.4364,59536,246.68,1.0593,6.8855,0,0,0.918040624688273,6.9044362369952,-6.07289857290042
4.8487,2.4528,57847,245.01,1.0706,6.9586,0,0,0.918746815714396,6.91004667147888,-6.07626378070326
4.7389,2.4698,56207,243.31,1.0818,7.0317,0,0,0.919765325922409,6.91569241882123,-6.0796292089655
4.6291,2.4867,54567,241.61,1.093,7.1048,0,0,0.920540159969969,6.92126884539772,-6.08298492755867
4.5193,2.5036,52927,239.91,1.1043,7.1779,0,0,0.921047198943043,6.92676882646249,-6.0863090198829
4.4109,2.5209,51323,238.18,1.1155,7.251,0,0,0.921729870554203,6.93227698902628,-6.08963496596579
4.3045,2.5387,49770,236.41,1.1268,7.3241,0,0,0.922790714875043,6.93781067700245,-6.09296977062813
4.1981,2.5565,48218,234.64,1.138,7.3972,0,0,0.923588451015678,6.94323656147678,-6.09624254183027
4.0916,2.5743,46666,232.87,1.1493,7.4703,0,0,0.924097922715325,6.94854570353776,-6.09944307913951
3.9869,2.5925,45151,231.09,1.1605,7.5434,0,0,0.924644963713775,6.95375585555597,-6.10254199315153
3.8863,2.6115,43728,229.32,1.1718,7.6165,0,0,0.925775085927,6.95879742330492,-6.10542644590262
3.7856,2.6305,42305,227.55,1.183,7.6896,0,0,0.926625541656162,6.96369389241134,-6.10821237327208
3.685,2.6495,40883,225.77,1.1943,7.7627,0,0,0.927178093783639,6.96846128367846,-6.11091446492688
3.5806,2.6695,39412,223.91,1.2055,7.8358,0,0,0.927520051702447,6.97326360570004,-6.11359025315856
3.4563,2.6947,37688,221.54,1.2168,7.9089,0,0,0.928674752899232,6.97909313927203,-6.11680747616175
3.3327,2.7198,35976,219.17,1.228,7.982,0,0,0.929308000052869,6.98458091811703,-6.11976515728291
3.2188,2.7435,34414,216.87,1.2392,8.0551,0,0,0.930177462441387,6.98955159032083,-6.12241031244113
3.1433,2.761,33383,215.3,1.2505,8.1282,0,0,0.930721251617858,6.99273199258841,-6.12391185973206
3.0785,2.7769,32508,213.94,1.2617,8.2013,0,0,0.93128633842129,6.99534067691121,-6.12502262295158
3.0208,2.7889,31729,212.71,1.273,8.2744,0,0,0.9316882853382,6.99757856060047,-6.12614692393682
6.1584,1.4679,109460,338.42,1.2842,8.3475,0,0,0.990958938379328,6.63989697374515,-6.10399215491448
12.635,0.38494,277300,455.66,1.2955,8.4206,0,0,0.908778089873993,0.930365345194496,-6.67896889512895
12.913,0.31646,283850,456.92,1.3067,8.4937,0,0,0.907707052644038,0.928995444733991,-9.9143238419547
13.067,0.2787,287680,457.88,1.318,8.5668,0,0,0.907206671269086,0.928390834398091,-12.8027630960996
13.173,0.25109,290220,458.41,1.3292,8.6399,0,0,0.906802467789483,0.927909989591572,-15.7892971747115
13.27,0.23127,292430,458.72,1.3405,8.713,0,0,0.906415776945744,0.927371056725706,-18.6239177815489
13.337,0.21837,293830,458.77,1.3517,8.7861,0,0,0.906081167089475,0.926909259281002,-20.8976635522948
13.388,0.20775,294850,458.72,1.363,8.8592,0,0,0.905861669191838,0.926500243912049,-23.0960681749131
13.428,0.1985,295710,458.77,1.3742,8.9323,0,0,0.905698812727889,0.926232003713539,-25.3054933403123
13.46,0.19021,296450,458.88,1.3854,9.0054,0,0,0.905589535788004,0.926057557006125,-27.5657565351452
13.481,0.18276,296990,459.05,1.3967,9.0785,0,0,0.90549041260972,0.926006044445747,-29.8650343749579
13.489,0.17617,297330,459.29,1.4079,9.1516,0,0,0.905515975746382,0.926085642837319,-32.1468687381029
13.495,0.17082,297660,459.58,1.4192,9.2247,0,0,0.905546170116459,0.92621070597505,-34.1968783277789
13.498,0.16737,297980,459.95,1.4304,9.2978,0,0,0.905589126415639,0.926405937375652,-35.6244784795645
13.502,0.16435,298320,460.32,1.4417,9.3709,0,0,0.905625312245837,0.926593353691475,-36.948653596173
13.507,0.16239,298690,460.7,1.4529,9.444,0,0,0.905665243311761,0.92677779942195,-37.847922303855
13.512,0.16084,299090,461.13,1.4642,9.5171,0,0,0.905697167032388,0.926992348879199,-38.5825436169328
13.516,0.16103,299640,461.77,1.4754,9.5902,0,0,0.905836927406202,0.927325965793267,-38.4917113417171
13.52,0.16122,300170,462.39,1.4867,9.6633,0,0,0.905954300479138,0.927648149877447,-38.401189764499
13.524,0.16143,300480,462.74,1.4979,9.7364,0,0,0.905935955550822,0.927825430376202,-38.3013337355488
13.527,0.16164,300800,463.09,1.5092,9.8095,0,0,0.906014335472847,0.927998678340722,-38.2018633055799
13.517,0.16323,300750,463.3,1.5204,9.8826,0,0,0.90612299630758,0.928185527660896,-37.4600413001404
13.507,0.16486,300690,463.51,1.5316,9.9557,0,0,0.906202189888563,0.92837519271473,-36.7217317371616
13.499,0.16688,300720,463.79,1.5429,10.029,0,0,0.906282231627365,0.928589539325802,-35.8366061850184
13.491,0.16898,300770,464.09,1.5541,10.102,0,0,0.906384131219835,0.928812179751777,-34.9498803640765
13.484,0.17108,300820,464.38,1.5654,10.175,0,0,0.906439006838222,0.929025956823596,-34.0956065692625
13.476,0.17317,300870,464.68,1.5766,10.248,0,0,0.906542216502976,0.929246790913586,-33.276086817175
13.465,0.17604,300840,464.94,1.5879,10.321,0,0,0.906685021848518,0.929462146284795,-32.1978508813438
13.453,0.17941,300750,465.18,1.5991,10.394,0,0,0.906754229220259,0.929681118980544,-30.9972097757699
13.441,0.18277,300660,465.42,1.6104,10.467,0,0,0.906824323566453,0.929899258515749,-29.8656515361423
13.428,0.18614,300570,465.67,1.6216,10.54,0,0,0.906943367199882,0.930124354733836,-28.7917361471451
13.408,0.18974,300340,465.95,1.6329,10.614,0,0,0.907055768226452,0.930418375945102,-27.7072181017414
13.372,0.19379,299840,466.3,1.6441,10.687,0,0,0.907302100324356,0.930854241184231,-26.5587761453557
13.336,0.19784,299340,466.66,1.6554,10.76,0,0,0.907533616969748,0.93129487982228,-25.4801705739546
13.3,0.20189,298840,467.02,1.6666,10.833,0,0,0.907769815212586,0.931732576086787,-24.4658468584102
13.263,0.20595,298330,467.4,1.6778,10.906,0,0,0.908009894124805,0.932185634554772,-23.5085267997718
13.208,0.21013,297710,468.2,1.6891,10.979,0,0,0.908341347256817,0.932982881463437,-22.5806711688461
13.153,0.21431,297090,468.99,1.7003,11.052,0,0,0.908706765449517,0.933762220834838,-21.7066045413599
13.097,0.2185,296470,469.79,1.7116,11.125,0,0,0.909136906093173,0.934538548413451,-20.8803465067732
13.042,0.22268,295850,470.58,1.7228,11.198,0,0,0.909532124246501,0.935297574827705,-20.1021246672594
12.99,0.22788,295170,471.2,1.7341,11.271,0,0,0.909875378052803,0.935946426509812,-19.1928997811466
12.939,0.23338,294460,471.76,1.7453,11.345,0,0,0.910182771206445,0.936556074378137,-18.2965582778722
12.888,0.23887,293750,472.33,1.7566,11.418,0,0,0.910481126435231,0.937166591009014,-17.462923393979
12.837,0.24437,293040,472.9,1.7678,11.491,0,0,0.9107898473148,0.937771058701988,-16.6835063707969
12.799,0.24951,292550,473.37,1.7791,11.564,0,0,0.91106101426128,0.938236187696192,-16.0011410675699
12.775,0.25426,292290,473.75,1.7903,11.637,0,0,0.911229887757336,0.938568664835064,-15.4069159744492
12.751,0.25902,292030,474.13,1.8016,11.71,0,0,0.911401874480401,0.938899152098073,-14.8439479398702
12.727,0.26377,291770,474.51,1.8128,11.783,0,0,0.911576986079415,0.939227666691606,-14.3122864350861
12.702,0.26864,291440,474.83,1.824,11.856,0,0,0.911723250381089,0.939535719615246,-13.7961983222521
12.67,0.27416,290710,474.76,1.8353,11.929,0,0,0.911870918740888,0.939706395746217,-13.2439998977419
12.638,0.27967,289980,474.7,1.8465,12.002,0,0,0.911999485189217,0.939883687162926,-12.7251045609758
12.606,0.28518,289250,474.63,1.8578,12.076,0,0,0.912147369392117,0.940054561820846,-12.2359983940675
12.574,0.2907,288530,474.57,1.869,12.149,0,0,0.912307760876429,0.940229050964802,-11.7736397156368
12.557,0.29557,288060,474.43,1.8803,12.222,0,0,0.912323893784413,0.940277838370041,-11.3869513766046
12.542,0.30032,287640,474.28,1.8915,12.295,0,0,0.912371693708575,0.940305505718535,-11.0277507851846
12.527,0.30506,287220,474.14,1.9028,12.368,0,0,0.912399703504036,0.940339798931494,-10.6859100590167
12.512,0.3098,286810,473.99,1.914,12.441,0,0,0.912478215552157,0.940364814418995,-10.3596319565099
12.496,0.31465,286290,473.74,1.9253,12.514,0,0,0.912471348826735,0.9403581415179,-10.0408966290011
12.477,0.31961,285660,473.4,1.9365,12.587,0,0,0.912504749466474,0.94032634508955,-9.72979864300775
12.458,0.32457,285020,473.06,1.9478,12.66,0,0,0.912504284222342,0.940297844507336,-9.43285561703742
12.439,0.32953,284390,472.71,1.959,12.733,0,0,0.912553203633864,0.940260158030872,-9.14920948608096
12.421,0.33458,283770,472.36,1.9702,12.807,0,0,0.912558962685024,0.940219733186003,-8.87327552386058
12.408,0.3402,283230,471.96,1.9815,12.88,0,0,0.912549445391246,0.940122759228519,-8.58047368189703
12.394,0.34582,282690,471.57,1.9927,12.953,0,0,0.912592543045777,0.940032284900625,-8.30183250302387
12.381,0.35144,282150,471.17,2.004,13.026,0,0,0.91257975676478,0.939935260304688,-8.03644083958725
12.368,0.35706,281610,470.78,2.0152,13.099,0,0,0.912545907685897,0.939844768809424,-7.78348379514161
12.351,0.3632,280940,470.31,2.0265,13.172,0,0,0.912538872555845,0.93974163798639,-7.52042436033691
12.332,0.36952,280230,469.82,2.0377,13.245,0,0,0.912585871073908,0.939637731974919,-7.26322905617444
12.314,0.37583,279520,469.33,2.049,13.318,0,0,0.912556059425962,0.939533920651984,-7.01927071436035
12.295,0.38215,278810,468.84,2.0602,13.391,0,0,0.912597524707801,0.939430206160659,-6.78693385198558
12.271,0.38931,277950,468.3,2.0715,13.464,0,0,0.912613092376185,0.939340366247399,-6.53728825758287
12.237,0.39797,276810,467.66,2.0827,13.538,0,0,0.912642565577133,0.939272492936485,-6.25319619950691
12.202,0.40664,275670,467.01,2.094,13.611,0,0,0.912759655678975,0.939198906589165,-5.98675362573511
12.168,0.41531,274520,466.37,2.1052,13.684,0,0,0.912742585271106,0.939136185685236,-5.73682929878549
12.134,0.42398,273380,465.73,2.1164,13.757,0,0,0.912751730587815,0.939071296336027,-5.50207384560865
12.089,0.43396,271950,464.93,2.1277,13.83,0,0,0.912925305819338,0.938993239752186,-5.24906755267041
12.045,0.44401,270490,464.13,2.1389,13.903,0,0,0.912911964912491,0.938926607623127,-5.01133832581109
12,0.45407,269040,463.33,2.1502,13.976,0,0,0.912996930750282,0.938858506027422,-4.78899969477721
11.955,0.46412,267590,462.53,2.1614,14.049,0,0,0.913070944263355,0.938792199887495,-4.58115879845646
11.897,0.47624,265760,461.52,2.1727,14.122,0,0,0.91324175079496,0.938710889232227,-4.34779375230807
11.829,0.49015,263590,460.33,2.1839,14.195,0,0,0.913346880168134,0.938623571930441,-4.10100606305996
11.761,0.50407,261420,459.13,2.1952,14.269,0,0,0.913446297572797,0.938533671802746,-3.87420024430951
11.692,0.51798,259250,457.94,2.2064,14.342,0,0,0.913577739681334,0.938455059085375,-3.66558056612036
11.621,0.53208,257010,456.7,2.2177,14.415,0,0,0.913691614666326,0.938370577089261,-3.47057744274543
11.521,0.54807,253970,455.1,2.2289,14.488,0,0,0.913922853143228,0.938321718235104,-3.26743013666944
11.42,0.56406,250930,453.49,2.2402,14.561,0,0,0.914203539300475,0.938275738406585,-3.08131201673059
11.32,0.58004,247900,451.88,2.2514,14.634,0,0,0.914389247029144,0.938236266881609,-2.91047789361447
11.219,0.59603,244860,450.27,2.2626,14.707,0,0,0.914565501421731,0.938210848508509,-2.75311596668888
11.106,0.61384,241600,448.61,2.2739,14.78,0,0,0.914943847227383,0.938242993933688,-2.59217400759147
10.986,0.63266,238230,446.92,2.2851,14.853,0,0,0.91548492300481,0.938308734819594,-2.43669305716056
10.865,0.65148,234850,445.23,2.2964,14.926,0,0,0.916010695211384,0.938393056497212,-2.29451532844643
10.745,0.67029,231470,443.54,2.3076,15,0,0,0.916388499155445,0.938492672351556,-2.16423312696186
10.625,0.68911,228100,441.85,2.3189,15.073,0,0,0.916738810196308,0.938604083352358,-2.04443208150605
10.505,0.70793,224720,440.16,2.3301,15.146,0,0,0.916978655678148,0.938735658790415,-1.93408694961267
10.384,0.72674,221340,438.47,2.3414,15.219,0,0,0.917232579415107,0.938883983308264,-1.83228179518824
10.264,0.74556,217970,436.78,2.3526,15.292,0,0,0.917363522827467,0.939045421352871,-1.73806048852431
10.144,0.76438,214590,435.09,2.3639,15.365,0,0,0.917371551043607,0.939228732324166,-1.65074633271438
10.002,0.7875,210550,432.61,2.3751,15.438,0,0,0.918112651119013,0.939135413477922,-1.55163226407001
9.8501,0.81252,206220,429.79,2.3864,15.511,0,0,0.919089843467181,0.938941587922078,-1.45365991566413
9.6985,0.83754,201880,426.97,2.3976,15.584,0,0,0.919846785209904,0.938778724745421,-1.36434983201015
9.5469,0.86257,197550,424.15,2.4088,15.657,0,0,0.920490518784911,0.938639692276349,-1.28267692938497
9.3953,0.88759,193210,421.34,2.4201,15.731,0,0,0.920895578793217,0.938543315484425,-1.20787522765479
9.2438,0.91261,188880,418.52,2.4313,15.804,0,0,0.921177554505413,0.938466921328339,-1.13915321618051
9.0922,0.93764,184540,415.7,2.4426,15.877,0,0,0.921224844406978,0.938429989742048,-1.07586802732723
8.9406,0.96266,180210,412.88,2.4538,15.95,0,0,0.921112139330892,0.938424855791473,-1.01750610697059
8.789,0.98768,175870,410.06,2.4651,16.023,0,0,0.920723063666629,0.938464181182858,-0.963567125136803
8.6606,1.016,171950,406.62,2.4763,16.096,0,0,0.921275652721695,0.937812318060645,-0.90656425556452
8.543,1.0458,168230,402.9,2.4876,16.169,0,0,0.922188923525855,0.936825743842435,-0.851155228909259
8.4254,1.0756,164500,399.17,2.4988,16.242,0,0,0.922872298812753,0.935831999614964,-0.80019946725754
8.3079,1.1055,160770,395.45,2.5101,16.315,0,0,0.923307369341734,0.934844137557541,-0.753087528554531
8.1903,1.1353,157040,391.73,2.5213,16.389,0,0,0.923523125232738,0.933855484987511,-0.709707199676826
8.0727,1.1651,153320,388,2.5326,16.462,0,0,0.92357549629828,6.64076338445446,-6.37743442152027
7.9552,1.195,149590,384.28,2.5438,16.535,0,0,0.923268052142233,6.63480721132673,-6.33507506378029
7.8376,1.2248,145860,380.55,2.555,16.608,0,0,0.922710618143944,6.62996661745916,-6.29657327175076
7.72,1.2546,142140,376.83,2.5663,16.681,0,0,0.921886957606408,6.62621371602882,-6.26152919044087
7.6405,1.2791,139420,373.56,2.5775,16.754,0,0,0.921652195578932,6.62370037778425,-6.23491115326397
7.5854,1.3001,137350,370.59,2.5888,16.827,0,0,0.921893198117406,6.62203815290989,-6.21366310651688
7.5302,1.3211,135280,367.62,2.6,16.9,0,0,0.922044927938319,6.62098844858888,-6.19395413634959
7.4751,1.3422,133210,364.65,2.6113,16.973,0,0,0.922078156342752,6.62053095305401,-6.17562367230026
7.42,1.3632,131140,361.67,2.6225,17.046,0,0,0.922025470286389,6.62064722131102,-6.15876934214242
7.3649,1.3842,129070,358.7,2.6338,17.119,0,0,0.921830788951929,6.62131974284799,-6.14323778497224
7.3097,1.4052,127000,355.73,2.645,17.193,0,0,0.921526451464428,6.62253006523877,-6.12896507151735
7.2546,1.4263,124930,352.75,2.6563,17.266,0,0,0.92110762278126,6.62426781310602,-6.11582973730728
7.1995,1.4473,122860,349.78,2.6675,17.339,0,0,0.920528696931316,6.62650672282289,-6.10390722970479
7.1649,1.4642,121340,347.29,2.6788,17.412,0,0,0.920080252017419,6.62874382266849,-6.09518748324296
7.1529,1.4766,120420,345.33,2.69,17.485,0,0,0.919827291668547,6.63071881916306,-6.08936129357664
7.141,1.4889,119510,343.37,2.7012,17.558,0,0,0.919617008954903,6.632898124361,-6.08399408703815
7.129,1.5013,118600,341.4,2.7125,17.631,0,0,0.919425803422214,6.63529065620528,-6.07896573060483
7.1171,1.5137,117690,339.44,2.7237,17.704,0,0,0.919173735881108,6.63786870316956,-6.07430451363735
7.1051,1.5261,116780,337.48,2.735,17.777,0,0,0.91891293766819,6.6406394117956,-6.07001170372577
7.0931,1.5384,115860,335.52,2.7462,17.851,0,0,0.918550755640533,6.64359947838881,-6.06613328041692
7.0812,1.5508,114950,333.56,2.7575,17.924,0,0,0.918231696552556,6.64674331641786,-6.06254707939534
7.0692,1.5632,114040,331.6,2.7687,17.997,0,0,0.917902490850721,6.65006769107817,-6.05930093595601
7.0618,1.5731,113400,330.18,2.78,18.07,0,0,0.91763719390325,6.6525852614807,-6.05668385408571
7.066,1.5767,113450,330.14,2.7912,18.143,0,0,0.917607280236535,6.65265251197891,-6.05490789516057
7.0702,1.5803,113500,330.1,2.8025,18.216,0,0,0.91757752697371,6.65271983801564,-6.05314459418169
7.0743,1.5838,113550,330.07,2.8137,18.289,0,0,0.917533105053985,6.65276946489583,-6.05142639925175
7.0785,1.5874,113600,330.03,2.825,18.362,0,0,0.917503661289779,6.65283692333372,-6.0496877123104
7.0827,1.591,113650,330,2.8362,18.435,0,0,0.917446574962856,6.65288664999426,-6.04794354016173
7.0868,1.5946,113700,329.96,2.8474,18.508,0,0,0.917430393294735,6.65295424071889,-6.04622936817975
7.091,1.5982,113750,329.93,2.8587,18.581,0,0,0.917373611378409,6.65300406707344,-6.0445094587056
7.0952,1.6018,113800,329.89,2.8699,18.655,0,0,0.917344791888827,6.65307178997049,-6.04281936465318
7.1,1.6053,113860,329.86,2.8812,18.728,0,0,0.917291367653393,6.65312098342755,-6.04117089482624
7.1288,1.6038,114430,330.21,2.8924,18.801,0,0,0.917185914427675,6.65245645845412,-6.0412325789415
7.1576,1.6023,115000,330.56,2.9037,18.874,0,0,0.917073716316308,6.65179730460961,-6.04130167467142
7.1864,1.6009,115570,330.91,2.9149,18.947,0,0,0.916954878409254,6.65114354331088,-6.04132946069656
7.2153,1.5994,116140,331.26,2.9262,19.02,0,0,0.916816797276273,6.65049519563832,-6.04141332926568
7.2441,1.598,116710,331.61,2.9374,19.093,0,0,0.916685040305047,6.64985228278947,-6.04145567940069
7.2729,1.5965,117280,331.96,2.9487,19.166,0,0,0.916546947949847,6.64921482595874,-6.04155443433907
7.3017,1.5951,117850,332.31,2.9599,19.239,0,0,0.916402618399462,6.64858284633817,-6.0416114604209
7.3306,1.5936,118420,332.66,2.9712,19.312,0,0,0.916239649196078,6.64795636511861,-6.04172521562102
7.3594,1.5921,118990,333.01,2.9824,19.386,0,0,0.916083184332568,6.64733540349044,-6.04184658364337
7.4258,1.5858,120370,333.91,2.9936,19.459,0,0,0.915945676902159,6.64577062465165,-6.04342262637377
7.5079,1.5775,122100,335.04,3.0049,19.532,0,0,0.915850643413349,6.6438587294035,-6.04570622325649
7.5901,1.5692,123820,336.17,3.0161,19.605,0,0,0.915605679924004,6.64200680219342,-6.04811653798233
7.6723,1.5608,125550,337.3,3.0274,19.678,0,0,0.915374753322717,6.64021402748768,-6.0507067737853
7.7544,1.5525,127270,338.43,3.0386,19.751,0,0,0.915025339134191,6.6384826752083,-6.05337631981559
7.8366,1.5441,129000,339.57,3.0499,19.824,0,0,0.914654017329691,6.63679860887064,-6.05621862639812
7.9187,1.5358,130720,340.7,3.0611,19.897,0,0,0.914197745603647,6.63519128609249,-6.05915693836254
8.0009,1.5275,132450,341.83,3.0724,19.97,0,0,0.913749338681065,6.63364598624597,-6.06223157344841
8.083,1.5191,134170,342.96,3.0836,20.043,0,0,0.913194949394674,6.63216504963483,-6.06550354648524
8.1863,1.5091,136360,344.3,3.0949,20.117,0,0,0.912822726680132,6.6304798464472,-6.06958037693729
8.3341,1.4957,139530,346.07,3.1061,20.19,0,0,0.912786197715742,6.62837078262747,-6.07537437428792
8.4818,1.4822,142690,347.84,3.1174,20.263,0,0,0.912536234757814,6.62642401595815,-6.08160738102353
8.6296,1.4687,145860,349.62,3.1286,20.336,0,0,0.91216500250243,6.62463262932752,-6.08822236346479
8.7773,1.4552,149020,351.39,3.1398,20.409,0,0,0.911629455317145,6.62301827837702,-6.0952494247185
8.9251,1.4417,152190,353.16,3.1511,20.482,0,0,0.911015253256498,6.62157309769111,-6.10268954418582
9.0729,1.4283,155350,354.93,3.1623,20.555,0,0,0.910220378988116,6.62030180667206,-6.1104880597525
9.2206,1.4148,158520,356.7,3.1736,20.628,0,0,0.909381055217834,6.619205581103,-6.11879116486956
9.3684,1.4013,161680,358.48,3.1848,20.701,0,0,0.908343420129699,6.61828633343244,-6.1275442113297
9.5161,1.3878,164850,360.25,3.1961,20.774,0,0,0.907298295976171,6.61755230733429,-6.13676611544753
9.7005,1.3741,168830,362.05,3.2073,20.848,0,0,0.907007919395026,6.61692169323733,-6.14654040520875
9.8901,1.3603,172920,363.85,3.2186,20.921,0,0,0.906663839674972,6.61647232826478,-6.15689132127083
10.08,1.3466,177020,365.66,3.2298,20.994,0,0,0.906167495348702,6.6162185899159,-6.16768971745752
10.269,1.3328,181120,367.46,3.2411,21.067,0,0,0.905633158761911,6.61616314562396,-6.17911341576804
10.459,1.319,185210,369.27,3.2523,21.14,0,0,0.904803710124179,6.6163147143187,-6.19110630925617
10.649,1.3053,189310,371.07,3.2636,21.213,0,0,0.903926283571738,6.6166684590744,-6.20358902006317
10.838,1.2915,193400,372.87,3.2748,21.286,0,0,0.902971432642641,6.61723292909125,-6.21676328698539
11.028,1.2777,197500,374.68,3.286,21.359,0,0,0.901849276838015,6.61801735665822,-6.23056829631779
11.217,1.264,201600,376.48,3.2973,21.432,0,0,0.900732905133345,6.61901321609119,-6.24491451396012
11.399,1.252,205540,378.13,3.3085,21.505,0,0,0.89973081353709,6.62009964771182,-6.25805655244699
11.567,1.2432,209230,379.49,3.3198,21.579,0,0,0.899346427113211,6.621084410558,-6.26810484522322
11.735,1.2344,212920,380.85,3.331,21.652,0,0,0.898883759734404,6.62219784874968,-6.27847634436196
11.903,1.2256,216610,382.22,3.3423,21.725,0,0,0.89832356225386,6.62345490675435,-6.28919160139403
12.07,1.2168,220300,383.58,3.3535,21.798,0,0,0.897791320790726,6.62483271412168,-6.30023355641677
12.238,1.208,223990,384.94,3.3648,21.871,0,0,0.897117377731795,6.62634534865963,-6.31162231019641
12.406,1.1992,227680,386.3,3.376,21.944,0,0,0.896380764003609,6.62799502137593,-6.32336631849596
12.574,1.1904,231370,387.67,3.3873,22.017,0,0,0.895561730200047,6.6298012889558,-6.33549161442695
12.742,1.1816,235060,389.03,3.3985,22.09,0,0,0.8947097463795,6.63173316734446,-6.34797393242253
12.91,1.1728,238750,390.39,3.4098,22.163,0,0,0.893804596787962,6.63380932870502,-6.36083891613376
13.041,1.169,241610,391.32,3.421,22.236,0,0,0.893297453538468,6.6352669430307,-6.36703083794648
13.162,1.1665,244260,392.14,3.4322,22.31,0,0,0.892921853736633,6.63659095801841,-6.3714947930957
13.283,1.1639,246900,392.95,3.4435,22.383,0,0,0.892507253954375,6.63794808719287,-6.37613894719268
13.404,1.1614,249550,393.77,3.4547,22.456,0,0,0.892081760338667,6.63937877946767,-6.38075108154343
13.525,1.1589,252190,394.59,3.466,22.529,0,0,0.89159709222361,6.6408655116218,-6.38543986716608
13.647,1.1564,254840,395.4,3.4772,22.602,0,0,0.891082409012439,6.64238220860008,-6.39017940743552
13.768,1.1539,257490,396.22,3.4885,22.675,0,0,0.890588835924613,6.64397789419773,-6.39501890651209
13.889,1.1513,260130,397.03,3.4997,22.748,0,0,0.890062020232237,6.64560630974305,-6.40004332926145
14.01,1.1488,262780,397.85,3.511,22.821,0,0,0.889526602983393,6.64731506015078,-6.4050392398204
14.126,1.1466,265260,398.55,3.5222,22.894,0,0,0.888983868444632,6.64878636522289,-6.40942104975681
14.213,1.1465,266780,398.61,3.5335,22.968,0,0,0.888471400979937,6.64871490628438,-6.40948228473134
14.3,1.1463,268310,398.66,3.5447,23.041,0,0,0.888019064949518,6.64861516669662,-6.40964803715987
14.387,1.1462,269830,398.71,3.556,23.114,0,0,0.88753807233787,6.64851692432265,-6.40968259291337
14.474,1.1461,271350,398.76,3.5672,23.187,0,0,0.887061643331913,6.64841865310059,-6.40971715458118
14.561,1.1459,272870,398.81,3.5784,23.26,0,0,0.8865896965865,6.6483203528576,-6.40988462445363
14.648,1.1458,274400,398.87,3.5897,23.333,0,0,0.886132230323951,6.64824732921544,-6.40994453806133
14.735,1.1456,275920,398.92,3.6009,23.406,0,0,0.885668831438548,6.64814898629315,-6.41011217408379
14.823,1.1455,277440,398.97,3.6122,23.479,0,0,0.885149965663384,6.64805061380856,-6.41014684331842
14.91,1.1454,278970,399.02,3.6234,23.552,0,0,0.884727089360277,6.6479506795603,-6.4101799856368
14.979,1.1466,279920,398.74,3.6347,23.625,0,0,0.884271106224788,6.64705679039867,-6.40769147493259
15.027,1.1496,280120,398,3.6459,23.698,0,0,0.883716348908301,6.64508674518906,-6.40175670004068
15.074,1.1526,280330,397.27,3.6572,23.772,0,0,0.883241417589949,6.64319542447925,-6.39593156766821
15.121,1.1556,280530,396.54,3.6684,23.845,0,0,0.882746341784037,6.6413585398298,-6.39019146873344
15.168,1.1586,280730,395.81,3.6797,23.918,0,0,0.882262608796252,6.63957389273546,-6.38453388823471
15.215,1.1616,280940,395.08,3.6909,23.991,0,0,0.881821547489117,6.63783936625223,-6.37895639681329
15.263,1.1647,281140,394.35,3.7022,24.064,0,0,0.881302539410713,6.63615721900886,-6.37333434178724
15.31,1.1677,281350,393.62,3.7134,24.137,0,0,0.880883960375988,6.6345239381879,-6.36791808505282
15.357,1.1707,281550,392.89,3.7246,24.21,0,0,0.880445144411604,6.63294175894795,-6.36258197503557
15.404,1.1737,281750,392.16,3.7359,24.283,0,0,0.880017383803743,6.63140865056499,-6.35732368443158
15.411,1.1761,281460,391.65,3.7471,24.356,0,0,0.87985653169306,6.6304256829262,-6.35338107308675
15.396,1.1783,280900,391.27,3.7584,24.43,0,0,0.879815111070881,6.62975523578428,-6.35001349100807
15.381,1.1804,280350,390.88,3.7696,24.503,0,0,0.879825751320577,6.62907626974335,-6.34677404227358
15.366,1.1826,279790,390.5,3.7809,24.576,0,0,0.879780742753233,6.62843013792772,-6.34346011670363
15.351,1.1847,279240,390.11,3.7921,24.649,0,0,0.87978794107923,6.62777602362652,-6.34027332388519
15.336,1.1869,278680,389.73,3.8034,24.722,0,0,0.879739303143681,6.62715394015036,-6.33701236378579
15.321,1.189,278130,389.34,3.8146,24.795,0,0,0.87974301859801,6.62652440664724,-6.33387755482853
15.306,1.1912,277570,388.96,3.8259,24.868,0,0,0.879690709384708,6.62592611159153,-6.33066888386241
15.291,1.1933,277020,388.57,3.8371,24.941,0,0,0.879690900533256,6.62532089506281,-6.32758540103669
15.276,1.1955,276460,388.19,3.8484,25.014,0,0,0.879634877639759,6.62474613528816,-6.32442835711506
15.218,1.1998,275130,387.71,3.8596,25.087,0,0,0.87982742687182,6.62411816553547,-6.31879414934463
15.15,1.2047,273630,387.2,3.8708,25.16,0,0,0.880115884658792,6.62348116374524,-6.31251758620364
15.081,1.2095,272120,386.7,3.8821,25.234,0,0,0.880400500282958,6.6228804037992,-6.30645868316773
15.013,1.2144,270620,386.2,3.8933,25.307,0,0,0.880651878996266,6.62229665053765,-6.30036969929295
14.945,1.2192,269110,385.7,3.9046,25.38,0,0,0.88086308163401,6.62173237545265,-6.29447677649701
14.876,1.2241,267610,385.19,3.9158,25.453,0,0,0.881181346196039,6.6211703342053,-6.28853960278881
14.808,1.2289,266100,384.69,3.9271,25.526,0,0,0.881376977760355,6.62064250035649,-6.28280855238628
14.74,1.2337,264600,384.19,3.9383,25.599,0,0,0.881597662923644,6.6201312802248,-6.27715473048897
14.671,1.2386,263090,383.69,3.9496,25.672,0,0,0.881836912397846,6.6196390879196,-6.27147434703937
14.603,1.2434,261590,383.18,3.9608,25.745,0,0,0.882064512925772,6.61915027136737,-6.26596257722504
14.502,1.2503,259370,382.39,3.9721,25.818,0,0,0.882489293697016,6.61841654777295,-6.25810945832957
14.398,1.2574,257080,381.56,3.9833,25.892,0,0,0.882932315334913,6.61768775769754,-6.25017691955301
14.293,1.2645,254790,380.73,3.9946,25.965,0,0,0.883417537689358,6.61700703316384,-6.24241344961478
14.189,1.2716,252500,379.9,4.0058,26.038,0,0,0.883821232411857,6.61637393736409,-6.23481591677027
14.084,1.2787,250210,379.08,4.017,26.111,0,0,0.884243558873626,6.61579807580326,-6.22739130619767
13.98,1.2857,247920,378.25,4.0283,26.184,0,0,0.884605398715492,6.61525837231364,-6.22021008721533
13.876,1.2928,245630,377.42,4.0395,26.257,0,0,0.884945116874748,6.61476504860384,-6.21309027407193
13.771,1.2999,243340,376.6,4.0508,26.33,0,0,0.885302804799873,6.61432598142111,-6.20613300148451
13.667,1.307,241050,375.77,4.062,26.403,0,0,0.885596654024019,6.61392364546759,-6.19931839763779
13.563,1.3141,238760,374.94,4.0733,26.476,0,0,0.885866265698751,6.61356651520668,-6.19265265369649
13.446,1.3226,236230,373.96,4.0845,26.549,0,0,0.886422808477735,6.61318320570375,-6.18484999558367
13.328,1.3311,233680,372.96,4.0958,26.622,0,0,0.886989408813233,6.61285282289948,-6.17724194298755
13.21,1.3397,231130,371.96,4.107,26.696,0,0,0.887526630464448,6.61258674836927,-6.16975310591354
13.092,1.3482,228590,370.97,4.1183,26.769,0,0,0.888048267529497,6.61238772271661,-6.16255069089071
12.974,1.3568,226040,369.97,4.1295,26.842,0,0,0.888523719284594,6.61224772349375,-6.15545844127588
12.856,1.3654,223490,368.97,4.1408,26.915,0,0,0.888966317196151,6.61217016824087,-6.14855958816125
12.739,1.3739,220950,367.97,4.152,26.988,0,0,0.889345241930679,6.61215341683144,-6.1419263342794
12.621,1.3825,218400,366.98,4.1632,27.061,0,0,0.889693876303948,6.61220083881653,-6.13540322985146
12.503,1.3911,215850,365.98,4.1745,27.134,0,0,0.890029905459219,6.61230643696928,-6.12905978461761
12.385,1.3996,213300,364.98,4.1857,27.207,0,0,0.890327746460774,6.6124721469543,-6.12296789877201
12.271,1.4083,210890,363.96,4.197,27.28,0,0,0.890935993734166,6.61268347651433,-6.11689137123112
12.159,1.417,208500,362.93,4.2082,27.354,0,0,0.891475603393072,6.61295525634645,-6.11099075532074
12.046,1.4257,206100,361.9,4.2195,27.427,0,0,0.892011965847557,6.61329048530422,-6.10526624020769
11.933,1.4344,203710,360.87,4.2307,27.5,0,0,0.8925572026277,6.61368660112039,-6.09971253888605
11.82,1.4432,201310,359.84,4.242,27.573,0,0,0.893022835960665,6.61414495346187,-6.09426181621082
11.708,1.4519,198920,358.81,4.2532,27.646,0,0,0.893419297679439,6.61466303675768,-6.08904327569741
11.595,1.4606,196530,357.78,4.2645,27.719,0,0,0.893853143579786,6.61524123925675,-6.08398705862997
11.482,1.4693,194130,356.75,4.2757,27.792,0,0,0.894201225275855,6.61587991691559,-6.07909110746428
11.369,1.478,191740,355.72,4.287,27.865,0,0,0.89455346714544,6.6165766426187,-6.07435065240774
11.256,1.4867,189340,354.69,4.2982,27.938,0,0,0.894815450771791,6.61733270201904,-6.06976470478047
11.157,1.4948,187260,353.73,4.3094,28.011,0,0,0.895261322456466,6.61807536111373,-6.06561738513077
11.061,1.5028,185270,352.79,4.3207,28.084,0,0,0.895815501255326,6.61884690687732,-6.06163672645215
10.966,1.5108,183280,351.85,4.3319,28.158,0,0,0.896258752147282,6.61966611387469,-6.05777902068793
10.87,1.5187,181290,350.91,4.3432,28.231,0,0,0.896752695255668,6.62053256379377,-6.05409935882757
10.774,1.5267,179300,349.98,4.3544,28.304,0,0,0.897189581886455,6.62143771932149,-6.05047258706671
10.679,1.5347,177310,349.04,4.3657,28.377,0,0,0.897535373069242,6.62239690410785,-6.04697053103175
10.583,1.5426,175320,348.1,4.3769,28.45,0,0,0.897930602306634,6.62340209822269,-6.04363818719366
10.487,1.5506,173330,347.16,4.3882,28.523,0,0,0.898290733635849,6.62445289376917,-6.04036392634001
10.392,1.5586,171340,346.22,4.3994,28.596,0,0,0.898527974520968,6.62554888495145,-6.03720128915215
10.296,1.5665,169340,345.29,4.4107,28.669,0,0,0.898733957136601,6.62667989157015,-6.03419076523374
10.214,1.5736,167660,344.46,4.4219,28.742,0,0,0.899122656704639,6.62771728766853,-6.03155912227094
10.142,1.5801,166180,343.7,4.4332,28.816,0,0,0.899497056867606,6.62869261097196,-6.0292187404936
10.07,1.5866,164700,342.95,4.4444,28.889,0,0,0.899823750096119,6.62968484306645,-6.02693593542353
9.9978,1.5931,163230,342.19,4.4556,28.962,0,0,0.900227659587057,6.63071619522083,-6.02473225596954
9.9256,1.5997,161750,341.44,4.4669,29.035,0,0,0.90052806624634,6.63176408758114,-6.02253561316517
9.8534,1.6062,160270,340.68,4.4781,29.108,0,0,0.900831606447069,6.63285225366904,-6.020467415878
9.7812,1.6127,158800,339.93,4.4894,29.181,0,0,0.901141509242055,6.63395418069727,-6.01845106780855
9.709,1.6192,157320,339.18,4.5006,29.254,0,0,0.901370480909695,6.63508382862101,-6.01649991854587
9.6367,1.6257,155850,338.42,4.5119,29.327,0,0,0.901667833430995,6.63625346259943,-6.01462563506061
9.5645,1.6322,154370,337.67,4.5231,29.4,0,0,0.901845796197419,6.63743671329977,-6.01280126171873
9.5036,1.638,153100,336.96,4.5344,29.473,0,0,0.902054594187413,6.63857095541916,-6.01128195084077
9.4645,1.6424,152220,336.35,4.5456,29.546,0,0,0.902208138549554,6.63954797659866,-6.01026465676139
9.4254,1.6467,151340,335.74,4.5569,29.62,0,0,0.902349919352599,6.64054241961074,-6.00932553515902
9.3863,1.6511,150470,335.13,4.5681,29.693,0,0,0.902539699471184,6.64155340937919,-6.00837361096442
9.3472,1.6555,149590,334.52,4.5794,29.766,0,0,0.902657654225755,6.64258236274321,-6.00745528069852
9.3082,1.6599,148720,333.91,4.5906,29.839,0,0,0.902814187786876,6.64362764585917,-6.00656874500836
9.2691,1.6642,147840,333.31,4.6018,29.912,0,0,0.902880291390974,6.64467418166533,-6.00574215197416
9.23,1.6686,146970,332.7,4.6131,29.985,0,0,0.903021982696005,6.64575302825307,-6.00491927925664
9.1909,1.673,146090,332.09,4.6243,30.058,0,0,0.903089474137173,6.64684937621054,-6.00412889276848
9.1518,1.6774,145220,331.48,4.6356,30.131,0,0,0.903205787991631,6.64796162183929,-6.00336923179007
9.1134,1.6817,144350,330.87,4.6468,30.204,0,0,0.903239859826736,6.64909040057533,-6.00268282482087
9.1091,1.6836,144150,330.58,4.6581,30.278,0,0,0.903205829557039,6.64961709715798,-6.00241188952301
9.1047,1.6855,143950,330.3,4.6693,30.351,0,0,0.903153533840893,6.65012971656321,-6.00212957294727
9.1004,1.6875,143750,330.01,4.6806,30.424,0,0,0.90311779955432,6.65066381330449,-6.0018297941001
9.0961,1.6894,143550,329.72,4.6918,30.497,0,0,0.903081217563237,6.65120165697415,-6.00157819753249
9.0918,1.6913,143350,329.43,4.7031,30.57,0,0,0.903043784514352,6.65174323498652,-6.00133299437539
9.0874,1.6932,143150,329.14,4.7143,30.643,0,0,0.903015433936553,6.65228853475657,-6.00109416011511
9.0831,1.6951,142950,328.86,4.7256,30.716,0,0,0.902948835157541,6.65281905082475,-6.00084317743027
9.0788,1.6971,142750,328.57,4.7368,30.789,0,0,0.902908809926551,6.6533716279583,-6.00057595830737
9.0744,1.699,142550,328.28,4.748,30.862,0,0,0.902877869680444,6.65392788953504,-6.00035609350226
9.0701,1.7009,142350,327.99,4.7593,30.935,0,0,0.902836116020964,6.65448782296948,-6.00014250003103
9.0739,1.7012,142390,327.94,4.7705,31.008,0,0,0.902849245252497,6.65457937143587,-6.00011214953212
9.0826,1.7006,142560,328.03,4.7818,31.082,0,0,0.902813542406705,6.65439723187022,-6.00017387241475
9.0912,1.7,142730,328.12,4.793,31.155,0,0,0.90278738372734,6.65421543401498,-6.00023619526065
9.0999,1.6994,142890,328.21,4.8043,31.228,0,0,0.902687726721111,6.65403469962031,-6.00029984018477
9.1085,1.6988,143060,328.31,4.8155,31.301,0,0,0.902633353691746,6.65383484794242,-6.00034462680875
9.1171,1.6982,143230,328.4,4.8268,31.374,0,0,0.902606081892546,6.65365411689347,-6.00040879341081
9.1258,1.6976,143400,328.49,4.838,31.447,0,0,0.902568519905573,6.65347372900411,-6.00047356288835
9.1344,1.697,143570,328.58,4.8493,31.52,0,0,0.902540459655789,6.65329368462606,-6.00053893596044
9.1431,1.6964,143740,328.67,4.8605,31.593,0,0,0.902502131637939,6.6531139841112,-6.00060491334698
9.1517,1.6958,143910,328.76,4.8718,31.666,0,0,0.902473288856411,6.65293462781107,-6.00067149576819
9.1649,1.6947,144170,328.91,4.883,31.74,0,0,0.902389888866541,6.65263815896274,-6.00082659320911
9.2011,1.6913,144910,329.32,4.8942,31.813,0,0,0.902328405676061,6.65183059315335,-6.00142035254222
9.2373,1.6879,145640,329.74,4.9055,31.886,0,0,0.902169454237018,6.65101285698503,-6.00201241826717
9.2734,1.6845,146370,330.15,4.9167,31.959,0,0,0.902040233101683,6.65022066539955,-6.00263857383275
9.3096,1.681,147100,330.56,4.928,32.032,0,0,0.901893967305665,6.64943575845355,-6.00332272907845
9.3457,1.6776,147830,330.98,4.9392,32.105,0,0,0.901722942929607,6.64864060827612,-6.00396348135888
9.3819,1.6742,148560,331.39,4.9505,32.178,0,0,0.901562465431107,6.64787055467601,-6.00463808727789
9.418,1.6708,149300,331.8,4.9617,32.251,0,0,0.901465001507083,6.64710714451458,-6.00532816505016
9.4542,1.6674,150030,332.22,4.973,32.324,0,0,0.901263286897796,6.64633489055555,-6.00601829952096
9.4903,1.664,150760,332.63,4.9842,32.397,0,0,0.901091518973909,6.64558727746911,-6.00674204817917
9.5265,1.6605,151490,333.05,4.9955,32.471,0,0,0.900876558109333,6.64483052714674,-6.00750938562591
9.5942,1.6545,152880,333.79,5.0067,32.544,0,0,0.900726033857138,6.64350862265985,-6.00882274120118
9.6802,1.6469,154650,334.73,5.018,32.617,0,0,0.900523575387703,6.64186465488355,-6.01055820561964
9.7661,1.6393,156410,335.66,5.0292,32.69,0,0,0.900259865439576,6.64027699300231,-6.01239708721612
9.852,1.6316,158180,336.59,5.0404,32.763,0,0,0.900015708249885,6.63872821804555,-6.01436888823418
9.938,1.624,159940,337.53,5.0517,32.836,0,0,0.899642264920057,6.63720572913228,-6.01637047469757
10.024,1.6164,161710,338.46,5.0629,32.909,0,0,0.899316578305696,6.63573785888936,-6.01847650516175
10.11,1.6088,163480,339.4,5.0742,32.982,0,0,0.898929775383799,6.63429717937062,-6.02066049540394
10.196,1.6012,165240,340.33,5.0854,33.055,0,0,0.898481741833444,6.63291256641094,-6.02295228743206
10.282,1.5936,167010,341.27,5.0967,33.128,0,0,0.898030101913309,6.63155605623595,-6.02532490673836
10.368,1.586,168780,342.2,5.1079,33.201,0,0,0.897573700979521,6.63025468126031,-6.02780639876324
10.455,1.5783,170580,343.15,5.1192,33.275,0,0,0.8971069063533,6.62896972604071,-6.0304099506539
10.597,1.5671,173550,344.54,5.1304,33.348,0,0,0.896863117885017,6.62714239832543,-6.03434128204996
10.738,1.5559,176520,345.94,5.1417,33.421,0,0,0.896589954080066,6.62540093179854,-6.03848328119829
10.879,1.5447,179490,347.33,5.1529,33.494,0,0,0.896258143776109,6.62376797646018,-6.04286223087954
11.021,1.5334,182470,348.73,5.1642,33.567,0,0,0.895788103010359,6.62222409687669,-6.047517926855
11.162,1.5222,185440,350.12,5.1754,33.64,0,0,0.895300054732381,6.62079074023319,-6.05236602402717
11.304,1.511,188410,351.51,5.1866,33.713,0,0,0.89466046534928,6.61945879672579,-6.05745573162324
11.445,1.4998,191380,352.91,5.1979,33.786,0,0,0.894006999391384,6.61822303590466,-6.06278602257554
11.586,1.4886,194360,354.3,5.2091,33.859,0,0,0.893359673268344,6.61709779849995,-6.0683755997171
11.728,1.4774,197330,355.7,5.2204,33.932,0,0,0.892502464053983,6.61607392391694,-6.07421983052345
11.869,1.4662,200300,357.09,5.2316,34.006,0,0,0.891688696901009,6.61516266799888,-6.0803346725112
12.014,1.4554,203360,358.45,5.2429,34.079,0,0,0.89099127506389,6.61436131314376,-6.08646268108769
12.163,1.4455,206560,359.73,5.2541,34.152,0,0,0.890744174806916,6.6136720420663,-6.09226224932099
12.313,1.4357,209760,361.02,5.2654,34.225,0,0,0.890331344967156,6.61307381365732,-6.09821997478137
12.463,1.4258,212960,362.3,5.2766,34.298,0,0,0.889879576540691,6.61257224345537,-6.10447899029287
12.613,1.4159,216160,363.59,5.2879,34.371,0,0,0.889342682923126,6.61216549387401,-6.1109751320594
12.763,1.406,219370,364.87,5.2991,34.444,0,0,0.888813085246736,6.61185511621311,-6.11771397349819
12.912,1.3961,222570,366.16,5.3104,34.517,0,0,0.8882318448064,6.61164444506248,-6.12470301442811
13.062,1.3862,225770,367.44,5.3216,34.59,0,0,0.8875529085711,6.6115319156998,-6.13194500462189
13.212,1.3763,228970,368.73,5.3328,34.664,0,0,0.886799983019606,6.61152212577017,-6.13944901195091
13.362,1.3665,232180,370.01,5.3441,34.737,0,0,0.886061789059915,6.61161023734993,-6.14713644339177
13.511,1.3566,235380,371.3,5.3553,34.81,0,0,0.885281208453185,6.61180631004836,-6.15517720791595
13.629,1.3506,237860,372.19,5.3666,34.883,0,0,0.884742425217646,6.61197326162019,-6.16018270104556
13.724,1.3472,239840,372.83,5.3778,34.956,0,0,0.884411102040353,6.61210262563496,-6.16308264718754
13.82,1.3438,241830,373.47,5.3891,35.029,0,0,0.884037202452527,6.61225658112753,-6.16602824126918
13.915,1.3404,243820,374.1,5.4003,35.102,0,0,0.883735982958082,6.61242990742834,-6.16901447653526
14.011,1.337,245810,374.74,5.4116,35.175,0,0,0.883333073922596,6.6126352648842,-6.17205422997031
14.106,1.3337,247800,375.38,5.4228,35.248,0,0,0.882979097861812,6.61286677813712,-6.17505753070753
14.202,1.3303,249780,376.01,5.4341,35.321,0,0,0.882536931190445,6.61311798190556,-6.17818611734102
14.297,1.3269,251770,376.65,5.4453,35.395,0,0,0.882155652707638,6.61340186787905,-6.18136953320724
14.393,1.3235,253760,377.28,5.4566,35.468,0,0,0.881723035715128,6.61370376171196,-6.18459333183068
14.488,1.3201,255750,377.92,5.4678,35.541,0,0,0.881315604037735,6.61404067481885,-6.18787475543431
14.584,1.3167,257730,378.56,5.479,35.614,0,0,0.880800850990064,6.61440575174564,-6.19120718235623
14.629,1.3162,258600,378.74,5.4903,35.687,0,0,0.880636813017453,6.61447659202146,-6.191716338229
14.66,1.3165,259120,378.79,5.5015,35.76,0,0,0.880425453925934,6.61446395975854,-6.19144065667946
14.691,1.3168,259650,378.84,5.5128,35.833,0,0,0.880248453332681,6.61445027126745,-6.19116409866891
14.722,1.3171,260180,378.89,5.524,35.906,0,0,0.880071755475147,6.61443669950306,-6.19088783698844
14.753,1.3174,260710,378.94,5.5353,35.979,0,0,0.879895358619807,6.61442324447946,-6.19061187148857
14.783,1.3176,261240,378.99,5.5465,36.052,0,0,0.879778769892954,6.61440990621075,-6.19042362584377
14.814,1.3179,261770,379.04,5.5578,36.125,0,0,0.879602833502817,6.61439668471103,-6.19014819257112
14.845,1.3182,262300,379.09,5.569,36.199,0,0,0.879427193589979,6.61438357999422,-6.18987305508589
14.876,1.3185,262820,379.14,5.5803,36.272,0,0,0.879218395221018,6.61437177009273,-6.1895993912576
14.906,1.3188,263350,379.19,5.5915,36.345,0,0,0.879102389660598,6.6143588996211,-6.18932484553805
14.937,1.3191,263880,379.24,5.6028,36.418,0,0,0.878927568728981,6.61434614597517,-6.18905059516058
14.922,1.3207,263540,379.1,5.614,36.491,0,0,0.879001977112724,6.61424745314601,-6.18756026134572
14.901,1.3224,263060,378.93,5.6252,36.564,0,0,0.879031709196264,6.61413730512304,-6.1859770260433
14.879,1.3242,262580,378.76,5.6365,36.637,0,0,0.879119518962009,6.61402910080735,-6.18431526196278
14.858,1.3259,262110,378.59,5.6477,36.71,0,0,0.879180867273842,6.61392166644135,-6.18274638259882
14.836,1.3277,261630,378.42,5.659,36.783,0,0,0.879266983259456,6.61381734151435,-6.18110076003729
14.815,1.3294,261160,378.25,5.6702,36.856,0,0,0.879326573420513,6.61371378431302,-6.17954727775837
14.793,1.3312,260680,378.08,5.6815,36.93,0,0,0.879410974787827,6.61361332503224,-6.17791765426671
14.771,1.3329,260210,377.91,5.6927,37.003,0,0,0.879528326036894,6.61351363127909,-6.17637943459855
14.75,1.3347,259730,377.73,5.704,37.076,0,0,0.879574736637882,6.61340812974518,-6.17475677525497
14.728,1.3364,259260,377.56,5.7152,37.149,0,0,0.879690484281936,6.61331240526639,-6.17323380484413
14.707,1.3382,258780,377.39,5.7265,37.222,0,0,0.879711680404325,6.61321975558018,-6.17163587838491
14.648,1.3422,257510,376.94,5.7377,37.295,0,0,0.879969605571661,6.61298366344072,-6.16807638268696
14.585,1.3465,256150,376.45,5.749,37.368,0,0,0.880247409556917,6.61273914464997,-6.16429218702345
14.523,1.3508,254790,375.96,5.7602,37.441,0,0,0.880457770963143,6.61251039658677,-6.16055751180267
14.46,1.3551,253440,375.47,5.7714,37.514,0,0,0.880756292584079,6.61229621237788,-6.15687072245373
14.397,1.3593,252080,374.98,5.7827,37.588,0,0,0.881013191457977,6.61209877860233,-6.153313207169
14.334,1.3636,250720,374.5,5.7939,37.661,0,0,0.881239361935322,6.61192353956565,-6.14972999997221
14.272,1.3679,249360,374.01,5.8052,37.734,0,0,0.881419934497282,6.61175677613179,-6.14618735672846
14.209,1.3722,248000,373.52,5.8164,37.807,0,0,0.881654515297912,6.61160540299024,-6.14269179054296
14.146,1.3765,246640,373.03,5.8277,37.88,0,0,0.881881491863076,6.61146934614416,-6.13924283209727
14.083,1.3807,245280,372.54,5.8389,37.953,0,0,0.882100723719388,6.61134853235492,-6.13591599644928
14.021,1.385,243920,372.05,5.8502,38.026,0,0,0.882249139766533,6.61124288912106,-6.13255816756858
13.933,1.391,242040,371.35,5.8614,38.099,0,0,0.882639195445287,6.61111137012697,-6.12793901999278
13.84,1.3973,240070,370.6,5.8727,38.172,0,0,0.883121621536517,6.61099979797851,-6.12317751725512
13.748,1.4035,238100,369.85,5.8839,38.245,0,0,0.883524057258364,6.61092330496233,-6.11858590072495
13.656,1.4098,236130,369.1,5.8952,38.319,0,0,0.88390938321367,6.61088163952158,-6.11401717008534
13.564,1.4161,234160,368.36,5.9064,38.392,0,0,0.884253106900629,6.6108771615088,-6.1095459129167
13.471,1.4224,232190,367.61,5.9176,38.465,0,0,0.884668347439725,6.61090393200124,-6.10516512460526
13.379,1.4287,230220,366.86,5.9289,38.538,0,0,0.884999783629431,6.61096479901112,-6.10087661091669
13.287,1.4349,228250,366.12,5.9401,38.611,0,0,0.885287899044909,6.61106071426831,-6.09674799341082
13.195,1.4412,226280,365.37,5.9514,38.684,0,0,0.885580450392327,6.61118859327632,-6.0926389281308
13.102,1.4475,224310,364.62,5.9626,38.757,0,0,0.885920362635857,6.61134986460364,-6.08861845645249
13.01,1.4538,222340,363.88,5.9739,38.83,0,0,0.886147974474494,6.61154410120101,-6.08468519655028
12.914,1.4606,220300,363.06,5.9851,38.903,0,0,0.886542259256242,6.61178262924179,-6.08052844861501
12.816,1.4676,218250,362.21,5.9964,38.976,0,0,0.887085433188319,6.61206500758852,-6.0763499445286
12.718,1.4746,216190,361.36,6.0076,39.049,0,0,0.887566360445272,6.61239032713155,-6.0722777588293
12.621,1.4815,214130,360.51,6.0189,39.123,0,0,0.887954197937274,6.61275727350292,-6.06837088309149
12.523,1.4885,212080,359.67,6.0301,39.196,0,0,0.888405522669664,6.61316183691672,-6.06450027541435
12.425,1.4955,210020,358.82,6.0414,39.269,0,0,0.888815757133282,6.61361057503737,-6.06073373432913
12.327,1.5025,207960,357.97,6.0526,39.342,0,0,0.889200936560661,6.6140999801733,-6.05706663862663
12.23,1.5095,205900,357.12,6.0638,39.415,0,0,0.889487495397302,6.61462973716774,-6.053497585391
12.132,1.5165,203850,356.27,6.0751,39.488,0,0,0.889863084715027,6.61519861229104,-6.05002427818034
12.034,1.5235,201790,355.43,6.0863,39.561,0,0,0.890142797249234,6.6158029599998,-6.04664203309693
11.936,1.5305,199730,354.58,6.0976,39.634,0,0,0.890418934553989,6.6164514358373,-6.04335849102069
11.847,1.5371,197860,353.78,6.1088,39.707,0,0,0.890718492799754,6.61709131810367,-6.04034013701408
11.764,1.5434,196150,353.01,6.1201,39.78,0,0,0.891190234336485,6.61773176260959,-6.03753231738106
11.681,1.5497,194440,352.25,6.1313,39.854,0,0,0.891617773443305,6.61839708930746,-6.03479134911439
11.599,1.556,192740,351.49,6.1426,39.927,0,0,0.891995088136719,6.61909231579317,-6.03212157148141
11.516,1.5623,191030,350.73,6.1538,40,0,0,0.892382684210245,6.61981899226753,-6.02952387000362
11.433,1.5686,189320,349.96,6.1651,40.073,0,0,0.892774988580898,6.62058422726188,-6.02700470185403
11.351,1.5749,187610,349.2,6.1763,40.146,0,0,0.893041734305498,6.6213717953604,-6.02454720326032
11.268,1.5812,185900,348.44,6.1876,40.219,0,0,0.893364471311219,6.62218928182294,-6.02215833381758
11.185,1.5875,184190,347.68,6.1988,40.292,0,0,0.893664447628154,6.62303647451387,-6.01983726811546
11.103,1.5937,182480,346.91,6.21,40.365,0,0,0.893886223239721,6.62392299483227,-6.01764243120447
11.02,1.6,180770,346.15,6.2213,40.438,0,0,0.894138011510366,6.62482936378334,-6.01545436378334
10.945,1.6058,179220,345.45,6.2325,40.512,0,0,0.89435438457892,6.62568782002646,-6.01349611385286
10.89,1.6102,178110,344.92,6.2438,40.585,0,0,0.894676802322575,6.62634884841941,-6.01204060378451
10.836,1.6146,177000,344.39,6.255,40.658,0,0,0.894906923373151,6.62702391472114,-6.01061641158439
10.781,1.6189,175890,343.86,6.2663,40.731,0,0,0.895209277641257,6.62771294742713,-6.00927041165437
10.727,1.6233,174780,343.34,6.2775,40.804,0,0,0.895391942642008,6.6284041958416,-6.00789601902426
10.672,1.6277,173670,342.81,6.2888,40.877,0,0,0.895673316321129,6.62912067927769,-6.00656359029195
10.618,1.632,172560,342.28,6.3,40.95,0,0,0.895859736630719,6.62985091680271,-6.0053074719738
10.563,1.6364,171460,341.75,6.3113,41.023,0,0,0.89617153791575,6.63059403139994,-6.00403422399709
10.509,1.6408,170350,341.22,6.3225,41.096,0,0,0.896335087896929,6.63135156784694,-6.00279159745755
10.454,1.6452,169240,340.69,6.3338,41.169,0,0,0.896572192697171,6.63212264559859,-6.00157853874225
10.4,1.6495,168130,340.16,6.345,41.243,0,0,0.896711544947003,6.63290719391651,-6.00043936515599
10.345,1.6539,167020,339.63,6.3562,41.316,0,0,0.896924876815092,6.63370514213699,-5.99928436525489
10.316,1.6556,166390,339.26,6.3675,41.389,0,0,0.897030812204797,6.63425867285645,-5.99908751471867
10.29,1.657,165810,338.91,6.3787,41.462,0,0,0.897088091172794,6.6347870519889,-5.99899966620143
10.263,1.6584,165230,338.55,6.39,41.535,0,0,0.897254998102071,6.63533532284385,-5.99893326938227
10.236,1.6598,164640,338.19,6.4012,41.608,0,0,0.897363599442761,6.63589054142209,-5.99887537500102
10.21,1.6612,164060,337.84,6.4125,41.681,0,0,0.897408186696821,6.63643672042174,-5.99880999051698
10.183,1.6626,163480,337.48,6.4237,41.754,0,0,0.897563069773248,6.63700324465378,-5.99876649552434
10.157,1.664,162900,337.12,6.435,41.827,0,0,0.897625628855136,6.63757586701204,-5.9987306377221
10.13,1.6654,162320,336.77,6.4462,41.9,0,0,0.897745676263497,6.63813965260187,-5.99868747704259
10.104,1.6668,161730,336.41,6.4575,41.973,0,0,0.897743940402256,6.63872500154255,-5.99866740845382
10.077,1.6683,161150,336.06,6.4687,42.047,0,0,0.897855316578518,6.63930035875131,-5.99859579462965
10.051,1.6697,160570,335.7,6.48,42.12,0,0,0.897899900708778,6.63989680304606,-5.99858997177663
10.037,1.6704,160240,335.48,6.4912,42.193,0,0,0.897892839541002,6.64026237651527,-5.9986549793837
10.036,1.6706,160190,335.4,6.5024,42.266,0,0,0.89791622852682,6.64039052053433,-5.99869731683028
10.035,1.6707,160130,335.32,6.5137,42.339,0,0,0.897883518480077,6.64051973049127,-5.99878363505644
10.034,1.6708,160080,335.24,6.5249,42.412,0,0,0.89790683472238,6.64064847901058,-5.99886949954616
10.033,1.6709,160030,335.16,6.5362,42.485,0,0,0.897930124021969,6.64077752963606,-5.99895567384138
10.032,1.671,159970,335.08,6.5474,42.558,0,0,0.897897257245375,6.64090764388171,-5.99904291945427
10.032,1.6711,159920,335,6.5587,42.631,0,0,0.897830967937239,6.64103729741695,-5.9991297120524
10.031,1.6712,159860,334.92,6.5699,42.704,0,0,0.897797984463361,6.64116801303122,-5.99921757442337
10.03,1.6714,159810,334.84,6.5812,42.778,0,0,0.897821116410631,6.64129826841679,-5.99926214639641
10.029,1.6715,159750,334.76,6.5924,42.851,0,0,0.897788021678293,6.6414295843432,-5.99935063214991
10.028,1.6716,159700,334.68,6.6037,42.924,0,0,0.897811080322596,6.64156044052007,-5.99943866584032
10.027,1.6717,159640,334.6,6.6149,42.997,0,0,0.897777874126622,6.64169235570255,-5.99952776622094
10.038,1.6707,159860,334.71,6.6262,43.07,0,0,0.897734798526062,6.64150060713049,-5.99976451169566
10.049,1.6696,160090,334.83,6.6374,43.143,0,0,0.897720465402665,6.64129281097155,-6.00002894854623
10.06,1.6685,160320,334.95,6.6486,43.216,0,0,0.897705470528778,6.64108566814945,-6.00029497303545
10.072,1.6675,160550,335.07,6.6599,43.289,0,0,0.897600689551263,6.64087917948931,-6.00051944930942
10.083,1.6664,160770,335.19,6.6711,43.362,0,0,0.897528651875905,6.64067410824849,-6.00078933590239
10.094,1.6653,161000,335.31,6.6824,43.436,0,0,0.897511868663782,6.64046893113958,-6.00106005812636
10.105,1.6643,161230,335.43,6.6936,43.509,0,0,0.897494434927054,6.64026441066938,-6.00128899251185
10.116,1.6632,161460,335.55,6.7049,43.582,0,0,0.89747635352416,6.64006054766298,-6.00156283316719
10.128,1.6621,161680,335.67,6.7161,43.655,0,0,0.897313516413404,6.63985810839646,-6.00183904632823
10.139,1.661,161910,335.79,6.7274,43.728,0,0,0.897294326270762,6.63965556355138,-6.00211610519067
10.15,1.66,162140,335.91,6.7386,43.801,0,0,0.897274496619614,6.63945367864711,-6.00235105127013
10.173,1.658,162600,336.15,6.7499,43.874,0,0,0.897144732525315,6.63905189196189,-6.00282529896176
10.214,1.6545,163440,336.58,6.7611,43.947,0,0,0.897012147572305,6.63833743384542,-6.00365155238674
10.255,1.651,164290,337.01,6.7724,44.02,0,0,0.896926400801032,6.63763073655915,-6.00449537561387
10.296,1.6476,165130,337.44,6.7836,44.093,0,0,0.896778143550736,6.63693338322023,-6.00531371392674
10.337,1.6441,165970,337.87,6.7948,44.167,0,0,0.896622383111312,6.63624464049607,-6.00619507464789
10.378,1.6406,166810,338.31,6.8061,44.24,0,0,0.896432743215684,6.6355503619525,-6.0070809590799
10.419,1.6372,167660,338.74,6.8173,44.313,0,0,0.896315838984868,6.63487837692846,-6.00795370370216
10.46,1.6337,168500,339.17,6.8286,44.386,0,0,0.896138053754909,6.63421589972975,-6.00889147423826
10.501,1.6302,169340,339.6,6.8398,44.459,0,0,0.895953243003342,6.63356218585164,-6.00984832623518
10.542,1.6268,170180,340.03,6.8511,44.532,0,0,0.895761520497267,6.6329172733039,-6.01077792784682
10.584,1.6233,171020,340.46,6.8623,44.605,0,0,0.895478383285034,6.63228120012527,-6.01177302330793
10.625,1.6198,171870,340.89,6.8736,44.678,0,0,0.895325609932269,6.63165320449869,-6.01278678143533
10.695,1.6143,173340,341.6,6.8848,44.751,0,0,0.895208653646468,6.63063044754613,-6.01436553059786
10.778,1.6079,175050,342.42,6.8961,44.824,0,0,0.894929745481263,6.62947861106204,-6.01627457129231
10.86,1.6015,176760,343.24,6.9073,44.897,0,0,0.894706113216488,6.62835956372893,-6.01825317053623
10.942,1.5952,178470,344.06,6.9186,44.971,0,0,0.894454922737479,6.62727356863976,-6.02025290786103
11.025,1.5888,180180,344.88,6.9298,45.044,0,0,0.89409590335261,6.62622088955552,-6.02237260209719
11.107,1.5824,181900,345.7,6.941,45.117,0,0,0.893841836471772,6.62520095657466,-6.02456361211523
11.189,1.5761,183610,346.52,6.9523,45.19,0,0,0.893513012045219,6.62421569768719,-6.0267774055562
11.271,1.5697,185320,347.34,6.9635,45.263,0,0,0.893159809061946,6.62326455083503,-6.02911560977086
11.354,1.5633,187030,348.16,6.9748,45.336,0,0,0.89270432875358,6.62234778329271,-6.0315286747955
11.436,1.5569,188740,348.98,6.986,45.409,0,0,0.892305142936745,6.62146566343735,-6.03401753600803
11.518,1.5506,190460,349.8,6.9973,45.482,0,0,0.891930532789847,6.62061759463977,-6.03652862721061
11.6,1.5442,192170,350.62,7.0085,45.555,0,0,0.891487064442439,6.61980557354465,-6.03917127084975
11.703,1.5369,194340,351.57,7.0198,45.628,0,0,0.891204385177478,6.61889253835411,-6.04225152093374
11.806,1.5295,196520,352.52,7.031,45.702,0,0,0.890931564198262,6.61802633571522,-6.04549180425317
11.909,1.5222,198710,353.46,7.0423,45.775,0,0,0.890693504900817,6.61721366456734,-6.04878894836132
12.012,1.5148,200890,354.41,7.0535,45.848,0,0,0.89035081020166,6.61644359762738,-6.05224578638635
12.115,1.5075,203070,355.36,7.0648,45.921,0,0,0.889975271212941,6.61572250244134,-6.05575561493306
12.218,1.5001,205250,356.3,7.076,45.994,0,0,0.889592992122655,6.61505550638585,-6.05944069749643
12.321,1.4928,207440,357.25,7.0872,46.067,0,0,0.889197922030958,6.61443217242648,-6.06317420133208
12.424,1.4854,209620,358.2,7.0985,46.14,0,0,0.888729963858123,6.61386002876936,-6.06708430159775
12.527,1.4781,211800,359.14,7.1097,46.213,0,0,0.888258210312579,6.61334164434617,-6.07105371535913
12.63,1.4707,213990,360.09,7.121,46.286,0,0,0.887775586193036,6.61286985069333,-6.07519957390498
12.733,1.4634,216170,361.04,7.1322,46.36,0,0,0.88722443332398,6.61245060864148,-6.0794043921149
12.833,1.4565,218270,361.94,7.1435,46.433,0,0,0.886652417481361,6.61209806014573,-6.08348660226943
12.913,1.4524,219970,362.58,7.1547,46.506,0,0,0.886454786860084,6.61185568041029,-6.08590935739437
12.992,1.4483,221660,363.23,7.166,46.579,0,0,0.886244874883392,6.61163735212507,-6.08837883022455
13.072,1.4442,223350,363.87,7.1772,46.652,0,0,0.885975672987787,6.61144383824312,-6.09089604147079
13.152,1.4401,225040,364.52,7.1885,46.725,0,0,0.885667458063593,6.6112744720033,-6.09346058580411
13.232,1.436,226730,365.17,7.1997,46.798,0,0,0.885344991358542,6.61113000631652,-6.09607348130507
13.311,1.4319,228420,365.81,7.211,46.871,0,0,0.885099307028028,6.61100959885907,-6.09873415462138
13.391,1.4278,230110,366.46,7.2222,46.944,0,0,0.884748908470092,6.61091497870146,-6.1014446076623
13.471,1.4237,231800,367.11,7.2334,47.017,0,0,0.884385291623806,6.61084571101645,-6.10420468237365
13.55,1.4196,233490,367.75,7.2447,47.09,0,0,0.884098062790974,6.61079973559747,-6.10701259932448
13.63,1.4155,235180,368.4,7.2559,47.164,0,0,0.883708513778135,6.61078122331046,-6.10987281422854
13.71,1.4115,236880,369.05,7.2672,47.237,0,0,0.883343993555348,6.61078747875655,-6.11271179384004
13.775,1.4082,238250,369.56,7.2784,47.31,0,0,0.8830401972833,6.61080673604321,-6.11508624357029
13.798,1.4073,238710,369.69,7.2897,47.383,0,0,0.882959735344275,6.61080248128727,-6.11572719123162
13.821,1.4065,239160,369.81,7.3009,47.456,0,0,0.882865523131421,6.61079675987201,-6.11629602317002
13.845,1.4056,239610,369.94,7.3122,47.529,0,0,0.882683111492515,6.61079550373041,-6.11694231254362
13.868,1.4048,240070,370.07,7.3234,47.602,0,0,0.882600785781505,6.61079419933149,-6.11751764929283
13.891,1.4039,240520,370.2,7.3347,47.675,0,0,0.88248107342086,6.61079497131338,-6.11816832124709
13.914,1.4031,240980,370.32,7.3459,47.748,0,0,0.88242126145783,6.61079183302388,-6.1187439220279
13.937,1.4022,241430,370.45,7.3572,47.821,0,0,0.882300378672758,6.61079455430113,-6.11939890916285
13.96,1.4014,241890,370.58,7.3684,47.895,0,0,0.882215430622682,6.61079722605071,-6.11998242809408
13.983,1.4006,242340,370.71,7.3796,47.968,0,0,0.882093404658122,6.61080198469991,-6.1205690295206
14.006,1.3997,242800,370.83,7.3909,48.041,0,0,0.88203096032175,6.61080250410117,-6.12122531492925
14.029,1.3989,243250,370.96,7.4021,48.114,0,0,0.881907794940677,6.61080922092599,-6.12181599773945
14.042,1.3986,243490,371.02,7.4134,48.187,0,0,0.881818021795796,6.61080919788329,-6.12203522033482
14.026,1.3998,243160,370.9,7.4246,48.26,0,0,0.881912701028539,6.61079337600535,-6.12114326147569
14.01,1.4011,242820,370.77,7.4359,48.333,0,0,0.88199447155535,6.61077537286867,-6.12017864916003
13.995,1.4024,242480,370.65,7.4471,48.406,0,0,0.88198895485792,6.61076248742244,-6.11922178578441
13.979,1.4036,242140,370.53,7.4584,48.479,0,0,0.882045903189197,6.61075049269378,-6.11834075381527
13.963,1.4049,241800,370.4,7.4696,48.553,0,0,0.882126178995931,6.61073548142069,-6.11738679736312
13.947,1.4061,241470,370.28,7.4809,48.626,0,0,0.882218694844904,6.61072427825033,-6.11651118604828
13.931,1.4074,241130,370.15,7.4921,48.699,0,0,0.882298072807018,6.61071128544416,-6.11556424510122
13.916,1.4087,240790,370.03,7.5034,48.772,0,0,0.882289724613236,6.61070300046025,-6.11462459642791
13.9,1.4099,240450,369.91,7.5146,48.845,0,0,0.882344208717732,6.61069560097364,-6.11375976226475
13.884,1.4112,240110,369.78,7.5258,48.918,0,0,0.88242205669647,6.61068558239603,-6.11282332335787
13.868,1.4124,239780,369.66,7.5371,48.991,0,0,0.88251235491607,6.61067897076342,-6.11196382399644
13.846,1.4141,239310,369.49,7.5483,49.064,0,0,0.882587883299759,6.61067138320938,-6.11075169360683
13.8,1.4176,238320,369.12,7.5596,49.137,0,0,0.882750469111201,6.61065752933499,-6.10827152991588
13.753,1.4211,237330,368.75,7.5708,49.21,0,0,0.882972743732094,6.61065207115591,-6.10581796215264
13.706,1.4246,236340,368.38,7.5821,49.284,0,0,0.883190910016014,6.61065497939239,-6.10339078239772
13.66,1.4281,235350,368.01,7.5933,49.357,0,0,0.883340237574678,6.61066622495285,-6.10098978510632
13.613,1.4316,234360,367.64,7.6046,49.43,0,0,0.88354976922952,6.61068577893036,-6.09861476707259
13.566,1.4351,233370,367.27,7.6158,49.503,0,0,0.883755010149901,6.61071361259804,-6.09626552739362
13.52,1.4386,232380,366.9,7.6271,49.576,0,0,0.883890516797297,6.6107496974051,-6.09394186743447
13.473,1.4421,231390,366.53,7.6383,49.649,0,0,0.884086746092229,6.61079400497308,-6.09164359079402
13.426,1.4456,230400,366.16,7.6496,49.722,0,0,0.884278493900037,6.61084650709141,-6.08937050327057
13.38,1.4491,229410,365.79,7.6608,49.795,0,0,0.884399591595441,6.61090717571432,-6.08712241282944
13.333,1.4526,228420,365.42,7.672,49.868,0,0,0.884581933541836,6.6109759829563,-6.08489912956942
13.285,1.4561,227410,365.04,7.6833,49.941,0,0,0.884772618992766,6.61105441206081,-6.08270197666309
13.217,1.4611,225960,364.47,7.6945,50.014,0,0,0.885036169406596,6.61118153692482,-6.07960659412221
13.148,1.4662,224520,363.9,7.7058,50.088,0,0,0.885395709156605,6.61132683794055,-6.07649884245287
13.079,1.4712,223070,363.33,7.717,50.161,0,0,0.885705821226777,6.61149220983413,-6.07350773296433
13.011,1.4762,221630,362.76,7.7283,50.234,0,0,0.885977324429637,6.6116755688503,-6.07056662996631
12.942,1.4813,220190,362.19,7.7395,50.307,0,0,0.886306370762376,6.61187781046448,-6.0676144591045
12.873,1.4863,218740,361.62,7.7508,50.38,0,0,0.886584485174603,6.61209980782456,-6.06477536458347
12.805,1.4913,217300,361.05,7.762,50.453,0,0,0.886822951908078,6.61233951405168,-6.06198471678319
12.736,1.4964,215860,360.49,7.7733,50.526,0,0,0.887094794593696,6.6125955451036,-6.05918102753132
12.667,1.5014,214410,359.92,7.7845,50.599,0,0,0.887338686623309,6.61287295071841,-6.056488925571
12.599,1.5064,212970,359.35,7.7958,50.672,0,0,0.88754184140968,6.61316779440518,-6.05384378149824
12.53,1.5114,211530,358.78,7.807,50.745,0,0,0.88780339871119,6.6134809415825,-6.05124607074974
12.461,1.5165,210080,358.21,7.8182,50.819,0,0,0.88801077897546,6.61381323659691,-6.04863890248622
12.392,1.5216,208640,357.61,7.8295,50.892,0,0,0.888322464632476,6.61417452091651,-6.0460902308726
12.323,1.5267,207190,356.99,7.8407,50.965,0,0,0.888628875920626,6.61456538108032,-6.04360024882554
12.253,1.5319,205750,356.38,7.852,51.038,0,0,0.889013216140123,6.61497198556824,-6.04109909849343
12.184,1.537,204310,355.77,7.8632,51.111,0,0,0.889312793580147,6.61539910424396,-6.0387029996134
12.114,1.5422,202860,355.16,7.8745,51.184,0,0,0.889629006895757,6.61584753402644,-6.03630164431098
12.045,1.5473,201420,354.55,7.8857,51.257,0,0,0.889902502360043,6.61631533320294,-6.03400232391014
11.975,1.5525,199970,353.94,7.897,51.33,0,0,0.890192248694954,6.61680420600295,-6.03169785061024
11.906,1.5576,198530,353.32,7.9082,51.403,0,0,0.890463603589588,6.61731861451827,-6.02949976107564
11.837,1.5627,197080,352.71,7.9195,51.477,0,0,0.890650392179916,6.61784781871657,-6.0273429812458
11.767,1.5679,195640,352.1,7.9307,51.55,0,0,0.89094317647804,6.61839596260183,-6.02517941677107
11.698,1.573,194200,351.49,7.942,51.623,0,0,0.891145801298556,6.61896383052149,-6.02311380411028
11.628,1.5782,192750,350.88,7.9532,51.696,0,0,0.891363568314539,6.61955218691936,-6.02104328631939
11.569,1.5824,191530,350.34,7.9644,51.769,0,0,0.891610947706875,6.62008375952311,-6.01944641506369
11.52,1.5858,190520,349.88,7.9757,51.842,0,0,0.891852648371325,6.62054608019062,-6.01819808191273
11.471,1.5891,189510,349.43,7.9869,51.915,0,0,0.89206149536947,6.62101093314778,-6.0170130839305
11.422,1.5925,188500,348.97,7.9982,51.988,0,0,0.892288376555779,6.62149504886514,-6.01580806932752
11.373,1.5958,187490,348.51,8.0094,52.061,0,0,0.892507668408488,6.62199011545916,-6.01467400001569
11.324,1.5992,186480,348.05,8.0207,52.134,0,0,0.892719234401763,6.62249608573555,-6.01351200389973
11.275,1.6025,185470,347.6,8.0319,52.208,0,0,0.892897247202649,6.62300342600522,-6.01241057795432
11.226,1.6059,184460,347.14,8.0432,52.281,0,0,0.893092901863336,6.62353082026132,-6.0112908176534
11.177,1.6092,183450,346.68,8.0544,52.354,0,0,0.893280405532932,6.62406897837672,-6.01024024106839
11.128,1.6126,182440,346.22,8.0657,52.427,0,0,0.893459611037418,6.62461785359056,-6.00916242875948
11.079,1.616,181430,345.76,8.0769,52.5,0,0,0.893630368387972,6.62517739923824,-6.00810554353782
11.03,1.6193,180420,345.31,8.0882,52.573,0,0,0.893766640945207,6.62573688691452,-6.00710586953217
10.983,1.6224,179450,344.87,8.0994,52.646,0,0,0.893904641748635,6.62629226209623,-6.00620523588722
10.953,1.6233,178850,344.57,8.1106,52.719,0,0,0.894133824610981,6.62667138469985,-6.00616320788251
10.923,1.6242,178240,344.28,8.1219,52.792,0,0,0.894284237346855,6.62704461312132,-6.00611598560427
10.894,1.6251,177630,343.99,8.1331,52.865,0,0,0.894349477735335,6.62742201589179,-6.00607363603359
10.864,1.626,177020,343.69,8.1444,52.938,0,0,0.894519502903407,6.62781508870647,-6.00604765331994
10.834,1.6269,176410,343.4,8.1556,53.012,0,0,0.894660386663648,6.62820095249126,-6.00601515684773
10.804,1.6279,175800,343.11,8.1669,53.085,0,0,0.894798092875108,6.6285909552145,-6.00594112841313
10.775,1.6288,175190,342.81,8.1781,53.158,0,0,0.894875631895613,6.62899703850898,-6.00593031420269
10.745,1.6297,174580,342.52,8.1894,53.231,0,0,0.895006654521611,6.62939543024065,-6.00591249893223
10.715,1.6306,173970,342.23,8.2006,53.304,0,0,0.895134387287845,6.62979792559864,-6.00589947626684
10.686,1.6315,173360,341.93,8.2119,53.377,0,0,0.895201193621448,6.63021690825392,-6.00590362835764
10.656,1.6324,172750,341.64,8.2231,53.45,0,0,0.895322010812663,6.63062772080306,-6.00590029628554
10.626,1.6333,172140,341.35,8.2344,53.523,0,0,0.895439421688705,6.63104260175215,-6.00590171704513
10.611,1.6337,171820,341.18,8.2456,53.596,0,0,0.895484278719826,6.6312846805063,-6.00596025501481
10.605,1.6338,171690,341.09,8.2568,53.669,0,0,0.895549243022684,6.63141024891785,-6.00603995929267
10.6,1.6339,171550,340.99,8.2681,53.743,0,0,0.895503617610152,6.63154987928632,-6.00613373394829
10.594,1.634,171410,340.9,8.2793,53.816,0,0,0.895515929442682,6.63167708589618,-6.00621509326409
10.588,1.6342,171280,340.81,8.2906,53.889,0,0,0.895580281215517,6.63180388824491,-6.00625022627281
10.582,1.6343,171140,340.72,8.3018,53.962,0,0,0.895592140768836,6.63193188532594,-6.00633240130377
10.577,1.6344,171000,340.63,8.3131,54.035,0,0,0.895519076913674,6.63206027679093,-6.00641497912923
10.571,1.6345,170870,340.54,8.3243,54.108,0,0,0.895582802288538,6.63218826477689,-6.00649716188415
10.565,1.6346,170730,340.45,8.3356,54.181,0,0,0.895593908125964,6.6323174445497,-6.00658054483234
10.559,1.6347,170590,340.35,8.3468,54.254,0,0,0.895631077556155,6.63246020036806,-6.00667751223047
10.553,1.6348,170460,340.26,8.3581,54.327,0,0,0.895694234471291,6.63258941540737,-6.00676094725185
10.548,1.6349,170320,340.17,8.3693,54.401,0,0,0.895619720549833,6.63271981918664,-6.00684557941346
10.542,1.635,170200,340.09,8.3806,54.474,0,0,0.895708740438311,6.63283570983471,-6.00691570684207
10.551,1.6342,170370,340.17,8.3918,54.547,0,0,0.895627913988167,6.63271584437422,-6.00716218240212
10.56,1.6335,170550,340.26,8.403,54.62,0,0,0.895573095702519,6.63258225521556,-6.00734958326224
10.568,1.6327,170730,340.35,8.4143,54.693,0,0,0.895602735038246,6.63244905367277,-6.00758373311863
10.577,1.632,170900,340.43,8.4255,54.766,0,0,0.895521184432554,6.63233018125438,-6.00778673642547
10.586,1.6312,171080,340.52,8.4368,54.839,0,0,0.895465498678055,6.63219771220841,-6.00802263287628
10.594,1.6304,171250,340.61,8.448,54.912,0,0,0.895441766794875,6.63206642974927,-6.00826025829253
10.603,1.6297,171430,340.69,8.4593,54.985,0,0,0.89541178871732,6.63194775497519,-6.00846482366676
10.611,1.6289,171610,340.78,8.4705,55.058,0,0,0.895439624422819,6.63181640894121,-6.00870340534146
10.62,1.6281,171780,340.87,8.4818,55.132,0,0,0.895330607581701,6.63168625228528,-6.00894372184265
10.629,1.6274,171960,340.95,8.493,55.205,0,0,0.895299753686903,6.63156857390602,-6.00915065575739
10.637,1.6266,172130,341.04,8.5043,55.278,0,0,0.895274511466357,6.6314391547099,-6.00939273532798
10.646,1.6259,172310,341.13,8.5155,55.351,0,0,0.895216826797599,6.63130932584154,-6.00958841781784
10.663,1.6245,172670,341.31,8.5268,55.424,0,0,0.89518458978654,6.63105084139387,-6.00998221891079
10.694,1.6221,173310,341.62,8.538,55.497,0,0,0.895085011013706,6.63060773798556,-6.01066125111644
10.726,1.6197,173960,341.93,8.5492,55.57,0,0,0.894949501546809,6.63016847998134,-6.01134912061403
10.757,1.6173,174600,342.25,8.5605,55.643,0,0,0.894816006847464,6.629722449338,-6.0120352390133
10.788,1.615,175240,342.56,8.5717,55.716,0,0,0.894704840953363,6.62929349966627,-6.01269600520164
10.819,1.6126,175890,342.88,8.583,55.789,0,0,0.894614647966576,6.62885650467863,-6.01340107984755
10.85,1.6102,176530,343.19,8.5942,55.862,0,0,0.894495764926371,6.62843711500692,-6.01412887037202
10.881,1.6078,177170,343.5,8.6055,55.936,0,0,0.894373172867531,6.62802244990833,-6.01486652656962
10.912,1.6055,177810,343.82,8.6167,56.009,0,0,0.894220906073171,6.62760107339028,-6.01555431067092
10.943,1.6031,178460,344.13,8.628,56.082,0,0,0.894141156142463,6.62719523560795,-6.01631095150493
10.974,1.6007,179100,344.45,8.6392,56.155,0,0,0.89398158167034,6.62678385814878,-6.01706728544721
11.005,1.5983,179740,344.76,8.6505,56.228,0,0,0.893844451911416,6.62638855020846,-6.01784495314712
11.037,1.596,180390,345.08,8.6617,56.301,0,0,0.893646496448671,6.6259864055101,-6.01857187921944
11.085,1.5925,181390,345.55,8.673,56.374,0,0,0.893492428135017,6.62540128884401,-6.01971430930639
11.142,1.5884,182590,346.11,8.6842,56.447,0,0,0.893354475672991,6.62471789845845,-6.02106915851618
11.199,1.5844,183790,346.67,8.6954,56.52,0,0,0.893203678667209,6.62405032890599,-6.02240538384999
11.257,1.5803,184990,347.23,8.7067,56.593,0,0,0.8929609688436,6.62339866470652,-6.02382342087257
11.314,1.5763,186180,347.79,8.7179,56.667,0,0,0.892737733123056,6.62276384093531,-6.02522340170809
11.371,1.5722,187380,348.34,8.7292,56.74,0,0,0.892576314096615,6.62215333764402,-6.0267147121209
11.428,1.5681,188580,348.9,8.7404,56.813,0,0,0.892377395196436,6.62154960450128,-6.02822930061605
11.486,1.5641,189780,349.46,8.7517,56.886,0,0,0.892089213403128,6.62096211552069,-6.0297245414539
11.543,1.56,190980,350.02,8.7629,56.959,0,0,0.89186775654381,6.62039095644119,-6.03130482889353
11.6,1.556,192180,350.58,8.7742,57.032,0,0,0.891635175956951,6.61983621328961,-6.03286546897784
11.657,1.5519,193380,351.14,8.7854,57.105,0,0,0.891391698141949,6.61929797239605,-6.03451249374665
11.715,1.5478,194570,351.7,8.7967,57.178,0,0,0.891015682615589,6.61877720213385,-6.03619437792564
11.772,1.5438,195770,352.26,8.8079,57.251,0,0,0.890751755704971,6.61827223071433,-6.03785527224863
11.837,1.5396,197140,352.86,8.8192,57.325,0,0,0.890542817380739,6.61774228059195,-6.03961767399076
11.904,1.5353,198550,353.46,8.8304,57.398,0,0,0.890350138262197,6.61722800946089,-6.0414698518492
11.97,1.5311,199960,354.07,8.8416,57.471,0,0,0.890192594552358,6.61672710390803,-6.04329963614082
12.037,1.5268,201370,354.68,8.8529,57.544,0,0,0.889946583506574,6.61624631624509,-6.04522498529793
12.103,1.5226,202780,355.29,8.8641,57.617,0,0,0.889760725456637,6.61578575971438,-6.04713431628148
12.17,1.5183,204180,355.89,8.8754,57.69,0,0,0.889469307181549,6.61535139639399,-6.04914667007215
12.237,1.5141,205590,356.5,8.8866,57.763,0,0,0.889183965850145,6.61493130073515,-6.05113654351998
12.303,1.5098,207000,357.11,8.8979,57.836,0,0,0.888958404233644,6.61453177763615,-6.05322523551117
12.37,1.5055,208410,357.72,8.9091,57.909,0,0,0.888647988717775,6.61415294287341,-6.05535596674657
12.436,1.5013,209820,358.32,8.9204,57.982,0,0,0.888421889201603,6.61379844103955,-6.05747351543909
12.503,1.497,211230,358.93,8.9316,58.056,0,0,0.888087463163012,6.61346097596823,-6.05968854578165
12.57,1.4928,212630,359.54,8.9429,58.129,0,0,0.887699914013887,6.61314550044011,-6.0618875293457
12.636,1.4885,214040,360.14,8.9541,58.202,0,0,0.887438151236914,6.61285269230458,-6.06419113080221
12.683,1.4864,215020,360.53,8.9654,58.275,0,0,0.887236881965201,6.61266727982652,-6.06528192965197
12.727,1.4845,215950,360.9,8.9766,58.348,0,0,0.887083318803467,6.61249936288233,-6.06627335008432
12.771,1.4826,216880,361.26,8.9878,58.421,0,0,0.886949416785401,6.61234106361917,-6.06727884823848
12.816,1.4806,217820,361.63,8.9991,58.494,0,0,0.88675762998589,6.6121876351182,-6.0683553131603
12.86,1.4787,218750,361.99,9.0103,58.567,0,0,0.886614133753134,6.61204440690754,-6.0693851091155
12.904,1.4768,219680,362.36,9.0216,58.64,0,0,0.886441428480748,6.61190751049215,-6.07042576729524
12.948,1.4749,220620,362.72,9.0328,58.713,0,0,0.886328709836539,6.61177847500018,-6.07147884018753
12.993,1.473,221550,363.09,9.0441,58.786,0,0,0.886078417246182,6.61165724316238,-6.07254429403371
13.037,1.4711,222480,363.45,9.0553,58.86,0,0,0.885916453360967,6.61154446425516,-6.07362280177271
13.081,1.4691,223410,363.82,9.0666,58.933,0,0,0.885725654182341,6.6114390062097,-6.07477632642167
13.126,1.4672,224350,364.18,9.0778,59.006,0,0,0.885526806842668,6.61134060982114,-6.07587873554285
13.17,1.4653,225280,364.55,9.0891,59.079,0,0,0.885327369257602,6.61125102827601,-6.07699463365473
13.214,1.4634,226210,364.91,9.1003,59.152,0,0,0.885147939521538,6.61116911016346,-6.07812289363688
13.222,1.463,226370,364.96,9.1116,59.225,0,0,0.885116792900402,6.61115523698311,-6.07836439577769
13.227,1.4628,226450,364.97,9.1228,59.298,0,0,0.885070639924892,6.61114765066425,-6.07848457568748
13.231,1.4626,226530,364.98,9.134,59.371,0,0,0.88509139625009,6.61114006915558,-6.07860481282438
13.236,1.4625,226610,365,9.1453,59.444,0,0,0.885021004847405,6.61113297139892,-6.0786616440558
13.24,1.4623,226690,365.01,9.1565,59.518,0,0,0.885041723253858,6.61112540511988,-6.07878197510147
13.245,1.4621,226770,365.02,9.1678,59.591,0,0,0.884995590985684,6.61111784365216,-6.07890236344709
13.25,1.4619,226850,365.04,9.179,59.664,0,0,0.884925235227834,6.61111078924119,-6.07902331136684
13.254,1.4617,226930,365.05,9.1903,59.737,0,0,0.884945906132355,6.61110324300696,-6.07914382000944
13.259,1.4615,227010,365.06,9.2015,59.81,0,0,0.884899804212506,6.61109570158526,-6.07926438603945
13.263,1.4613,227090,365.08,9.2128,59.883,0,0,0.884896198172063,6.61108869053215,-6.07938553504171
13.268,1.4611,227170,365.09,9.224,59.956,0,0,0.884850107557973,6.61108116434794,-6.07950622154533
13.272,1.4609,227240,365.1,9.2353,60.029,0,0,0.88483176469841,6.61107465035085,-6.07962797289737
13.277,1.4607,227320,365.12,9.2465,60.102,0,0,0.884761466459097,6.61106768287664,-6.07974932346242
13.266,1.4617,227100,365.03,9.2578,60.175,0,0,0.884856230531595,6.61108512090408,-6.07912569790656
13.252,1.463,226810,364.92,9.269,60.249,0,0,0.884926571128638,6.61110921147728,-6.07831837027186
13.238,1.4643,226520,364.81,9.2802,60.322,0,0,0.884996538637185,6.61113401671239,-6.07751397070578
13.224,1.4656,226220,364.7,9.2915,60.395,0,0,0.885027008996209,6.61116053904503,-6.07671349379417
13.21,1.4669,225930,364.59,9.3027,60.468,0,0,0.885096172069061,6.61118677028105,-6.07591492352791
13.196,1.4681,225640,364.48,9.314,60.541,0,0,0.885164956937417,6.61121371401316,-6.07518245595649
13.182,1.4694,225340,364.37,9.3252,60.614,0,0,0.8851940793216,6.61124236923165,-6.07439051426127
13.168,1.4707,225050,364.26,9.3365,60.687,0,0,0.885262049090475,6.61127073465035,-6.07360045786201
13.154,1.472,224760,364.15,9.3477,60.76,0,0,0.885329635467378,6.61129981040932,-6.0728132792184
13.14,1.4733,224460,364.04,9.359,60.833,0,0,0.885357392864869,6.61133059207515,-6.07202996625053
13.126,1.4746,224170,363.93,9.3702,60.906,0,0,0.88542415333086,6.61136108522673,-6.07124851692447
13.112,1.4758,223880,363.82,9.3815,60.979,0,0,0.885490525144749,6.61139228657297,-6.07053213654921
13.098,1.4771,223590,363.71,9.3927,61.053,0,0,0.885556506577788,6.6114241954003,-6.06975622038668
13.071,1.4793,223030,363.5,9.404,61.126,0,0,0.885674589967621,6.6114877047081,-6.06845748989789
13.037,1.4821,222310,363.22,9.4152,61.199,0,0,0.88580006835361,6.61157374366996,-6.06681853491726
13.003,1.4848,221590,362.94,9.4264,61.272,0,0,0.885922823805884,6.61166435191204,-6.06525498991739
12.968,1.4875,220880,362.67,9.4377,61.345,0,0,0.886126837420625,6.61175758415184,-6.06370306822783
12.934,1.4903,220160,362.39,9.4489,61.418,0,0,0.886244361976614,6.61185712923455,-6.06210596353019
12.9,1.493,219440,362.11,9.4602,61.491,0,0,0.886359076397524,6.61196120898788,-6.06058302035228
12.866,1.4958,218720,361.84,9.4714,61.564,0,0,0.886446451445816,6.6120683598373,-6.0590121856668
12.831,1.4985,218010,361.56,9.4827,61.637,0,0,0.88666519813338,6.61218033493218,-6.05751500337885
12.797,1.5012,217290,361.28,9.4939,61.71,0,0,0.886771608779716,6.6122977844133,-6.05603197017065
12.763,1.504,216570,361,9.5052,61.784,0,0,0.886875087786076,6.61241972284942,-6.05450324480506
12.728,1.5067,215860,360.73,9.5164,61.857,0,0,0.887061794477522,6.61254306030066,-6.05304357830944
12.694,1.5095,215140,360.45,9.5277,61.93,0,0,0.887159629454759,6.6126737787854,-6.05154162700866
12.66,1.5122,214420,360.17,9.5389,62.003,0,0,0.887254438379018,6.61280895245245,-6.05011102188303
12.622,1.5151,213640,359.86,9.5502,62.076,0,0,0.887452154787077,6.61296215561366,-6.04859177792439
12.579,1.5183,212740,359.5,9.5614,62.149,0,0,0.887622440728353,6.61314634499821,-6.04694161867637
12.536,1.5215,211850,359.14,9.5726,62.222,0,0,0.88783004314301,6.61333690559158,-6.04530939239995
12.493,1.5247,210950,358.77,9.5839,62.295,0,0,0.888016017792392,6.61353897798547,-6.04370014272666
12.45,1.528,210050,358.41,9.5951,62.368,0,0,0.888172549503236,6.61374526585079,-6.04205041099484
12.407,1.5312,209160,358.05,9.6064,62.442,0,0,0.888366766286683,6.61395786275736,-6.04047467939417
12.364,1.5344,208260,357.68,9.6176,62.515,0,0,0.8885386858866,6.61418252325302,-6.03892218841953
12.321,1.5376,207370,357.32,9.6289,62.588,0,0,0.888723727274847,6.61440976024119,-6.03738335802619
12.277,1.5408,206470,356.96,9.6401,62.661,0,0,0.88893351276474,6.61464510630653,-6.03586362881484
12.234,1.544,205570,356.59,9.6514,62.734,0,0,0.88909103310827,6.6148921314544,-6.03436647975905
12.191,1.5472,204680,356.23,9.6626,62.807,0,0,0.889261963410972,6.61514104211971,-6.03288202720242
12.148,1.5504,203780,355.87,9.6739,62.88,0,0,0.889384439261102,6.61539798110501,-6.03141632478488
12.105,1.5536,202880,355.5,9.6851,62.953,0,0,0.889526657755397,6.61566714984899,-6.02997348569989
12.062,1.5568,201990,355.14,9.6964,63.026,0,0,0.889682575776244,6.6159375201276,-6.02854239438412
12.025,1.5594,201220,354.81,9.7076,63.099,0,0,0.889844946695996,6.61618738188159,-6.02741752437991
11.987,1.562,200450,354.49,9.7188,63.173,0,0,0.890052649257942,6.61643744308317,-6.02629971296599
11.95,1.5646,199680,354.16,9.7301,63.246,0,0,0.890207572260397,6.61669895064822,-6.025200161503
11.913,1.5672,198910,353.84,9.7413,63.319,0,0,0.890333428340786,6.6169602579546,-6.02410717819107
11.875,1.5698,198140,353.51,9.7526,63.392,0,0,0.890555453007415,6.61723334207577,-6.02303269529978
11.838,1.5724,197370,353.19,9.7638,63.465,0,0,0.890673512502149,6.61750582866156,-6.02196429404519
11.801,1.575,196600,352.86,9.7751,63.538,0,0,0.890812707707601,6.61779042044599,-6.02091463309401
11.763,1.5776,195830,352.54,9.7863,63.611,0,0,0.890998262462573,6.6180740198256,-6.0198705711383
11.726,1.5803,195060,352.21,9.7976,63.684,0,0,0.891129412290379,6.61837005072428,-6.01879480689033
11.689,1.5829,194290,351.89,9.8088,63.757,0,0,0.891231021526392,6.61866469673427,-6.01777509402668
11.651,1.5855,193520,351.56,9.8201,63.83,0,0,0.891430168398896,6.61897209852349,-6.01677459773758
11.614,1.5881,192750,351.24,9.8313,63.903,0,0,0.89152335948776,6.61927772530534,-6.01577874496124
11.577,1.5907,191980,350.91,9.8426,63.977,0,0,0.891637529376421,6.61959643006926,-6.01480234675711
11.541,1.5927,191260,350.59,9.8538,64.05,0,0,0.891877723002544,6.61990860870691,-6.01412260530718
11.508,1.5943,190560,350.27,9.865,64.123,0,0,0.89197581472286,6.62022441972096,-6.01364756654913
11.475,1.5958,189870,349.95,9.8763,64.196,0,0,0.892116945480523,6.6205447301191,-6.01322861467563
11.442,1.5974,189180,349.63,9.8875,64.269,0,0,0.892254440314481,6.62087039648934,-6.01276802894011
11.408,1.5989,188480,349.31,9.8988,64.342,0,0,0.892419131972562,6.62120226514208,-6.01236492891929
11.375,1.6005,187790,348.98,9.91,64.415,0,0,0.892574856374479,6.62154733484745,-6.0119283086157
11.342,1.602,187100,348.66,9.9213,64.488,0,0,0.89270126281429,6.62188914150974,-6.01153940701743
11.309,1.6036,186400,348.34,9.9325,64.561,0,0,0.892775958865809,6.62223709431993,-6.01111019668919
11.275,1.6051,185710,348.02,9.9438,64.634,0,0,0.892973697933598,6.62258946545787,-6.01073608711448
11.242,1.6067,185020,347.7,9.955,64.708,0,0,0.893088578638483,6.62294709623317,-6.01032104673496
11.209,1.6083,184330,347.38,9.9663,64.781,0,0,0.893199504532636,6.62330997077217,-6.00991355502271
11.175,1.6098,183630,347.06,9.9775,64.854,0,0,0.893337716881137,6.6236789180151,-6.00956236908071
11.142,1.6114,182940,346.74,9.9888,64.927,0,0,0.893440645769827,6.62405223012043,-6.00916975466385
11.109,1.6129,182250,346.42,10,65,0,0,0.893539474236355,6.62443073853388,-6.00883227613849
