"Mach","x","Points:0","Points:1","Points:2"
0.24119,-1.2462,-8.1,0,0
0.24181,-1.2349,-8.0269,0,0
0.24243,-1.2237,-7.9538,0,0
0.24305,-1.2124,-7.8807,0,0
0.24374,-1.2012,-7.8076,0,0
0.24447,-1.1899,-7.7345,0,0
0.2452,-1.1787,-7.6614,0,0
0.24601,-1.1674,-7.5883,0,0
0.2472,-1.1562,-7.5152,0,0
0.2484,-1.1449,-7.4421,0,0
0.2496,-1.1337,-7.369,0,0
0.25144,-1.1224,-7.2959,0,0
0.25351,-1.1112,-7.2228,0,0
0.25558,-1.1,-7.1497,0,0
0.25783,-1.0887,-7.0766,0,0
0.26053,-1.0775,-7.0035,0,0
0.26323,-1.0662,-6.9304,0,0
0.26592,-1.055,-6.8573,0,0
0.26898,-1.0437,-6.7842,0,0
0.2721,-1.0325,-6.7111,0,0
0.27522,-1.0212,-6.638,0,0
0.27849,-1.01,-6.5649,0,0
0.28201,-0.99874,-6.4918,0,0
0.28553,-0.98749,-6.4187,0,0
0.28905,-0.97625,-6.3456,0,0
0.29363,-0.965,-6.2725,0,0
0.29842,-0.95375,-6.1994,0,0
0.30377,-0.94251,-6.1263,0,0
0.30892,-0.93126,-6.0532,0,0
0.31381,-0.92002,-5.9801,0,0
0.31919,-0.90877,-5.907,0,0
0.32481,-0.89752,-5.8339,0,0
0.33086,-0.88628,-5.7608,0,0
0.33698,-0.87503,-5.6877,0,0
0.34327,-0.86378,-5.6146,0,0
0.34967,-0.85254,-5.5415,0,0
0.35621,-0.84129,-5.4684,0,0
0.3629,-0.83005,-5.3953,0,0
0.36966,-0.8188,-5.3222,0,0
0.37698,-0.80755,-5.2491,0,0
0.38471,-0.79631,-5.176,0,0
0.39291,-0.78506,-5.1029,0,0
0.40091,-0.77382,-5.0298,0,0
0.40896,-0.76257,-4.9567,0,0
0.41769,-0.75132,-4.8836,0,0
0.42709,-0.74008,-4.8105,0,0
0.43622,-0.72883,-4.7374,0,0
0.44562,-0.71758,-4.6643,0,0
0.45547,-0.70634,-4.5912,0,0
0.46526,-0.69509,-4.5181,0,0
0.47537,-0.68385,-4.445,0,0
0.48569,-0.6726,-4.3719,0,0
0.49615,-0.66135,-4.2988,0,0
0.5069,-0.65011,-4.2257,0,0
0.5179,-0.63886,-4.1526,0,0
0.52909,-0.62762,-4.0795,0,0
0.54041,-0.61637,-4.0064,0,0
0.55165,-0.60512,-3.9333,0,0
0.56297,-0.59388,-3.8602,0,0
0.57528,-0.58263,-3.7871,0,0
0.58775,-0.57138,-3.714,0,0
0.60019,-0.56014,-3.6409,0,0
0.61282,-0.54889,-3.5678,0,0
0.62578,-0.53765,-3.4947,0,0
0.63871,-0.5264,-3.4216,0,0
0.65167,-0.51515,-3.3485,0,0
0.66523,-0.50391,-3.2754,0,0
0.67853,-0.49266,-3.2023,0,0
0.69233,-0.48142,-3.1292,0,0
0.70603,-0.47017,-3.0561,0,0
0.71979,-0.45892,-2.983,0,0
0.73375,-0.44768,-2.9099,0,0
0.748,-0.43643,-2.8368,0,0
0.76228,-0.42518,-2.7637,0,0
0.77669,-0.41394,-2.6906,0,0
0.79116,-0.40269,-2.6175,0,0
0.80556,-0.39145,-2.5444,0,0
0.82023,-0.3802,-2.4713,0,0
0.83498,-0.36895,-2.3982,0,0
0.84977,-0.35771,-2.3251,0,0
0.86464,-0.34646,-2.252,0,0
0.87958,-0.33522,-2.1789,0,0
0.8946,-0.32397,-2.1058,0,0
0.9097,-0.31272,-2.0327,0,0
0.92486,-0.30148,-1.9596,0,0
0.9401,-0.29023,-1.8865,0,0
0.95542,-0.27898,-1.8134,0,0
0.97081,-0.26774,-1.7403,0,0
0.98628,-0.25649,-1.6672,0,0
1.0018,-0.24525,-1.5941,0,0
1.0175,-0.234,-1.521,0,0
1.0332,-0.22275,-1.4479,0,0
1.049,-0.21151,-1.3748,0,0
1.0649,-0.20026,-1.3017,0,0
1.081,-0.18902,-1.2286,0,0
1.0972,-0.17777,-1.1555,0,0
1.1135,-0.16652,-1.0824,0,0
1.13,-0.15528,-1.0093,0,0
1.1467,-0.14403,-0.9362,0,0
1.1636,-0.13278,-0.8631,0,0
1.1807,-0.12154,-0.79,0,0
1.1981,-0.11029,-0.7169,0,0
1.2158,-0.099046,-0.6438,0,0
1.2338,-0.0878,-0.5707,0,0
1.2522,-0.076554,-0.4976,0,0
1.2709,-0.065308,-0.4245,0,0
1.2901,-0.054062,-0.3514,0,0
1.3096,-0.042815,-0.2783,0,0
1.3295,-0.031569,-0.2052,0,0
1.3498,-0.020323,-0.1321,0,0
1.3704,-0.009077,-0.059,0,0
1.3913,0.0021692,0.0141,0,0
1.4125,0.013415,0.0872,0,0
1.434,0.024661,0.1603,0,0
1.4553,0.035908,0.2334,0,0
1.4769,0.047154,0.3065,0,0
1.4991,0.0584,0.3796,0,0
1.5202,0.069646,0.4527,0,0
1.5425,0.080892,0.5258,0,0
1.565,0.092138,0.5989,0,0
1.5861,0.10338,0.672,0,0
1.6087,0.11463,0.7451,0,0
1.6303,0.12588,0.8182,0,0
1.6509,0.13712,0.8913,0,0
1.6722,0.14837,0.9644,0,0
1.695,0.15962,1.0375,0,0
1.7179,0.17086,1.1106,0,0
1.7393,0.18211,1.1837,0,0
1.7617,0.19335,1.2568,0,0
1.7839,0.2046,1.3299,0,0
1.805,0.21585,1.403,0,0
1.8275,0.22709,1.4761,0,0
1.8519,0.23834,1.5492,0,0
1.8764,0.24958,1.6223,0,0
1.9024,0.26083,1.6954,0,0
1.9326,0.27208,1.7685,0,0
1.9635,0.28332,1.8416,0,0
1.9906,0.29457,1.9147,0,0
2.0181,0.30582,1.9878,0,0
2.0464,0.31706,2.0609,0,0
2.0648,0.32831,2.134,0,0
2.0693,0.33955,2.2071,0,0
2.0727,0.3508,2.2802,0,0
2.0733,0.36205,2.3533,0,0
2.0738,0.37329,2.4264,0,0
2.0743,0.38454,2.4995,0,0
2.0734,0.39578,2.5726,0,0
2.0704,0.40703,2.6457,0,0
2.0633,0.41828,2.7188,0,0
2.0467,0.42952,2.7919,0,0
2.0179,0.44077,2.865,0,0
1.9663,0.45202,2.9381,0,0
1.9092,0.46326,3.0112,0,0
1.8535,0.47451,3.0843,0,0
1.8042,0.48575,3.1574,0,0
1.7687,0.497,3.2305,0,0
1.7451,0.50825,3.3036,0,0
1.7355,0.51949,3.3767,0,0
1.7319,0.53074,3.4498,0,0
1.7309,0.54198,3.5229,0,0
1.7305,0.55323,3.596,0,0
1.73,0.56448,3.6691,0,0
1.7329,0.57572,3.7422,0,0
1.737,0.58697,3.8153,0,0
1.7423,0.59822,3.8884,0,0
1.7482,0.60946,3.9615,0,0
1.757,0.62071,4.0346,0,0
1.7668,0.63195,4.1077,0,0
1.7783,0.6432,4.1808,0,0
1.7905,0.65445,4.2539,0,0
1.8045,0.66569,4.327,0,0
1.8201,0.67694,4.4001,0,0
1.8362,0.68818,4.4732,0,0
1.8516,0.69943,4.5463,0,0
1.8673,0.71068,4.6194,0,0
1.8832,0.72192,4.6925,0,0
1.9004,0.73317,4.7656,0,0
1.9192,0.74442,4.8387,0,0
1.9394,0.75566,4.9118,0,0
1.961,0.76691,4.9849,0,0
1.9839,0.77815,5.058,0,0
2.0082,0.7894,5.1311,0,0
2.0346,0.80065,5.2042,0,0
2.061,0.81189,5.2773,0,0
2.0851,0.82314,5.3504,0,0
2.1087,0.83438,5.4235,0,0
2.1328,0.84563,5.4966,0,0
2.1562,0.85688,5.5697,0,0
2.1818,0.86812,5.6428,0,0
2.2088,0.87937,5.7159,0,0
2.2363,0.89062,5.789,0,0
2.2625,0.90186,5.8621,0,0
2.288,0.91311,5.9352,0,0
2.3139,0.92435,6.0083,0,0
2.3391,0.9356,6.0814,0,0
2.364,0.94685,6.1545,0,0
2.3894,0.95809,6.2276,0,0
2.4149,0.96934,6.3007,0,0
2.4409,0.98058,6.3738,0,0
2.4671,0.99183,6.4469,0,0
2.4902,1.0031,6.52,0,0
2.5115,1.0143,6.5931,0,0
2.5315,1.0256,6.6662,0,0
2.5508,1.0368,6.7393,0,0
2.5703,1.0481,6.8124,0,0
2.5902,1.0593,6.8855,0,0
2.6099,1.0706,6.9586,0,0
2.6295,1.0818,7.0317,0,0
2.6493,1.093,7.1048,0,0
2.6693,1.1043,7.1779,0,0
2.6893,1.1155,7.251,0,0
2.7094,1.1268,7.3241,0,0
2.7295,1.138,7.3972,0,0
2.7497,1.1493,7.4703,0,0
2.7688,1.1605,7.5434,0,0
2.7855,1.1718,7.6165,0,0
2.8023,1.183,7.6896,0,0
2.819,1.1943,7.7627,0,0
2.8355,1.2055,7.8358,0,0
2.8508,1.2168,7.9089,0,0
2.8662,1.228,7.982,0,0
2.8815,1.2392,8.0551,0,0
2.8968,1.2505,8.1282,0,0
2.9096,1.2617,8.2013,0,0
2.9225,1.273,8.2744,0,0
2.9354,1.2842,8.3475,0,0
2.9482,1.2955,8.4206,0,0
2.9619,1.3067,8.4937,0,0
2.9757,1.318,8.5668,0,0
2.9895,1.3292,8.6399,0,0
3.0033,1.3405,8.713,0,0
3.0171,1.3517,8.7861,0,0
3.0309,1.363,8.8592,0,0
3.0447,1.3742,8.9323,0,0
3.0586,1.3854,9.0054,0,0
3.0731,1.3967,9.0785,0,0
3.0885,1.4079,9.1516,0,0
3.1038,1.4192,9.2247,0,0
3.1192,1.4304,9.2978,0,0
3.1345,1.4417,9.3709,0,0
3.1498,1.4529,9.444,0,0
3.1652,1.4642,9.5171,0,0
3.1805,1.4754,9.5902,0,0
3.1961,1.4867,9.6633,0,0
3.2133,1.4979,9.7364,0,0
3.2306,1.5092,9.8095,0,0
3.2479,1.5204,9.8826,0,0
3.2652,1.5316,9.9557,0,0
3.2837,1.5429,10.029,0,0
3.3024,1.5541,10.102,0,0
3.3211,1.5654,10.175,0,0
3.3398,1.5766,10.248,0,0
3.3594,1.5879,10.321,0,0
3.3794,1.5991,10.394,0,0
3.3994,1.6104,10.467,0,0
3.4194,1.6216,10.54,0,0
3.4404,1.6329,10.614,0,0
3.4632,1.6441,10.687,0,0
3.4864,1.6554,10.76,0,0
3.5114,1.6666,10.833,0,0
3.5365,1.6778,10.906,0,0
3.5619,1.6891,10.979,0,0
3.5873,1.7003,11.052,0,0
3.6157,1.7116,11.125,0,0
3.647,1.7228,11.198,0,0
3.6828,1.7341,11.271,0,0
3.7276,1.7453,11.345,0,0
3.7747,1.7566,11.418,0,0
0.41061,1.7678,11.491,0,0
0.34768,1.7791,11.564,0,0
0.3092,1.7903,11.637,0,0
0.28558,1.8016,11.71,0,0
0.26889,1.8128,11.783,0,0
0.25734,1.824,11.856,0,0
0.24803,1.8353,11.929,0,0
0.23872,1.8465,12.002,0,0
0.22941,1.8578,12.076,0,0
0.2201,1.869,12.149,0,0
0.21085,1.8803,12.222,0,0
0.20161,1.8915,12.295,0,0
0.19238,1.9028,12.368,0,0
0.18314,1.914,12.441,0,0
0.17412,1.9253,12.514,0,0
0.16534,1.9365,12.587,0,0
0.15656,1.9478,12.66,0,0
0.14778,1.959,12.733,0,0
0.1393,1.9702,12.807,0,0
0.13303,1.9815,12.88,0,0
0.12676,1.9927,12.953,0,0
0.12049,2.004,13.026,0,0
0.11422,2.0152,13.099,0,0
0.11099,2.0265,13.172,0,0
0.10882,2.0377,13.245,0,0
0.10666,2.049,13.318,0,0
0.10449,2.0602,13.391,0,0
0.10305,2.0715,13.464,0,0
0.10288,2.0827,13.538,0,0
0.10272,2.094,13.611,0,0
0.10256,2.1052,13.684,0,0
0.1024,2.1164,13.757,0,0
0.10335,2.1277,13.83,0,0
0.10437,2.1389,13.903,0,0
0.10538,2.1502,13.976,0,0
0.1064,2.1614,14.049,0,0
0.1081,2.1727,14.122,0,0
0.11039,2.1839,14.195,0,0
0.11268,2.1952,14.269,0,0
0.11497,2.2064,14.342,0,0
0.11726,2.2177,14.415,0,0
0.11955,2.2289,14.488,0,0
0.12185,2.2402,14.561,0,0
0.12414,2.2514,14.634,0,0
0.12643,2.2626,14.707,0,0
0.13017,2.2739,14.78,0,0
0.13471,2.2851,14.853,0,0
0.13926,2.2964,14.926,0,0
0.1438,2.3076,15,0,0
0.14834,2.3189,15.073,0,0
0.15289,2.3301,15.146,0,0
0.15743,2.3414,15.219,0,0
0.16197,2.3526,15.292,0,0
0.16652,2.3639,15.365,0,0
0.17311,2.3751,15.438,0,0
0.1806,2.3864,15.511,0,0
0.1881,2.3976,15.584,0,0
0.1956,2.4088,15.657,0,0
0.20309,2.4201,15.731,0,0
0.21059,2.4313,15.804,0,0
0.21809,2.4426,15.877,0,0
0.22559,2.4538,15.95,0,0
0.23308,2.4651,16.023,0,0
0.24224,2.4763,16.096,0,0
0.25217,2.4876,16.169,0,0
0.2621,2.4988,16.242,0,0
0.27203,2.5101,16.315,0,0
0.28196,2.5213,16.389,0,0
0.29189,2.5326,16.462,0,0
0.30182,2.5438,16.535,0,0
0.31175,2.555,16.608,0,0
0.32168,2.5663,16.681,0,0
0.33263,2.5775,16.754,0,0
0.34425,2.5888,16.827,0,0
0.35586,2.6,16.9,0,0
0.36748,2.6113,16.973,0,0
0.37909,2.6225,17.046,0,0
0.39071,2.6338,17.119,0,0
0.40232,2.645,17.193,0,0
0.41394,2.6563,17.266,0,0
0.42555,2.6675,17.339,0,0
0.43777,2.6788,17.412,0,0
0.45066,2.69,17.485,0,0
0.46355,2.7012,17.558,0,0
0.47643,2.7125,17.631,0,0
0.48932,2.7237,17.704,0,0
0.5022,2.735,17.777,0,0
0.51509,2.7462,17.851,0,0
0.52798,2.7575,17.924,0,0
0.54086,2.7687,17.997,0,0
0.55396,2.78,18.07,0,0
0.56759,2.7912,18.143,0,0
0.58122,2.8025,18.216,0,0
0.59485,2.8137,18.289,0,0
0.60848,2.825,18.362,0,0
0.62211,2.8362,18.435,0,0
0.63574,2.8474,18.508,0,0
0.64937,2.8587,18.581,0,0
0.663,2.8699,18.655,0,0
0.67664,2.8812,18.728,0,0
0.69051,2.8924,18.801,0,0
0.70438,2.9037,18.874,0,0
0.71825,2.9149,18.947,0,0
0.73212,2.9262,19.02,0,0
0.74599,2.9374,19.093,0,0
0.75986,2.9487,19.166,0,0
0.77373,2.9599,19.239,0,0
0.7876,2.9712,19.312,0,0
0.80147,2.9824,19.386,0,0
0.81516,2.9936,19.459,0,0
0.82878,3.0049,19.532,0,0
0.84239,3.0161,19.605,0,0
0.85601,3.0274,19.678,0,0
0.86962,3.0386,19.751,0,0
0.88324,3.0499,19.824,0,0
0.89685,3.0611,19.897,0,0
0.91047,3.0724,19.97,0,0
0.92408,3.0836,20.043,0,0
0.9375,3.0949,20.117,0,0
0.95049,3.1061,20.19,0,0
0.96348,3.1174,20.263,0,0
0.97647,3.1286,20.336,0,0
0.98946,3.1398,20.409,0,0
1.0025,3.1511,20.482,0,0
1.0154,3.1623,20.555,0,0
1.0284,3.1736,20.628,0,0
1.0414,3.1848,20.701,0,0
1.0544,3.1961,20.774,0,0
1.0667,3.2073,20.848,0,0
1.079,3.2186,20.921,0,0
1.0912,3.2298,20.994,0,0
1.1034,3.2411,21.067,0,0
1.1156,3.2523,21.14,0,0
1.1278,3.2636,21.213,0,0
1.1401,3.2748,21.286,0,0
1.1523,3.286,21.359,0,0
1.1645,3.2973,21.432,0,0
1.1764,3.3085,21.505,0,0
1.1877,3.3198,21.579,0,0
1.1989,3.331,21.652,0,0
1.2102,3.3423,21.725,0,0
1.2214,3.3535,21.798,0,0
1.2327,3.3648,21.871,0,0
1.244,3.376,21.944,0,0
1.2552,3.3873,22.017,0,0
1.2665,3.3985,22.09,0,0
1.2777,3.4098,22.163,0,0
1.288,3.421,22.236,0,0
1.298,3.4322,22.31,0,0
1.3081,3.4435,22.383,0,0
1.3181,3.4547,22.456,0,0
1.3281,3.466,22.529,0,0
1.3381,3.4772,22.602,0,0
1.3482,3.4885,22.675,0,0
1.3582,3.4997,22.748,0,0
1.3682,3.511,22.821,0,0
1.378,3.5222,22.894,0,0
1.3862,3.5335,22.968,0,0
1.3944,3.5447,23.041,0,0
1.4027,3.556,23.114,0,0
1.4109,3.5672,23.187,0,0
1.4192,3.5784,23.26,0,0
1.4274,3.5897,23.333,0,0
1.4357,3.6009,23.406,0,0
1.4439,3.6122,23.479,0,0
1.4521,3.6234,23.552,0,0
1.4594,3.6347,23.625,0,0
1.4655,3.6459,23.698,0,0
1.4715,3.6572,23.772,0,0
1.4776,3.6684,23.845,0,0
1.4837,3.6797,23.918,0,0
1.4897,3.6909,23.991,0,0
1.4958,3.7022,24.064,0,0
1.5018,3.7134,24.137,0,0
1.5079,3.7246,24.21,0,0
1.5139,3.7359,24.283,0,0
1.5188,3.7471,24.356,0,0
1.523,3.7584,24.43,0,0
1.5272,3.7696,24.503,0,0
1.5314,3.7809,24.576,0,0
1.5356,3.7921,24.649,0,0
1.5399,3.8034,24.722,0,0
1.5441,3.8146,24.795,0,0
1.5483,3.8259,24.868,0,0
1.5525,3.8371,24.941,0,0
1.5567,3.8484,25.014,0,0
1.5599,3.8596,25.087,0,0
1.5628,3.8708,25.16,0,0
1.5657,3.8821,25.234,0,0
1.5687,3.8933,25.307,0,0
1.5716,3.9046,25.38,0,0
1.5745,3.9158,25.453,0,0
1.5774,3.9271,25.526,0,0
1.5804,3.9383,25.599,0,0
1.5833,3.9496,25.672,0,0
1.5862,3.9608,25.745,0,0
1.5879,3.9721,25.818,0,0
1.5894,3.9833,25.892,0,0
1.5909,3.9946,25.965,0,0
1.5924,4.0058,26.038,0,0
1.5939,4.017,26.111,0,0
1.5955,4.0283,26.184,0,0
1.597,4.0395,26.257,0,0
1.5985,4.0508,26.33,0,0
1.6,4.062,26.403,0,0
1.6015,4.0733,26.476,0,0
1.5967,4.0845,26.549,0,0
1.5915,4.0958,26.622,0,0
1.5862,4.107,26.696,0,0
1.5809,4.1183,26.769,0,0
1.5756,4.1295,26.842,0,0
1.5703,4.1408,26.915,0,0
1.5651,4.152,26.988,0,0
1.5598,4.1632,27.061,0,0
1.5545,4.1745,27.134,0,0
1.5492,4.1857,27.207,0,0
1.5398,4.197,27.28,0,0
1.5298,4.2082,27.354,0,0
1.5198,4.2195,27.427,0,0
1.5098,4.2307,27.5,0,0
1.4998,4.242,27.573,0,0
1.4898,4.2532,27.646,0,0
1.4798,4.2645,27.719,0,0
1.4698,4.2757,27.792,0,0
1.4598,4.287,27.865,0,0
1.4498,4.2982,27.938,0,0
1.4373,4.3094,28.011,0,0
1.4241,4.3207,28.084,0,0
1.4108,4.3319,28.158,0,0
1.3976,4.3432,28.231,0,0
1.3844,4.3544,28.304,0,0
1.3711,4.3657,28.377,0,0
1.3579,4.3769,28.45,0,0
1.3446,4.3882,28.523,0,0
1.3314,4.3994,28.596,0,0
1.3182,4.4107,28.669,0,0
1.3061,4.4219,28.742,0,0
1.2948,4.4332,28.816,0,0
1.2835,4.4444,28.889,0,0
1.2722,4.4556,28.962,0,0
1.2609,4.4669,29.035,0,0
1.2496,4.4781,29.108,0,0
1.2383,4.4894,29.181,0,0
1.227,4.5006,29.254,0,0
1.2157,4.5119,29.327,0,0
1.2044,4.5231,29.4,0,0
1.1952,4.5344,29.473,0,0
1.1899,4.5456,29.546,0,0
1.1846,4.5569,29.62,0,0
1.1793,4.5681,29.693,0,0
1.174,4.5794,29.766,0,0
1.1687,4.5906,29.839,0,0
1.1634,4.6018,29.912,0,0
1.1582,4.6131,29.985,0,0
1.1529,4.6243,30.058,0,0
1.1476,4.6356,30.131,0,0
1.1424,4.6468,30.204,0,0
1.1414,4.6581,30.278,0,0
1.1404,4.6693,30.351,0,0
1.1394,4.6806,30.424,0,0
1.1385,4.6918,30.497,0,0
1.1375,4.7031,30.57,0,0
1.1365,4.7143,30.643,0,0
1.1355,4.7256,30.716,0,0
1.1345,4.7368,30.789,0,0
1.1336,4.748,30.862,0,0
1.1326,4.7593,30.935,0,0
1.1322,4.7705,31.008,0,0
1.1321,4.7818,31.082,0,0
1.1321,4.793,31.155,0,0
1.132,4.8043,31.228,0,0
1.132,4.8155,31.301,0,0
1.1319,4.8268,31.374,0,0
1.1319,4.838,31.447,0,0
1.1318,4.8493,31.52,0,0
1.1317,4.8605,31.593,0,0
1.1317,4.8718,31.666,0,0
1.1317,4.883,31.74,0,0
1.1318,4.8942,31.813,0,0
1.1319,4.9055,31.886,0,0
1.132,4.9167,31.959,0,0
1.1321,4.928,32.032,0,0
1.1322,4.9392,32.105,0,0
1.1323,4.9505,32.178,0,0
1.1324,4.9617,32.251,0,0
1.1325,4.973,32.324,0,0
1.1327,4.9842,32.397,0,0
1.1328,4.9955,32.471,0,0
1.1339,5.0067,32.544,0,0
1.1357,5.018,32.617,0,0
1.1375,5.0292,32.69,0,0
1.1393,5.0404,32.763,0,0
1.1411,5.0517,32.836,0,0
1.1429,5.0629,32.909,0,0
1.1447,5.0742,32.982,0,0
1.1465,5.0854,33.055,0,0
1.1483,5.0967,33.128,0,0
1.1501,5.1079,33.201,0,0
1.152,5.1192,33.275,0,0
1.1562,5.1304,33.348,0,0
1.1603,5.1417,33.421,0,0
1.1645,5.1529,33.494,0,0
1.1687,5.1642,33.567,0,0
1.1729,5.1754,33.64,0,0
1.1771,5.1866,33.713,0,0
1.1812,5.1979,33.786,0,0
1.1854,5.2091,33.859,0,0
1.1896,5.2204,33.932,0,0
1.1938,5.2316,34.006,0,0
1.1984,5.2429,34.079,0,0
1.2039,5.2541,34.152,0,0
1.2094,5.2654,34.225,0,0
1.2148,5.2766,34.298,0,0
1.2203,5.2879,34.371,0,0
1.2258,5.2991,34.444,0,0
1.2313,5.3104,34.517,0,0
1.2368,5.3216,34.59,0,0
1.2423,5.3328,34.664,0,0
1.2477,5.3441,34.737,0,0
1.2532,5.3553,34.81,0,0
1.2592,5.3666,34.883,0,0
1.2655,5.3778,34.956,0,0
1.2719,5.3891,35.029,0,0
1.2782,5.4003,35.102,0,0
1.2845,5.4116,35.175,0,0
1.2909,5.4228,35.248,0,0
1.2972,5.4341,35.321,0,0
1.3035,5.4453,35.395,0,0
1.3098,5.4566,35.468,0,0
1.3162,5.4678,35.541,0,0
1.3225,5.479,35.614,0,0
1.3293,5.4903,35.687,0,0
1.3362,5.5015,35.76,0,0
1.3431,5.5128,35.833,0,0
1.35,5.524,35.906,0,0
1.3569,5.5353,35.979,0,0
1.3638,5.5465,36.052,0,0
1.3707,5.5578,36.125,0,0
1.3777,5.569,36.199,0,0
1.3846,5.5803,36.272,0,0
1.3915,5.5915,36.345,0,0
1.3984,5.6028,36.418,0,0
1.4055,5.614,36.491,0,0
1.4127,5.6252,36.564,0,0
1.4198,5.6365,36.637,0,0
1.427,5.6477,36.71,0,0
1.4341,5.659,36.783,0,0
1.4413,5.6702,36.856,0,0
1.4485,5.6815,36.93,0,0
1.4556,5.6927,37.003,0,0
1.4628,5.704,37.076,0,0
1.4699,5.7152,37.149,0,0
1.4771,5.7265,37.222,0,0
1.4842,5.7377,37.295,0,0
1.4913,5.749,37.368,0,0
1.4983,5.7602,37.441,0,0
1.5054,5.7714,37.514,0,0
1.5125,5.7827,37.588,0,0
1.5195,5.7939,37.661,0,0
1.5266,5.8052,37.734,0,0
1.5337,5.8164,37.807,0,0
1.5408,5.8277,37.88,0,0
1.5478,5.8389,37.953,0,0
1.5549,5.8502,38.026,0,0
1.5616,5.8614,38.099,0,0
1.5682,5.8727,38.172,0,0
1.5749,5.8839,38.245,0,0
1.5815,5.8952,38.319,0,0
1.5881,5.9064,38.392,0,0
1.5948,5.9176,38.465,0,0
1.6014,5.9289,38.538,0,0
1.6081,5.9401,38.611,0,0
1.6147,5.9514,38.684,0,0
1.6213,5.9626,38.757,0,0
1.628,5.9739,38.83,0,0
1.6338,5.9851,38.903,0,0
1.6394,5.9964,38.976,0,0
1.6449,6.0076,39.049,0,0
1.6505,6.0189,39.123,0,0
1.6561,6.0301,39.196,0,0
1.6616,6.0414,39.269,0,0
1.6672,6.0526,39.342,0,0
1.6727,6.0638,39.415,0,0
1.6783,6.0751,39.488,0,0
1.6838,6.0863,39.561,0,0
1.6894,6.0976,39.634,0,0
1.694,6.1088,39.707,0,0
1.6976,6.1201,39.78,0,0
1.7013,6.1313,39.854,0,0
1.705,6.1426,39.927,0,0
1.7086,6.1538,40,0,0
1.7123,6.1651,40.073,0,0
1.716,6.1763,40.146,0,0
1.7196,6.1876,40.219,0,0
1.7233,6.1988,40.292,0,0
1.727,6.21,40.365,0,0
1.7307,6.2213,40.438,0,0
1.7339,6.2325,40.512,0,0
1.736,6.2438,40.585,0,0
1.7381,6.255,40.658,0,0
1.7402,6.2663,40.731,0,0
1.7424,6.2775,40.804,0,0
1.7445,6.2888,40.877,0,0
1.7466,6.3,40.95,0,0
1.7487,6.3113,41.023,0,0
1.7508,6.3225,41.096,0,0
1.7529,6.3338,41.169,0,0
1.755,6.345,41.243,0,0
1.7571,6.3562,41.316,0,0
1.7585,6.3675,41.389,0,0
1.7597,6.3787,41.462,0,0
1.761,6.39,41.535,0,0
1.7622,6.4012,41.608,0,0
1.7635,6.4125,41.681,0,0
1.7647,6.4237,41.754,0,0
1.766,6.435,41.827,0,0
1.7672,6.4462,41.9,0,0
1.7685,6.4575,41.973,0,0
1.7697,6.4687,42.047,0,0
1.771,6.48,42.12,0,0
1.77,6.4912,42.193,0,0
1.7667,6.5024,42.266,0,0
1.7634,6.5137,42.339,0,0
1.7601,6.5249,42.412,0,0
1.7567,6.5362,42.485,0,0
1.7534,6.5474,42.558,0,0
1.7501,6.5587,42.631,0,0
1.7468,6.5699,42.704,0,0
1.7435,6.5812,42.778,0,0
1.7401,6.5924,42.851,0,0
1.7368,6.6037,42.924,0,0
1.7335,6.6149,42.997,0,0
1.7276,6.6262,43.07,0,0
1.7217,6.6374,43.143,0,0
1.7157,6.6486,43.216,0,0
1.7098,6.6599,43.289,0,0
1.7038,6.6711,43.362,0,0
1.6978,6.6824,43.436,0,0
1.6919,6.6936,43.509,0,0
1.6859,6.7049,43.582,0,0
1.68,6.7161,43.655,0,0
1.674,6.7274,43.728,0,0
1.6681,6.7386,43.801,0,0
1.6608,6.7499,43.874,0,0
1.6514,6.7611,43.947,0,0
1.642,6.7724,44.02,0,0
1.6327,6.7836,44.093,0,0
1.6233,6.7948,44.167,0,0
1.6139,6.8061,44.24,0,0
1.6045,6.8173,44.313,0,0
1.5951,6.8286,44.386,0,0
1.5857,6.8398,44.459,0,0
1.5763,6.8511,44.532,0,0
1.5669,6.8623,44.605,0,0
1.5575,6.8736,44.678,0,0
1.5468,6.8848,44.751,0,0
1.5355,6.8961,44.824,0,0
1.5243,6.9073,44.897,0,0
1.513,6.9186,44.971,0,0
1.5017,6.9298,45.044,0,0
1.4905,6.941,45.117,0,0
1.4792,6.9523,45.19,0,0
1.4679,6.9635,45.263,0,0
1.4567,6.9748,45.336,0,0
1.4454,6.986,45.409,0,0
1.4341,6.9973,45.482,0,0
1.4228,7.0085,45.555,0,0
1.4145,7.0198,45.628,0,0
1.4063,7.031,45.702,0,0
1.398,7.0423,45.775,0,0
1.3898,7.0535,45.848,0,0
1.3815,7.0648,45.921,0,0
1.3733,7.076,45.994,0,0
1.365,7.0872,46.067,0,0
1.3568,7.0985,46.14,0,0
1.3485,7.1097,46.213,0,0
1.3403,7.121,46.286,0,0
1.332,7.1322,46.36,0,0
1.3247,7.1435,46.433,0,0
1.3223,7.1547,46.506,0,0
1.32,7.166,46.579,0,0
1.3176,7.1772,46.652,0,0
1.3153,7.1885,46.725,0,0
1.3129,7.1997,46.798,0,0
1.3106,7.211,46.871,0,0
1.3082,7.2222,46.944,0,0
1.3059,7.2334,47.017,0,0
1.3035,7.2447,47.09,0,0
1.3012,7.2559,47.164,0,0
1.2988,7.2672,47.237,0,0
1.2971,7.2784,47.31,0,0
1.297,7.2897,47.383,0,0
1.2969,7.3009,47.456,0,0
1.2969,7.3122,47.529,0,0
1.2968,7.3234,47.602,0,0
1.2967,7.3347,47.675,0,0
1.2967,7.3459,47.748,0,0
1.2966,7.3572,47.821,0,0
1.2965,7.3684,47.895,0,0
1.2965,7.3796,47.968,0,0
1.2964,7.3909,48.041,0,0
1.2963,7.4021,48.114,0,0
1.2966,7.4134,48.187,0,0
1.2978,7.4246,48.26,0,0
1.2991,7.4359,48.333,0,0
1.3003,7.4471,48.406,0,0
1.3016,7.4584,48.479,0,0
1.3028,7.4696,48.553,0,0
1.3041,7.4809,48.626,0,0
1.3053,7.4921,48.699,0,0
1.3066,7.5034,48.772,0,0
1.3078,7.5146,48.845,0,0
1.3091,7.5258,48.918,0,0
1.3103,7.5371,48.991,0,0
1.3119,7.5483,49.064,0,0
1.3151,7.5596,49.137,0,0
1.3183,7.5708,49.21,0,0
1.3216,7.5821,49.284,0,0
1.3248,7.5933,49.357,0,0
1.328,7.6046,49.43,0,0
1.3312,7.6158,49.503,0,0
1.3344,7.6271,49.576,0,0
1.3376,7.6383,49.649,0,0
1.3408,7.6496,49.722,0,0
1.344,7.6608,49.795,0,0
1.3472,7.672,49.868,0,0
1.3505,7.6833,49.941,0,0
1.3555,7.6945,50.014,0,0
1.3604,7.7058,50.088,0,0
1.3654,7.717,50.161,0,0
1.3703,7.7283,50.234,0,0
1.3753,7.7395,50.307,0,0
1.3802,7.7508,50.38,0,0
1.3852,7.762,50.453,0,0
1.3901,7.7733,50.526,0,0
1.3951,7.7845,50.599,0,0
1.4,7.7958,50.672,0,0
1.405,7.807,50.745,0,0
1.4099,7.8182,50.819,0,0
1.4158,7.8295,50.892,0,0
1.4218,7.8407,50.965,0,0
1.4278,7.852,51.038,0,0
1.4339,7.8632,51.111,0,0
1.4399,7.8745,51.184,0,0
1.4459,7.8857,51.257,0,0
1.452,7.897,51.33,0,0
1.458,7.9082,51.403,0,0
1.464,7.9195,51.477,0,0
1.4701,7.9307,51.55,0,0
1.4761,7.942,51.623,0,0
1.4821,7.9532,51.696,0,0
1.4883,7.9644,51.769,0,0
1.4946,7.9757,51.842,0,0
1.5009,7.9869,51.915,0,0
1.5073,7.9982,51.988,0,0
1.5136,8.0094,52.061,0,0
1.5199,8.0207,52.134,0,0
1.5262,8.0319,52.208,0,0
1.5325,8.0432,52.281,0,0
1.5388,8.0544,52.354,0,0
1.5452,8.0657,52.427,0,0
1.5515,8.0769,52.5,0,0
1.5578,8.0882,52.573,0,0
1.5641,8.0994,52.646,0,0
1.57,8.1106,52.719,0,0
1.5759,8.1219,52.792,0,0
1.5818,8.1331,52.865,0,0
1.5877,8.1444,52.938,0,0
1.5936,8.1556,53.012,0,0
1.5996,8.1669,53.085,0,0
1.6055,8.1781,53.158,0,0
1.6114,8.1894,53.231,0,0
1.6173,8.2006,53.304,0,0
1.6232,8.2119,53.377,0,0
1.6291,8.2231,53.45,0,0
1.635,8.2344,53.523,0,0
1.6404,8.2456,53.596,0,0
1.6454,8.2568,53.669,0,0
1.6504,8.2681,53.743,0,0
1.6553,8.2793,53.816,0,0
1.6603,8.2906,53.889,0,0
1.6653,8.3018,53.962,0,0
1.6703,8.3131,54.035,0,0
1.6753,8.3243,54.108,0,0
1.6803,8.3356,54.181,0,0
1.6853,8.3468,54.254,0,0
1.6903,8.3581,54.327,0,0
1.6952,8.3693,54.401,0,0
1.7001,8.3806,54.474,0,0
1.7033,8.3918,54.547,0,0
1.7064,8.403,54.62,0,0
1.7096,8.4143,54.693,0,0
1.7127,8.4255,54.766,0,0
1.7158,8.4368,54.839,0,0
1.719,8.448,54.912,0,0
1.7221,8.4593,54.985,0,0
1.7253,8.4705,55.058,0,0
1.7284,8.4818,55.132,0,0
1.7315,8.493,55.205,0,0
1.7347,8.5043,55.278,0,0
1.7378,8.5155,55.351,0,0
1.74,8.5268,55.424,0,0
1.7407,8.538,55.497,0,0
1.7414,8.5492,55.57,0,0
1.742,8.5605,55.643,0,0
1.7427,8.5717,55.716,0,0
1.7434,8.583,55.789,0,0
1.7441,8.5942,55.862,0,0
1.7448,8.6055,55.936,0,0
1.7455,8.6167,56.009,0,0
1.7462,8.628,56.082,0,0
1.7468,8.6392,56.155,0,0
1.7475,8.6505,56.228,0,0
1.7482,8.6617,56.301,0,0
1.7485,8.673,56.374,0,0
1.7486,8.6842,56.447,0,0
1.7486,8.6954,56.52,0,0
1.7487,8.7067,56.593,0,0
1.7487,8.7179,56.667,0,0
1.7488,8.7292,56.74,0,0
1.7489,8.7404,56.813,0,0
1.7489,8.7517,56.886,0,0
1.749,8.7629,56.959,0,0
1.749,8.7742,57.032,0,0
1.7491,8.7854,57.105,0,0
1.7491,8.7967,57.178,0,0
1.7492,8.8079,57.251,0,0
1.7482,8.8192,57.325,0,0
1.7469,8.8304,57.398,0,0
1.7457,8.8416,57.471,0,0
1.7444,8.8529,57.544,0,0
1.7431,8.8641,57.617,0,0
1.7419,8.8754,57.69,0,0
1.7406,8.8866,57.763,0,0
1.7394,8.8979,57.836,0,0
1.7381,8.9091,57.909,0,0
1.7368,8.9204,57.982,0,0
1.7356,8.9316,58.056,0,0
1.7343,8.9429,58.129,0,0
1.733,8.9541,58.202,0,0
1.7296,8.9654,58.275,0,0
1.726,8.9766,58.348,0,0
1.7224,8.9878,58.421,0,0
1.7188,8.9991,58.494,0,0
1.7151,9.0103,58.567,0,0
1.7115,9.0216,58.64,0,0
1.7079,9.0328,58.713,0,0
1.7042,9.0441,58.786,0,0
1.7006,9.0553,58.86,0,0
1.697,9.0666,58.933,0,0
1.6934,9.0778,59.006,0,0
1.6897,9.0891,59.079,0,0
1.6861,9.1003,59.152,0,0
1.6796,9.1116,59.225,0,0
1.6728,9.1228,59.298,0,0
1.666,9.134,59.371,0,0
1.6592,9.1453,59.444,0,0
1.6524,9.1565,59.518,0,0
1.6456,9.1678,59.591,0,0
1.6388,9.179,59.664,0,0
1.632,9.1903,59.737,0,0
1.6252,9.2015,59.81,0,0
1.6184,9.2128,59.883,0,0
1.6117,9.224,59.956,0,0
1.6049,9.2353,60.029,0,0
1.5981,9.2465,60.102,0,0
1.5896,9.2578,60.175,0,0
1.5808,9.269,60.249,0,0
1.572,9.2802,60.322,0,0
1.5632,9.2915,60.395,0,0
1.5543,9.3027,60.468,0,0
1.5455,9.314,60.541,0,0
1.5367,9.3252,60.614,0,0
1.5279,9.3365,60.687,0,0
1.5191,9.3477,60.76,0,0
1.5102,9.359,60.833,0,0
1.5014,9.3702,60.906,0,0
1.4926,9.3815,60.979,0,0
1.4838,9.3927,61.053,0,0
1.4767,9.404,61.126,0,0
1.4706,9.4152,61.199,0,0
1.4645,9.4264,61.272,0,0
1.4584,9.4377,61.345,0,0
1.4523,9.4489,61.418,0,0
1.4462,9.4602,61.491,0,0
1.4401,9.4714,61.564,0,0
1.434,9.4827,61.637,0,0
1.4279,9.4939,61.71,0,0
1.4218,9.5052,61.784,0,0
1.4157,9.5164,61.857,0,0
1.4096,9.5277,61.93,0,0
1.4035,9.5389,62.003,0,0
1.3991,9.5502,62.076,0,0
1.3977,9.5614,62.149,0,0
1.3963,9.5726,62.222,0,0
1.3948,9.5839,62.295,0,0
1.3934,9.5951,62.368,0,0
1.392,9.6064,62.442,0,0
1.3906,9.6176,62.515,0,0
1.3892,9.6289,62.588,0,0
1.3877,9.6401,62.661,0,0
1.3863,9.6514,62.734,0,0
1.3849,9.6626,62.807,0,0
1.3835,9.6739,62.88,0,0
1.3821,9.6851,62.953,0,0
1.3807,9.6964,63.026,0,0
1.3807,9.7076,63.099,0,0
1.3807,9.7188,63.173,0,0
1.3808,9.7301,63.246,0,0
1.3808,9.7413,63.319,0,0
1.3809,9.7526,63.392,0,0
1.3809,9.7638,63.465,0,0
1.381,9.7751,63.538,0,0
1.381,9.7863,63.611,0,0
1.3811,9.7976,63.684,0,0
1.3811,9.8088,63.757,0,0
1.3812,9.8201,63.83,0,0
1.3812,9.8313,63.903,0,0
1.3812,9.8426,63.977,0,0
1.3817,9.8538,64.05,0,0
1.3826,9.865,64.123,0,0
1.3835,9.8763,64.196,0,0
1.3844,9.8875,64.269,0,0
1.3852,9.8988,64.342,0,0
1.3861,9.91,64.415,0,0
1.387,9.9213,64.488,0,0
1.3879,9.9325,64.561,0,0
1.3887,9.9438,64.634,0,0
1.3896,9.955,64.708,0,0
1.3905,9.9663,64.781,0,0
1.3914,9.9775,64.854,0,0
1.3923,9.9888,64.927,0,0
1.3931,10,65,0,0
