density,Mach,Pressure,Temperature,vtkValidPointMask,arc_length,Points:0,Points:1,Points:2
1.72645601407784,2.3953,40053,458.49,1,0,8,0,0
1.72741573018973,2.3942,40075,458.49,1,0.016,8,0.016,0
1.72920432615387,2.3933,40116,458.49,1,0.032,8,0.032,0
1.73261592865427,2.393,40196,458.51,1,0.048,8,0.048,0
1.73611462956954,2.393,40278,458.53,1,0.064,8,0.064,0
1.73960894731579,2.3933,40359,458.54,1,0.08,8,0.08,0
1.74214348120008,2.3939,40418,458.55,1,0.096,8,0.096,0
1.74432897119074,2.3945,40469,458.56,1,0.112,8,0.112,0
1.74572913993313,2.3951,40502,458.57,1,0.128,8,0.128,0
1.74660168181633,2.3956,40522,458.57,1,0.144,8,0.144,0
1.74690707397181,2.3961,40529,458.57,1,0.16,8,0.16,0
1.74642309683684,2.3965,40517,458.56,1,0.176,8,0.176,0
1.74550281246328,2.3969,40495,458.55,1,0.192,8,0.192,0
1.74405894982611,2.3973,40461,458.54,1,0.208,8,0.208,0
1.74208732897828,2.3977,40414,458.52,1,0.224,8,0.224,0
1.73990165491203,2.3981,40363,458.51,1,0.24,8,0.24,0
1.73740626176779,2.3987,40304,458.49,1,0.256,8,0.256,0
1.73495435631172,2.3993,40246,458.47,1,0.272,8,0.272,0
1.73241504763739,2.4,40186,458.45,1,0.288,8,0.288,0
1.72991922667071,2.4008,40127,458.43,1,0.304,8,0.304,0
1.72755866757753,2.4016,40072,458.42,1,0.32,8,0.32,0
1.72528077723708,2.4024,40018,458.4,1,0.336,8,0.336,0
1.72326454290249,2.4033,39970,458.38,1,0.352,8,0.352,0
1.72129646587008,2.4041,39924,458.37,1,0.368,8,0.368,0
1.71949818600405,2.4049,39881,458.35,1,0.384,8,0.384,0
1.71783542012976,2.4056,39842,458.34,1,0.4,8,0.4,0
1.71621624932836,2.4062,39804,458.33,1,0.416,8,0.416,0
1.71472793977274,2.4069,39769,458.32,1,0.432,8,0.432,0
1.7132832258901,2.4075,39735,458.31,1,0.448,8,0.448,0
1.71188210805874,2.408,39702,458.3,1,0.464,8,0.464,0
1.71043731971465,2.4086,39668,458.29,1,0.48,8,0.48,0
1.70894886048413,2.4092,39633,458.28,1,0.496,8,0.496,0
1.7074990280075,2.4097,39598,458.26,1,0.512,8,0.512,0
1.70596682490658,2.4103,39562,458.25,1,0.528,8,0.528,0
1.70426004493717,2.4109,39522,458.24,1,0.544,8,0.544,0
1.70250959244258,2.4116,39481,458.23,1,0.56,8,0.56,0
1.70067183302357,2.4122,39438,458.22,1,0.576,8,0.576,0
1.69874159698687,2.4129,39392,458.2,1,0.592,8,0.592,0
1.69672917995918,2.4135,39345,458.19,1,0.608,8,0.608,0
1.69444964873138,2.4142,39291,458.17,1,0.624,8,0.624,0
1.69217530180524,2.4149,39238,458.16,1,0.64,8,0.64,0
1.68985191308536,2.4156,39183,458.14,1,0.656,8,0.656,0
1.68739747654969,2.4162,39125,458.12,1,0.672,8,0.672,0
1.68494838562599,2.4168,39068,458.11,1,0.688,8,0.688,0
1.68258099578699,2.4174,39012,458.09,1,0.704,8,0.704,0
1.68021346670738,2.418,38956,458.07,1,0.72,8,0.72,0
1.67785144825247,2.4186,38901,458.06,1,0.736,8,0.736,0
1.67565824451875,2.4191,38849,458.04,1,0.752,8,0.752,0
1.67350854460662,2.4196,38798,458.02,1,0.768,8,0.768,0
1.67149542407368,2.4201,38751,458.01,1,0.784,8,0.784,0
1.66948226758208,2.4206,38704,458,1,0.8,8,0.8,0
1.66763774111885,2.4211,38660,457.98,1,0.816,8,0.816,0
1.66588629615744,2.4216,38619,457.97,1,0.832,8,0.832,0
1.66417845198795,2.4221,38579,457.96,1,0.848,8,0.848,0
1.66255784696022,2.4226,38541,457.95,1,0.864,8,0.864,0
1.66098084265359,2.4232,38504,457.94,1,0.88,8,0.88,0
1.65948500673048,2.4237,38468,457.92,1,0.896,8,0.896,0
1.65803880998557,2.4242,38434,457.91,1,0.912,8,0.912,0
1.65663621589093,2.4246,38401,457.9,1,0.928,8,0.928,0
1.65523358485749,2.4251,38368,457.89,1,0.944,8,0.944,0
1.65383091688721,2.4256,38335,457.88,1,0.96,8,0.96,0
1.65247185231732,2.4261,38303,457.87,1,0.976,8,0.976,0
1.65111275113832,2.4266,38271,457.86,1,0.992,8,0.992,0
1.64984089480229,2.427,38241,457.85,1,1.008,8,1.008,0
1.64848172076006,2.4275,38209,457.84,1,1.024,8,1.024,0
1.64707886902571,2.4279,38176,457.83,1,1.04,8,1.04,0
1.64585054547147,2.4283,38147,457.82,1,1.056,8,1.056,0
1.64440397901649,2.4288,38113,457.81,1,1.072,8,1.072,0
1.64291373380998,2.4292,38078,457.8,1,1.088,8,1.088,0
1.64142345119725,2.4297,38043,457.79,1,1.104,8,1.104,0
1.63997677293036,2.4301,38009,457.78,1,1.12,8,1.12,0
1.63839913194423,2.4305,37972,457.77,1,1.136,8,1.136,0
1.6368650951457,2.431,37936,457.76,1,1.152,8,1.152,0
1.63541830472365,2.4314,37902,457.75,1,1.168,8,1.168,0
1.63392783502092,2.4318,37867,457.74,1,1.184,8,1.184,0
1.63261189687426,2.4322,37836,457.73,1,1.2,8,1.2,0
1.63125228004159,2.4326,37804,457.72,1,1.216,8,1.216,0
1.62993626927875,2.433,37773,457.71,1,1.232,8,1.232,0
1.62892572301658,2.4333,37749,457.7,1,1.248,8,1.248,0
1.627958788107,2.4336,37726,457.69,1,1.264,8,1.264,0
1.62704228122203,2.4339,37705,457.69,1,1.28,8,1.28,0
1.62646809729454,2.4341,37691,457.68,1,1.296,8,1.296,0
1.62607530634869,2.4342,37682,457.68,1,1.312,8,1.312,0
1.62590073328474,2.4343,37678,457.68,1,1.328,8,1.328,0
1.62594437651091,2.4343,37679,457.68,1,1.344,8,1.344,0
1.62638081023194,2.4342,37689,457.68,1,1.36,8,1.36,0
1.62694817803553,2.434,37702,457.68,1,1.376,8,1.376,0
1.6276969278032,2.4338,37720,457.69,1,1.392,8,1.392,0
1.62862022231033,2.4336,37742,457.7,1,1.408,8,1.408,0
1.62958037176394,2.4333,37764,457.7,1,1.424,8,1.424,0
1.63050362616089,2.4331,37786,457.71,1,1.44,8,1.44,0
1.63147049269364,2.4328,37809,457.72,1,1.456,8,1.456,0
1.63238699307357,2.4327,37830,457.72,1,1.472,8,1.472,0
1.6332665342078,2.4325,37851,457.73,1,1.488,8,1.488,0
1.6338338913909,2.4324,37864,457.73,1,1.504,8,1.504,0
1.63414604579882,2.4324,37872,457.74,1,1.52,8,1.52,0
1.63400846373357,2.4327,37868,457.73,1,1.536,8,1.536,0
1.63374660537862,2.4331,37862,457.73,1,1.552,8,1.552,0
1.63348474797847,2.4336,37856,457.73,1,1.568,8,1.568,0
1.63322289153326,2.4339,37850,457.73,1,1.584,8,1.584,0
1.63440789960751,2.4338,37878,457.74,1,1.6,8,1.6,0
1.63698943371361,2.4332,37938,457.75,1,1.616,8,1.616,0
1.63949018535463,2.4325,37997,457.77,1,1.632,8,1.632,0
1.6420780788029,2.4319,38058,457.79,1,1.648,8,1.648,0
1.65628095307799,2.4271,38392,457.89,1,1.664,8,1.664,0
1.67477406094066,2.4209,38827,458.02,1,1.68,8,1.68,0
1.69326089940757,2.4147,39262,458.15,1,1.696,8,1.696,0
1.72312903557217,2.405,39966,458.37,1,1.712,8,1.712,0
1.79460959525084,2.383,41650,458.87,1,1.728,8,1.728,0
1.86604177825412,2.3609,43336,459.38,1,1.744,8,1.744,0
1.937333475592,2.3387,45021,459.89,1,1.76,8,1.76,0
2.09095530260283,2.3021,48640,460.81,1,1.776,8,1.776,0
2.26128458216333,2.2625,52659,461.81,1,1.792,8,1.792,0
2.4312122355253,2.2229,56679,462.82,1,1.808,8,1.808,0
2.62025535690506,2.1861,61141,463.79,1,1.824,8,1.824,0
2.82535511405953,2.1555,65966,464.67,1,1.84,8,1.84,0
3.02946581084177,2.1252,70773,465.54,1,1.856,8,1.856,0
3.23338199522421,2.095,75580,466.4,1,1.872,8,1.872,0
3.37983514934886,2.0787,79017,466.91,1,1.888,8,1.888,0
3.51312371133043,2.0651,82140,467.34,1,1.904,8,1.904,0
3.64633619252819,2.0514,85262,467.77,1,1.92,8,1.92,0
3.77236549485565,2.0387,88215,468.17,1,1.936,8,1.936,0
3.84214969891752,2.0325,89844,468.36,1,1.952,8,1.952,0
3.91062188585279,2.0265,91441,468.54,1,1.968,8,1.968,0
3.97900586195656,2.0205,93038,468.73,1,1.984,8,1.984,0
4.028889961748,2.0163,94199,468.85,1,2,8,2,0
4.07675701556729,2.0125,95314,468.97,1,2.016,8,2.016,0
4.12476701250281,2.0087,96430,469.08,1,2.032,8,2.032,0
4.17045145737123,2.0051,97493,469.19,1,2.048,8,2.048,0
4.21570980592197,2.0015,98544,469.29,1,2.064,8,2.064,0
4.26113869947721,1.9979,99601,469.4,1,2.08,8,2.08,0
4.30675953368765,1.9942,100660,469.5,1,2.096,8,2.096,0
4.35232881937539,1.9905,101720,469.61,1,2.112,8,2.112,0
4.39800428956764,1.9867,102780,469.71,1,2.128,8,2.128,0
4.44578569736243,1.9828,103890,469.82,1,2.144,8,2.144,0
4.49357222220522,1.9787,105000,469.93,1,2.16,8,2.16,0
4.54136383291367,1.9747,106110,470.04,1,2.176,8,2.176,0
4.59048429601773,1.9705,107250,470.15,1,2.192,8,2.192,0
4.64038503671846,1.9662,108410,470.27,1,2.208,8,2.208,0
4.68995824316836,1.962,109560,470.38,1,2.224,8,2.224,0
4.73942663503583,1.9577,110710,470.5,1,2.24,8,2.24,0
4.79033702267806,1.9533,111890,470.61,1,2.256,8,2.256,0
4.84069891308059,1.949,113060,470.73,1,2.272,8,2.272,0
4.89062288656405,1.9447,114220,470.85,1,2.288,8,2.288,0
4.94022458235004,1.9406,115370,470.96,1,2.304,8,2.304,0
4.98983241479223,1.9365,116520,471.07,1,2.32,8,2.32,0
5.03932766847092,1.9325,117670,471.19,1,2.336,8,2.336,0
5.08938938444323,1.9284,118830,471.3,1,2.352,8,2.352,0
5.13647668308656,1.9248,119920,471.4,1,2.368,8,2.368,0
5.18344805465889,1.9212,121010,471.51,1,2.384,8,2.384,0
5.2305469558377,1.9175,122100,471.61,1,2.4,8,2.4,0
5.27752748010587,1.9139,123190,471.72,1,2.416,8,2.416,0
5.3198821720616,1.9107,124170,471.81,1,2.432,8,2.432,0
5.36135410446842,1.9076,125130,471.9,1,2.448,8,2.448,0
5.40327456832114,1.9044,126100,471.99,1,2.464,8,2.464,0
5.44431135134002,1.9013,127050,472.08,1,2.48,8,2.48,0
5.48192750320334,1.8985,127920,472.16,1,2.496,8,2.496,0
5.5186586321623,1.8957,128770,472.24,1,2.512,8,2.512,0
5.55330197742007,1.8931,129570,472.31,1,2.528,8,2.528,0
5.58394682545007,1.8908,130280,472.38,1,2.544,8,2.544,0
5.61606136595158,1.8884,131020,472.44,1,2.56,8,2.56,0
5.64760086209302,1.886,131750,472.51,1,2.576,8,2.576,0
5.67629730865169,1.8838,132410,472.56,1,2.592,8,2.592,0
5.70352640114914,1.8816,133040,472.62,1,2.608,8,2.608,0
5.73089360457068,1.8795,133670,472.67,1,2.624,8,2.624,0
5.75514651903164,1.8775,134230,472.72,1,2.64,8,2.64,0
5.7790934201402,1.8756,134780,472.76,1,2.656,8,2.656,0
5.80304316049769,1.8737,135330,472.8,1,2.672,8,2.672,0
5.8273024712988,1.8717,135890,472.85,1,2.688,8,2.688,0
5.84947451380743,1.8698,136400,472.89,1,2.704,8,2.704,0
5.87120286495097,1.868,136900,472.93,1,2.72,8,2.72,0
5.89351963578041,1.8662,137410,472.96,1,2.736,8,2.736,0
5.91480651952349,1.8644,137900,473,1,2.752,8,2.752,0
5.93564911309186,1.8627,138380,473.04,1,2.768,8,2.768,0
5.95649330354152,1.8609,138860,473.08,1,2.784,8,2.784,0
5.97733908901748,1.8592,139340,473.12,1,2.8,8,2.8,0
5.99863275202343,1.8575,139830,473.16,1,2.816,8,2.816,0
6.01948180051964,1.8559,140310,473.2,1,2.832,8,2.832,0
6.04063441937784,1.8542,140800,473.25,1,2.848,8,2.848,0
6.0619326910464,1.8526,141290,473.29,1,2.864,8,2.864,0
6.08308713664524,1.851,141780,473.34,1,2.88,8,2.88,0
6.10468887045838,1.8494,142280,473.39,1,2.896,8,2.896,0
6.12629137624902,1.8479,142780,473.44,1,2.912,8,2.912,0
6.14789465099524,1.8463,143280,473.49,1,2.928,8,2.928,0
6.1697977354552,1.8448,143790,473.55,1,2.944,8,2.944,0
6.19214750898738,1.8433,144310,473.61,1,2.96,8,2.96,0
6.21405018061712,1.8417,144820,473.67,1,2.976,8,2.976,0
6.23595260861091,1.8403,145330,473.73,1,2.992,8,2.992,0
6.25785478889953,1.8388,145840,473.79,1,3.008,8,3.008,0
6.28020389287221,1.8373,146360,473.85,1,3.024,8,3.024,0
6.30255286755413,1.8358,146880,473.91,1,3.04,8,3.04,0
6.32445440412425,1.8343,147390,473.97,1,3.056,8,3.056,0
6.34650809463029,1.8328,147900,474.02,1,3.072,8,3.072,0
6.36885710991089,1.8313,148420,474.08,1,3.088,8,3.088,0
6.38987662982744,1.8298,148900,474.11,1,3.104,8,3.104,0
6.41089880853828,1.8284,149380,474.14,1,3.12,8,3.12,0
6.43207833194677,1.8269,149860,474.16,1,3.136,8,3.136,0
6.45355420292279,1.8254,150350,474.19,1,3.152,8,3.152,0
6.47458500476003,1.824,150830,474.22,1,3.168,8,3.168,0
6.49386853637914,1.8226,151250,474.19,1,3.184,8,3.184,0
6.51300299729426,1.8212,151670,474.17,1,3.2,8,3.2,0
6.53259255050139,1.8198,152100,474.15,1,3.216,8,3.216,0
6.55174068006693,1.8184,152520,474.13,1,3.232,8,3.232,0
6.57031534905658,1.8171,152920,474.09,1,3.248,8,3.248,0
6.58726221528513,1.816,153280,474.04,1,3.264,8,3.264,0
6.60482557772368,1.8148,153650,473.98,1,3.28,8,3.28,0
6.6217892622253,1.8136,154010,473.93,1,3.296,8,3.296,0
6.63847222936597,1.8125,154360,473.87,1,3.312,8,3.312,0
6.65259504714804,1.8116,154660,473.83,1,3.328,8,3.328,0
6.66733418029996,1.8107,154970,473.78,1,3.344,8,3.344,0
6.68236791106134,1.8098,155290,473.74,1,3.36,8,3.36,0
6.69528426430017,1.8089,155570,473.72,1,3.376,8,3.376,0
6.7069795666713,1.8082,155830,473.72,1,3.392,8,3.392,0
6.71883940184169,1.8074,156090,473.71,1,3.408,8,3.408,0
6.72869964914482,1.8067,156320,473.74,1,3.424,8,3.424,0
6.73672015891263,1.8061,156520,473.8,1,3.44,8,3.44,0
6.74535239381768,1.8056,156730,473.85,1,3.456,8,3.456,0
6.75353349890006,1.805,156930,473.9,1,3.472,8,3.472,0
6.76044464760052,1.8043,157120,474,1,3.488,8,3.488,0
6.7651844231829,1.8038,157280,474.15,1,3.504,8,3.504,0
6.7696352250247,1.8032,157430,474.29,1,3.52,8,3.52,0
6.77391921828648,1.8026,157580,474.44,1,3.536,8,3.536,0
6.7760327586396,1.8021,157700,474.64,1,3.552,8,3.552,0
6.7772037232331,1.8015,157810,474.87,1,3.568,8,3.568,0
6.77853718817718,1.8009,157920,475.09,1,3.584,8,3.584,0
6.77786917729063,1.8002,158000,475.35,1,3.6,8,3.6,0
6.77687512266791,1.7995,158080,475.63,1,3.616,8,3.616,0
6.77588259538591,1.7987,158160,475.91,1,3.632,8,3.632,0
6.77472838777493,1.7979,158240,476.2,1,3.648,8,3.648,0
6.77284482553169,1.797,158300,476.48,1,3.664,8,3.664,0
6.7700705144277,1.7958,158340,476.76,1,3.68,8,3.68,0
6.76774677257996,1.7947,158390,477.04,1,3.696,8,3.696,0
6.76498036309985,1.7935,158430,477.32,1,3.712,8,3.712,0
6.76286718400912,1.7921,158470,477.56,1,3.728,8,3.728,0
6.76079756025221,1.7904,158500,477.77,1,3.744,8,3.744,0
6.75889224948487,1.7885,158530,477.97,1,3.76,8,3.76,0
6.75759597378987,1.7867,158570,478.16,1,3.776,8,3.776,0
6.75569431879817,1.7848,158600,478.36,1,3.792,8,3.792,0
6.75702903194239,1.782,158630,478.36,1,3.808,8,3.808,0
6.75864683732419,1.7792,158670,478.37,1,3.824,8,3.824,0
6.7593747915905,1.7763,158690,478.38,1,3.84,8,3.84,0
6.76054760998516,1.7735,158720,478.39,1,3.856,8,3.856,0
6.76548787377517,1.7693,158740,478.14,1,3.872,8,3.872,0
6.77136743359442,1.7649,158770,477.86,1,3.888,8,3.888,0
6.77758121593294,1.7605,158800,477.56,1,3.904,8,3.904,0
6.78474037716654,1.7559,158840,477.23,1,3.92,8,3.92,0
6.79829042173061,1.7492,158880,476.51,1,3.936,8,3.936,0
6.81160921567858,1.7425,158910,475.78,1,3.952,8,3.952,0
6.8254294294576,1.7358,158950,475.05,1,3.968,8,3.968,0
6.83902001886133,1.7291,158980,474.31,1,3.984,8,3.984,0
6.86111812294555,1.7196,159020,473.09,1,4,8,4,0
6.88432036356998,1.7099,159070,471.84,1,4.016,8,4.016,0
6.90722660853458,1.7002,159110,470.59,1,4.032,8,4.032,0
6.93074642152527,1.6905,159160,469.34,1,4.048,8,4.048,0
6.96371929534122,1.6774,159210,467.55,1,4.064,8,4.064,0
6.99771681037526,1.664,159260,465.72,1,4.08,8,4.08,0
7.03159918822785,1.6507,159300,463.89,1,4.096,8,4.096,0
7.06611901707081,1.6373,159350,462.07,1,4.112,8,4.112,0
7.10898593474365,1.6206,159390,459.78,1,4.128,8,4.128,0
7.15599405433975,1.6028,159440,457.32,1,4.144,8,4.144,0
7.20348576422476,1.5849,159490,454.87,1,4.16,8,4.16,0
7.25184535867212,1.5671,159540,452.41,1,4.176,8,4.176,0
7.30023245620007,1.5493,159580,449.96,1,4.192,8,4.192,0
7.35544335437428,1.5294,159650,447.27,1,4.208,8,4.208,0
7.41945836073212,1.506,159720,444.18,1,4.224,8,4.224,0
7.48499260909087,1.4822,159780,441.05,1,4.24,8,4.24,0
7.55088283387169,1.4587,159830,437.94,1,4.256,8,4.256,0
7.61805747120751,1.4352,159880,434.83,1,4.272,8,4.272,0
7.68707110923279,1.4118,159940,431.72,1,4.288,8,4.288,0
7.76285794426314,1.3851,159990,428.34,1,4.304,8,4.304,0
7.84420563794931,1.3569,160050,424.81,1,4.32,8,4.32,0
7.92700416532821,1.3287,160110,421.3,1,4.336,8,4.336,0
8.01183408031521,1.3004,160180,417.81,1,4.352,8,4.352,0
8.09845829820381,1.2721,160250,414.33,1,4.368,8,4.368,0
8.19114440987837,1.2409,160320,410.69,1,4.384,8,4.384,0
8.2864871286179,1.2093,160390,407.04,1,4.4,8,4.4,0
8.38430971527254,1.1776,160450,403.37,1,4.416,8,4.416,0
8.48536092173637,1.146,160520,399.7,1,4.432,8,4.432,0
8.58834972871469,1.1142,160580,396.04,1,4.448,8,4.448,0
8.69395338225514,1.0816,160640,392.39,1,4.464,8,4.464,0
8.80258203853061,1.049,160700,388.74,1,4.48,8,4.48,0
8.91438823035076,1.0164,160760,385.09,1,4.496,8,4.496,0
9.03077625017229,0.9839,160840,381.44,1,4.512,8,4.512,0
9.14722511155126,0.95192,160900,377.86,1,4.528,8,4.528,0
9.26197113365986,0.92124,160960,374.44,1,4.544,8,4.544,0
9.37947004394191,0.89042,161020,371.04,1,4.56,8,4.56,0
9.5002300705082,0.85954,161070,367.63,1,4.576,8,4.576,0
9.62506828354266,0.82865,161130,364.23,1,4.592,8,4.592,0
9.74649514010472,0.7991,161180,361.01,1,4.608,8,4.608,0
9.85717526095195,0.77224,161220,358.15,1,4.624,8,4.624,0
9.9712573131695,0.74538,161270,355.3,1,4.64,8,4.64,0
10.0882757411888,0.71851,161310,352.44,1,4.656,8,4.656,0
10.2090191810185,0.69165,161360,349.59,1,4.672,8,4.672,0
10.3330491750347,0.66479,161400,346.73,1,4.688,8,4.688,0
10.446135428898,0.6407,161450,344.22,1,4.704,8,4.704,0
10.5411766223283,0.61992,161490,342.16,1,4.72,8,4.72,0
10.6405443060785,0.59899,161540,340.07,1,4.736,8,4.736,0
10.7414808534555,0.57806,161580,337.98,1,4.752,8,4.752,0
10.8448463513313,0.55712,161620,335.89,1,4.768,8,4.768,0
10.9515490426152,0.53619,161670,333.8,1,4.784,8,4.784,0
11.0596039081283,0.51526,161710,331.72,1,4.8,8,4.8,0
11.150253637456,0.49746,161740,330.01,1,4.816,8,4.816,0
11.233251849351,0.48115,161770,328.48,1,4.832,8,4.832,0
11.3067294330331,0.46647,161790,327.14,1,4.848,8,4.848,0
11.381165819074,0.45179,161800,325.79,1,4.864,8,4.864,0
11.4568998620951,0.43711,161810,324.44,1,4.88,8,4.88,0
11.5348368960755,0.42244,161830,323.09,1,4.896,8,4.896,0
11.6104040998884,0.40819,161840,321.79,1,4.912,8,4.912,0
11.672276832898,0.39643,161860,320.76,1,4.928,8,4.928,0
11.7275810453415,0.38556,161870,319.84,1,4.944,8,4.944,0
11.7805723033236,0.37527,161880,318.97,1,4.96,8,4.96,0
11.8326975450337,0.36498,161880,318.11,1,4.976,8,4.976,0
11.8863545838319,0.3547,161890,317.25,1,4.992,8,4.992,0
11.9387925922951,0.34477,161900,316.42,1,5.008,8,5.008,0
11.9836452376697,0.336,161910,315.72,1,5.024,8,5.024,0
12.0251291680407,0.32789,161920,315.08,1,5.04,8,5.04,0
12.0596521176623,0.32049,161920,314.54,1,5.056,8,5.056,0
12.0960226917923,0.31308,161930,313.99,1,5.072,8,5.072,0
12.1326886937888,0.30568,161940,313.44,1,5.088,8,5.088,0
12.1700330965364,0.29811,161940,312.87,1,5.104,8,5.104,0
12.2046571248351,0.29094,161950,312.36,1,5.12,8,5.12,0
12.2332598950367,0.2847,161950,311.93,1,5.136,8,5.136,0
12.2607051230502,0.2786,161950,311.52,1,5.152,8,5.152,0
12.2892729361721,0.27251,161960,311.11,1,5.168,8,5.168,0
12.3170649993339,0.26641,161960,310.7,1,5.184,8,5.184,0
12.3443475911233,0.26049,161960,310.3,1,5.2,8,5.2,0
12.3676699930909,0.25508,161960,309.96,1,5.216,8,5.216,0
12.3918065733514,0.24967,161960,309.61,1,5.232,8,5.232,0
12.4153793419637,0.24425,161960,309.27,1,5.248,8,5.248,0
12.4390773361291,0.23898,161960,308.93,1,5.264,8,5.264,0
12.4591189411255,0.23404,161950,308.63,1,5.28,8,5.28,0
12.4799598971152,0.2291,161940,308.32,1,5.296,8,5.296,0
12.5001935875385,0.22417,161930,308.02,1,5.312,8,5.312,0
12.5190992590298,0.21946,161920,307.74,1,5.328,8,5.328,0
12.5373738598123,0.21492,161910,307.47,1,5.344,8,5.344,0
12.5567129197874,0.21038,161910,307.2,1,5.36,8,5.36,0
12.5751471669935,0.20589,161900,306.93,1,5.376,8,5.376,0
12.5939282201917,0.2015,161900,306.67,1,5.392,8,5.392,0
12.6103413591094,0.19729,161890,306.43,1,5.408,8,5.408,0
12.6278133865136,0.19308,161890,306.19,1,5.424,8,5.424,0
12.6436237429489,0.18887,161880,305.96,1,5.44,8,5.44,0
12.6594929101926,0.18484,161870,305.73,1,5.456,8,5.456,0
12.6764233938401,0.1809,161870,305.5,1,5.472,8,5.472,0
12.6924136018477,0.17697,161860,305.27,1,5.488,8,5.488,0
12.7077210247228,0.17303,161850,305.05,1,5.504,8,5.504,0
12.7223382509012,0.16925,161840,304.84,1,5.52,8,5.52,0
12.7370058578244,0.16551,161830,304.63,1,5.536,8,5.536,0
12.7519863479098,0.16191,161830,304.43,1,5.552,8,5.552,0
12.7652498442232,0.15846,161820,304.24,1,5.568,8,5.568,0
12.7793099202131,0.155,161810,304.04,1,5.584,8,5.584,0
12.7926592981479,0.15154,161800,303.85,1,5.6,8,5.6,0
12.8060508445876,0.14808,161790,303.66,1,5.616,8,5.616,0
12.8194848089892,0.14481,161780,303.47,1,5.632,8,5.632,0
12.8314330886206,0.14173,161770,303.3,1,5.648,8,5.648,0
12.8426492642018,0.13878,161760,303.14,1,5.664,8,5.664,0
12.8546635753777,0.13583,161750,302.97,1,5.68,8,5.68,0
12.8659420246544,0.13288,161740,302.81,1,5.696,8,5.696,0
12.8780230524354,0.12993,161730,302.64,1,5.712,8,5.712,0
12.8893644235496,0.12698,161720,302.48,1,5.728,8,5.728,0
12.8999602478659,0.1244,161710,302.33,1,5.744,8,5.744,0
12.9100618076953,0.12193,161710,302.2,1,5.76,8,5.76,0
12.9199295537493,0.11945,161700,302.06,1,5.776,8,5.776,0
12.9298207586811,0.11696,161690,301.92,1,5.792,8,5.792,0
12.9397355267649,0.11447,161680,301.78,1,5.808,8,5.808,0
12.9496739629847,0.11198,161670,301.64,1,5.824,8,5.824,0
12.9588493787808,0.1097,161660,301.51,1,5.84,8,5.84,0
12.9664686570748,0.10764,161650,301.4,1,5.856,8,5.856,0
12.9741022341793,0.10558,161640,301.29,1,5.872,8,5.872,0
12.9825411722668,0.10352,161630,301.17,1,5.888,8,5.888,0
12.991251448733,0.10146,161630,301.06,1,5.904,8,5.904,0
12.9989307938202,0.099402,161620,300.95,1,5.92,8,5.92,0
13.0058292640067,0.097549,161610,300.85,1,5.936,8,5.936,0
13.0127395725508,0.095779,161600,300.75,1,5.952,8,5.952,0
13.0188639289595,0.094049,161590,300.66,1,5.968,8,5.968,0
13.0249977438794,0.092318,161580,300.57,1,5.984,8,5.984,0
13.0319411905668,0.090587,161570,300.47,1,6,8,6,0
13.0391488768064,0.088913,161570,300.38,1,6.016,8,6.016,0
13.0437083121425,0.087447,161560,300.31,1,6.032,8,6.032,0
13.0490765402718,0.085981,161550,300.23,1,6.048,8,6.048,0
13.0544521590526,0.084516,161540,300.15,1,6.064,8,6.064,0
13.0608921975732,0.083052,161540,300.07,1,6.08,8,6.08,0
13.065476958018,0.081624,161530,300,1,6.096,8,6.096,0
13.0700672355684,0.080351,161520,299.93,1,6.112,8,6.112,0
13.0738548553782,0.079117,161510,299.87,1,6.128,8,6.128,0
13.0784553062275,0.077882,161500,299.8,1,6.144,8,6.144,0
13.0822514694388,0.076648,161490,299.74,1,6.16,8,6.16,0
13.0868621353358,0.075414,161480,299.67,1,6.176,8,6.176,0
13.0906668771707,0.074219,161470,299.61,1,6.192,8,6.192,0
13.0936634293721,0.073226,161460,299.56,1,6.208,8,6.208,0
13.09747526409,0.072233,161450,299.5,1,6.224,8,6.224,0
13.1004775463363,0.071239,161440,299.45,1,6.24,8,6.24,0
13.1042964983169,0.070243,161430,299.39,1,6.256,8,6.256,0
13.1073045304265,0.069267,161420,299.34,1,6.272,8,6.272,0
13.1103151355389,0.068469,161410,299.29,1,6.288,8,6.288,0
13.1135779707355,0.067675,161410,299.25,1,6.304,8,6.304,0
13.1176598201876,0.066881,161410,299.2,1,6.32,8,6.32,0
13.1198613026387,0.066086,161400,299.16,1,6.336,8,6.336,0
13.1239492042759,0.065362,161400,299.11,1,6.352,8,6.352,0
13.126154555164,0.064689,161390,299.07,1,6.368,8,6.368,0
13.129429436481,0.064017,161390,299.03,1,6.384,8,6.384,0
13.131638190409,0.063342,161380,298.99,1,6.4,8,6.4,0
13.1349173478111,0.062663,161380,298.95,1,6.416,8,6.416,0
13.1363090240219,0.061984,161370,298.92,1,6.432,8,6.432,0
13.1395918742211,0.061305,161370,298.88,1,6.448,8,6.448,0
13.1418069819874,0.060697,161360,298.84,1,6.464,8,6.464,0
13.1442721186374,0.060116,161360,298.81,1,6.48,8,6.48,0
13.1464901749457,0.059535,161350,298.77,1,6.496,8,6.496,0
13.1478869210009,0.058954,161340,298.74,1,6.512,8,6.512,0
13.1511791056181,0.058387,161340,298.7,1,6.528,8,6.528,0
13.1525778805974,0.057887,161330,298.67,1,6.544,8,6.544,0
13.1550495858438,0.057392,161330,298.64,1,6.56,8,6.56,0
13.1564500614345,0.056897,161320,298.61,1,6.576,8,6.576,0
13.1589241138561,0.056402,161320,298.58,1,6.592,8,6.592,0
13.1603262934215,0.055924,161310,298.55,1,6.608,8,6.608,0
13.1628026974318,0.055462,161310,298.52,1,6.624,8,6.624,0
13.1644543848046,0.055017,161310,298.5,1,6.64,8,6.64,0
13.1658589405305,0.054577,161300,298.47,1,6.656,8,6.656,0
13.1683386038132,0.054138,161300,298.44,1,6.672,8,6.672,0
13.1699924659495,0.053698,161300,298.42,1,6.688,8,6.688,0
13.1713994042843,0.053266,161290,298.39,1,6.704,8,6.704,0
13.1730545406117,0.052868,161290,298.37,1,6.72,8,6.72,0
13.1744628596578,0.05247,161280,298.34,1,6.736,8,6.736,0
13.1761192721342,0.052072,161280,298.32,1,6.752,8,6.752,0
13.1777762895456,0.051683,161280,298.3,1,6.768,8,6.768,0
13.1783577437188,0.051298,161270,298.28,1,6.784,8,6.784,0
13.1800157371796,0.050944,161270,298.26,1,6.8,8,6.8,0
13.1816743366995,0.050599,161270,298.24,1,6.816,8,6.816,0
13.1833335427024,0.050255,161270,298.22,1,6.832,8,6.832,0
13.1839163000069,0.04991,161260,298.2,1,6.848,8,6.848,0
13.185576484628,0.049565,161260,298.18,1,6.864,8,6.864,0
13.1872372768608,0.049222,161260,298.16,1,6.88,8,6.88,0
13.1888986771309,0.048883,161260,298.14,1,6.896,8,6.896,0
13.1894827412638,0.048579,161250,298.12,1,6.912,8,6.912,0
13.1903138558779,0.048274,161250,298.11,1,6.928,8,6.928,0
13.1919765418774,0.047964,161250,298.09,1,6.944,8,6.944,0
13.1936398372601,0.047654,161250,298.07,1,6.96,8,6.96,0
13.1944717136038,0.047344,161250,298.06,1,6.976,8,6.976,0
13.1950570882779,0.047034,161240,298.04,1,6.992,8,6.992,0
13.1958893039743,0.046727,161240,298.03,1,7.008,8,7.008,0
13.1975541933106,0.046463,161240,298.01,1,7.024,8,7.024,0
13.1983868670577,0.046199,161240,298,1,7.04,8,7.04,0
13.1992196935956,0.045935,161240,297.99,1,7.056,8,7.056,0
13.2008858052577,0.045671,161240,297.97,1,7.072,8,7.072,0
13.2017190904893,0.045407,161240,297.96,1,7.088,8,7.088,0
13.2025525287259,0.045143,161240,297.95,1,7.104,8,7.104,0
13.2033861200208,0.044879,161240,297.94,1,7.12,8,7.12,0
13.2039735588439,0.044631,161230,297.92,1,7.136,8,7.136,0
13.2048074908999,0.044387,161230,297.91,1,7.152,8,7.152,0
13.2056415761936,0.044142,161230,297.9,1,7.168,8,7.168,0
13.2064758147784,0.043898,161230,297.89,1,7.184,8,7.184,0
13.2073102067086,0.043654,161230,297.88,1,7.2,8,7.2,0
13.2062295831487,0.043409,161220,297.88,1,7.216,8,7.216,0
13.2070640096148,0.043165,161220,297.87,1,7.232,8,7.232,0
13.2078985894985,0.042926,161220,297.86,1,7.248,8,7.248,0
13.2087333228521,0.042709,161220,297.85,1,7.264,8,7.264,0
13.2095682097301,0.042492,161220,297.84,1,7.28,8,7.28,0
13.2104032501871,0.042276,161220,297.83,1,7.296,8,7.296,0
13.2112384442758,0.042059,161220,297.82,1,7.312,8,7.312,0
13.2112384442758,0.041843,161220,297.82,1,7.328,8,7.328,0
13.2120737920516,0.041639,161220,297.81,1,7.344,8,7.344,0
13.2129092935672,0.041447,161220,297.8,1,7.36,8,7.36,0
13.2129092935672,0.041256,161220,297.8,1,7.376,8,7.376,0
13.2137449488784,0.041065,161220,297.79,1,7.392,8,7.392,0
13.2126633091787,0.040873,161210,297.79,1,7.408,8,7.408,0
13.2134989991684,0.040682,161210,297.78,1,7.424,8,7.424,0
13.2143348430248,0.040491,161210,297.77,1,7.44,8,7.44,0
13.2143348430248,0.040321,161210,297.77,1,7.456,8,7.456,0
13.2151708408012,0.04016,161210,297.76,1,7.472,8,7.472,0
13.2151708408012,0.039999,161210,297.76,1,7.488,8,7.488,0
13.2160069925531,0.039839,161210,297.75,1,7.504,8,7.504,0
13.2160069925531,0.039678,161210,297.75,1,7.52,8,7.52,0
13.2160069925531,0.039517,161210,297.75,1,7.536,8,7.536,0
13.2168432983338,0.039359,161210,297.74,1,7.552,8,7.552,0
13.2168432983338,0.039218,161210,297.74,1,7.568,8,7.568,0
13.2176797581973,0.039077,161210,297.73,1,7.584,8,7.584,0
13.2176797581973,0.038936,161210,297.73,1,7.6,8,7.6,0
13.2176797581973,0.038795,161210,297.73,1,7.616,8,7.616,0
13.2185163721982,0.038654,161210,297.72,1,7.632,8,7.632,0
13.2185163721982,0.038513,161210,297.72,1,7.648,8,7.648,0
13.2185163721982,0.038374,161210,297.72,1,7.664,8,7.664,0
13.2185163721982,0.038237,161210,297.72,1,7.68,8,7.68,0
13.2193531403913,0.038096,161210,297.71,1,7.696,8,7.696,0
13.2193531403913,0.037956,161210,297.71,1,7.712,8,7.712,0
13.2193531403913,0.037815,161210,297.71,1,7.728,8,7.728,0
13.2204357344662,0.037675,161220,297.71,1,7.744,8,7.744,0
13.2212727763651,0.037534,161220,297.7,1,7.76,8,7.76,0
13.2212727763651,0.037394,161220,297.7,1,7.776,8,7.776,0
13.2212727763651,0.037255,161220,297.7,1,7.792,8,7.792,0
13.2212727763651,0.037116,161220,297.7,1,7.808,8,7.808,0
13.2221099726023,0.03697,161220,297.69,1,7.824,8,7.824,0
13.2221099726023,0.036824,161220,297.69,1,7.84,8,7.84,0
13.2221099726023,0.036677,161220,297.69,1,7.856,8,7.856,0
13.2221099726023,0.036531,161220,297.69,1,7.872,8,7.872,0
13.2221099726023,0.036385,161220,297.69,1,7.888,8,7.888,0
13.2221099726023,0.03624,161220,297.69,1,7.904,8,7.904,0
13.2229473232294,0.036096,161220,297.68,1,7.92,8,7.92,0
13.2229473232294,0.035952,161220,297.68,1,7.936,8,7.936,0
13.2229473232294,0.035808,161220,297.68,1,7.952,8,7.952,0
13.2229473232294,0.035664,161220,297.68,1,7.968,8,7.968,0
13.2229473232294,0.035519,161220,297.68,1,7.984,8,7.984,0
13.2229473232294,0.035378,161220,297.68,1,8,8,8,0
13.2229473232294,0.035242,161220,297.68,1,8.016,8,8.016,0
13.2237848283024,0.035104,161220,297.67,1,8.032,8,8.032,0
13.224867955599,0.034965,161230,297.67,1,8.048,8,8.048,0
13.224867955599,0.034826,161230,297.67,1,8.064,8,8.064,0
13.224867955599,0.034687,161230,297.67,1,8.08,8,8.08,0
13.224867955599,0.034548,161230,297.67,1,8.096,8,8.096,0
13.224867955599,0.034409,161230,297.67,1,8.112,8,8.112,0
13.224867955599,0.034279,161230,297.67,1,8.128,8,8.128,0
13.224867955599,0.034152,161230,297.67,1,8.144,8,8.144,0
13.224867955599,0.034027,161230,297.67,1,8.16,8,8.16,0
13.2257057347974,0.033907,161230,297.66,1,8.176,8,8.176,0
13.2257057347974,0.033786,161230,297.66,1,8.192,8,8.192,0
13.2257057347974,0.033666,161230,297.66,1,8.208,8,8.208,0
13.2257057347974,0.033545,161230,297.66,1,8.224,8,8.224,0
13.2257057347974,0.033425,161230,297.66,1,8.24,8,8.24,0
13.2257057347974,0.033309,161230,297.66,1,8.256,8,8.256,0
13.2257057347974,0.033198,161230,297.66,1,8.272,8,8.272,0
13.2257057347974,0.033088,161230,297.66,1,8.288,8,8.288,0
13.2257057347974,0.032983,161230,297.66,1,8.304,8,8.304,0
13.2267890369066,0.03288,161240,297.66,1,8.32,8,8.32,0
13.2267890369066,0.032777,161240,297.66,1,8.336,8,8.336,0
13.2267890369066,0.032673,161240,297.66,1,8.352,8,8.352,0
13.2267890369066,0.03257,161240,297.66,1,8.368,8,8.368,0
13.2267890369066,0.032476,161240,297.66,1,8.384,8,8.384,0
13.2267890369066,0.032384,161240,297.66,1,8.4,8,8.4,0
13.2276270903785,0.032294,161240,297.65,1,8.416,8,8.416,0
13.2276270903785,0.032211,161240,297.65,1,8.432,8,8.432,0
13.2276270903785,0.032128,161240,297.65,1,8.448,8,8.448,0
13.2276270903785,0.032045,161240,297.65,1,8.464,8,8.464,0
13.2276270903785,0.031962,161240,297.65,1,8.48,8,8.48,0
13.2276270903785,0.031882,161240,297.65,1,8.496,8,8.496,0
13.2287105673837,0.031809,161250,297.65,1,8.512,8,8.512,0
13.2287105673837,0.031736,161250,297.65,1,8.528,8,8.528,0
13.2287105673837,0.031667,161250,297.65,1,8.544,8,8.544,0
13.2287105673837,0.0316,161250,297.65,1,8.56,8,8.56,0
13.2287105673837,0.031532,161250,297.65,1,8.576,8,8.576,0
13.2287105673837,0.031465,161250,297.65,1,8.592,8,8.592,0
13.2287105673837,0.031397,161250,297.65,1,8.608,8,8.608,0
13.2287105673837,0.031329,161250,297.65,1,8.624,8,8.624,0
13.2287105673837,0.03126,161250,297.65,1,8.64,8,8.64,0
13.2287105673837,0.031191,161250,297.65,1,8.656,8,8.656,0
13.2287105673837,0.031126,161250,297.65,1,8.672,8,8.672,0
13.2297940996124,0.031061,161260,297.65,1,8.688,8,8.688,0
13.2297940996124,0.030997,161260,297.65,1,8.704,8,8.704,0
13.2297940996124,0.030932,161260,297.65,1,8.72,8,8.72,0
13.2297940996124,0.030867,161260,297.65,1,8.736,8,8.736,0
13.2297940996124,0.030803,161260,297.65,1,8.752,8,8.752,0
13.2297940996124,0.030729,161260,297.65,1,8.768,8,8.768,0
13.2297940996124,0.030654,161260,297.65,1,8.784,8,8.784,0
13.2297940996124,0.030584,161260,297.65,1,8.8,8,8.8,0
13.2308776870713,0.030517,161270,297.65,1,8.816,8,8.816,0
13.2308776870713,0.03045,161270,297.65,1,8.832,8,8.832,0
13.2308776870713,0.030383,161270,297.65,1,8.848,8,8.848,0
13.2308776870713,0.030316,161270,297.65,1,8.864,8,8.864,0
13.2308776870713,0.030249,161270,297.65,1,8.88,8,8.88,0
13.2308776870713,0.030181,161270,297.65,1,8.896,8,8.896,0
13.2308776870713,0.030105,161270,297.65,1,8.912,8,8.912,0
13.2308776870713,0.03003,161270,297.65,1,8.928,8,8.928,0
13.2319613297694,0.029959,161280,297.65,1,8.944,8,8.944,0
13.2319613297694,0.02989,161280,297.65,1,8.96,8,8.96,0
13.2319613297694,0.029821,161280,297.65,1,8.976,8,8.976,0
13.2319613297694,0.029752,161280,297.65,1,8.992,8,8.992,0
13.2319613297694,0.029683,161280,297.65,1,9.008,8,9.008,0
13.2319613297694,0.029615,161280,297.65,1,9.024,8,9.024,0
13.2319613297694,0.029546,161280,297.65,1,9.04,8,9.04,0
13.2319613297694,0.029476,161280,297.65,1,9.056,8,9.056,0
13.2330450277141,0.029405,161290,297.65,1,9.072,8,9.072,0
13.2330450277141,0.02934,161290,297.65,1,9.088,8,9.088,0
13.2330450277141,0.029277,161290,297.65,1,9.104,8,9.104,0
13.2330450277141,0.029214,161290,297.65,1,9.12,8,9.12,0
13.2330450277141,0.02915,161290,297.65,1,9.136,8,9.136,0
13.2330450277141,0.029087,161290,297.65,1,9.152,8,9.152,0
13.2330450277141,0.029024,161290,297.65,1,9.168,8,9.168,0
13.2330450277141,0.028961,161290,297.65,1,9.184,8,9.184,0
13.2341287809134,0.028897,161300,297.65,1,9.2,8,9.2,0
13.2341287809134,0.028834,161300,297.65,1,9.216,8,9.216,0
13.2341287809134,0.028788,161300,297.65,1,9.232,8,9.232,0
13.2341287809134,0.028742,161300,297.65,1,9.248,8,9.248,0
13.2341287809134,0.028696,161300,297.65,1,9.264,8,9.264,0
13.2341287809134,0.028649,161300,297.65,1,9.28,8,9.28,0
13.2341287809134,0.028603,161300,297.65,1,9.296,8,9.296,0
13.2341287809134,0.028557,161300,297.65,1,9.312,8,9.312,0
13.2341287809134,0.028511,161300,297.65,1,9.328,8,9.328,0
13.2352125893764,0.028465,161310,297.65,1,9.344,8,9.344,0
13.2352125893764,0.028425,161310,297.65,1,9.36,8,9.36,0
13.2352125893764,0.028396,161310,297.65,1,9.376,8,9.376,0
13.2352125893764,0.028367,161310,297.65,1,9.392,8,9.392,0
13.2343736975917,0.028338,161310,297.66,1,9.408,8,9.408,0
13.2343736975917,0.028316,161310,297.66,1,9.424,8,9.424,0
13.2343736975917,0.028295,161310,297.66,1,9.44,8,9.44,0
13.2343736975917,0.028274,161310,297.66,1,9.456,8,9.456,0
13.2343736975917,0.028253,161310,297.66,1,9.472,8,9.472,0
13.2343736975917,0.028232,161310,297.66,1,9.488,8,9.488,0
13.2354574414892,0.028225,161320,297.66,1,9.504,8,9.504,0
13.2354574414892,0.02822,161320,297.66,1,9.52,8,9.52,0
13.2354574414892,0.028215,161320,297.66,1,9.536,8,9.536,0
13.2354574414892,0.02821,161320,297.66,1,9.552,8,9.552,0
13.2354574414892,0.028205,161320,297.66,1,9.568,8,9.568,0
13.2354574414892,0.0282,161320,297.66,1,9.584,8,9.584,0
13.2354574414892,0.028195,161320,297.66,1,9.6,8,9.6,0
13.2354574414892,0.028195,161320,297.66,1,9.616,8,9.616,0
13.2354574414892,0.028208,161320,297.66,1,9.632,8,9.632,0
13.2365412406462,0.028223,161330,297.66,1,9.648,8,9.648,0
13.2365412406462,0.028238,161330,297.66,1,9.664,8,9.664,0
13.2365412406462,0.028253,161330,297.66,1,9.68,8,9.68,0
13.2365412406462,0.028268,161330,297.66,1,9.696,8,9.696,0
13.2365412406462,0.028283,161330,297.66,1,9.712,8,9.712,0
13.2365412406462,0.028298,161330,297.66,1,9.728,8,9.728,0
13.2365412406462,0.028325,161330,297.66,1,9.744,8,9.744,0
13.2365412406462,0.028353,161330,297.66,1,9.76,8,9.76,0
13.2365412406462,0.02838,161330,297.66,1,9.776,8,9.776,0
13.2376250950705,0.028407,161340,297.66,1,9.792,8,9.792,0
13.2376250950705,0.028438,161340,297.66,1,9.808,8,9.808,0
13.2376250950705,0.028469,161340,297.66,1,9.824,8,9.824,0
13.2376250950705,0.0285,161340,297.66,1,9.84,8,9.84,0
13.2376250950705,0.028529,161340,297.66,1,9.856,8,9.856,0
13.2376250950705,0.028553,161340,297.66,1,9.872,8,9.872,0
13.2376250950705,0.028574,161340,297.66,1,9.888,8,9.888,0
13.2376250950705,0.028595,161340,297.66,1,9.904,8,9.904,0
13.2387090047717,0.028615,161350,297.66,1,9.92,8,9.92,0
13.2387090047717,0.028636,161350,297.66,1,9.936,8,9.936,0
13.2387090047717,0.028657,161350,297.66,1,9.952,8,9.952,0
13.2387090047717,0.028677,161350,297.66,1,9.968,8,9.968,0
13.2378697885554,0.028684,161350,297.67,1,9.984,8,9.984,0
13.2378697885554,0.028692,161350,297.67,1,10,8,10,0
13.2378697885554,0.028699,161350,297.67,1,10.016,8,10.016,0
13.2378697885554,0.028706,161350,297.67,1,10.032,8,10.032,0
13.2378697885554,0.028713,161350,297.67,1,10.048,8,10.048,0
13.2378697885554,0.02872,161350,297.67,1,10.064,8,10.064,0
13.2389536336622,0.028726,161360,297.67,1,10.08,8,10.08,0
13.2389536336622,0.028719,161360,297.67,1,10.096,8,10.096,0
13.2389536336622,0.028713,161360,297.67,1,10.112,8,10.112,0
13.2389536336622,0.028701,161360,297.67,1,10.128,8,10.128,0
13.2389536336622,0.02868,161360,297.67,1,10.144,8,10.144,0
13.2389536336622,0.02866,161360,297.67,1,10.16,8,10.16,0
13.2389536336622,0.02864,161360,297.67,1,10.176,8,10.176,0
13.2389536336622,0.02862,161360,297.67,1,10.192,8,10.192,0
13.2389536336622,0.028599,161360,297.67,1,10.208,8,10.208,0
13.2389536336622,0.028579,161360,297.67,1,10.224,8,10.224,0
13.2400375340423,0.02856,161370,297.67,1,10.24,8,10.24,0
13.2400375340423,0.02854,161370,297.67,1,10.256,8,10.256,0
13.2400375340423,0.028516,161370,297.67,1,10.272,8,10.272,0
13.2400375340423,0.028476,161370,297.67,1,10.288,8,10.288,0
13.2400375340423,0.028433,161370,297.67,1,10.304,8,10.304,0
13.2400375340423,0.028391,161370,297.67,1,10.32,8,10.32,0
13.2400375340423,0.028348,161370,297.67,1,10.336,8,10.336,0
13.2400375340423,0.028305,161370,297.67,1,10.352,8,10.352,0
13.2400375340423,0.028262,161370,297.67,1,10.368,8,10.368,0
13.2400375340423,0.028219,161370,297.67,1,10.384,8,10.384,0
13.241121489703,0.028174,161380,297.67,1,10.4,8,10.4,0
13.241121489703,0.028124,161380,297.67,1,10.416,8,10.416,0
13.241121489703,0.028074,161380,297.67,1,10.432,8,10.432,0
13.241121489703,0.028025,161380,297.67,1,10.448,8,10.448,0
13.241121489703,0.027972,161380,297.67,1,10.464,8,10.464,0
13.241121489703,0.027915,161380,297.67,1,10.48,8,10.48,0
13.241121489703,0.027858,161380,297.67,1,10.496,8,10.496,0
13.241121489703,0.0278,161380,297.67,1,10.512,8,10.512,0
13.241121489703,0.027743,161380,297.67,1,10.528,8,10.528,0
13.241121489703,0.027685,161380,297.67,1,10.544,8,10.544,0
13.2422055006519,0.027627,161390,297.67,1,10.56,8,10.56,0
13.2413659599331,0.027569,161390,297.68,1,10.576,8,10.576,0
13.2413659599331,0.027511,161390,297.68,1,10.592,8,10.592,0
13.2413659599331,0.027454,161390,297.68,1,10.608,8,10.608,0
13.2413659599331,0.027396,161390,297.68,1,10.624,8,10.624,0
13.2413659599331,0.027338,161390,297.68,1,10.64,8,10.64,0
13.2413659599331,0.027282,161390,297.68,1,10.656,8,10.656,0
13.2413659599331,0.027226,161390,297.68,1,10.672,8,10.672,0
13.2413659599331,0.02717,161390,297.68,1,10.688,8,10.688,0
13.2413659599331,0.027114,161390,297.68,1,10.704,8,10.704,0
13.2424499062612,0.027058,161400,297.68,1,10.72,8,10.72,0
13.2424499062612,0.027002,161400,297.68,1,10.736,8,10.736,0
13.2424499062612,0.026946,161400,297.68,1,10.752,8,10.752,0
13.2424499062612,0.026894,161400,297.68,1,10.768,8,10.768,0
13.2424499062612,0.026845,161400,297.68,1,10.784,8,10.784,0
13.2424499062612,0.026795,161400,297.68,1,10.8,8,10.8,0
13.2424499062612,0.026745,161400,297.68,1,10.816,8,10.816,0
13.2424499062612,0.026697,161400,297.68,1,10.832,8,10.832,0
13.2424499062612,0.026648,161400,297.68,1,10.848,8,10.848,0
13.2424499062612,0.0266,161400,297.68,1,10.864,8,10.864,0
13.2435339078743,0.026553,161410,297.68,1,10.88,8,10.88,0
13.2435339078743,0.026512,161410,297.68,1,10.896,8,10.896,0
13.2435339078743,0.02647,161410,297.68,1,10.912,8,10.912,0
13.2435339078743,0.026428,161410,297.68,1,10.928,8,10.928,0
13.2435339078743,0.026386,161410,297.68,1,10.944,8,10.944,0
13.2435339078743,0.026344,161410,297.68,1,10.96,8,10.96,0
13.2435339078743,0.026303,161410,297.68,1,10.976,8,10.976,0
13.2435339078743,0.026261,161410,297.68,1,10.992,8,10.992,0
13.2435339078743,0.026224,161410,297.68,1,11.008,8,11.008,0
13.2446179647805,0.026191,161420,297.68,1,11.024,8,11.024,0
13.2446179647805,0.026157,161420,297.68,1,11.04,8,11.04,0
13.2446179647805,0.026124,161420,297.68,1,11.056,8,11.056,0
13.2446179647805,0.02609,161420,297.68,1,11.072,8,11.072,0
13.2446179647805,0.026057,161420,297.68,1,11.088,8,11.088,0
13.2446179647805,0.026023,161420,297.68,1,11.104,8,11.104,0
13.2446179647805,0.02599,161420,297.68,1,11.12,8,11.12,0
13.2446179647805,0.025961,161420,297.68,1,11.136,8,11.136,0
13.2446179647805,0.025931,161420,297.68,1,11.152,8,11.152,0
13.2457020769882,0.025902,161430,297.68,1,11.168,8,11.168,0
13.2457020769882,0.025873,161430,297.68,1,11.184,8,11.184,0
13.2457020769882,0.025846,161430,297.68,1,11.2,8,11.2,0
13.2457020769882,0.025819,161430,297.68,1,11.216,8,11.216,0
13.2457020769882,0.025793,161430,297.68,1,11.232,8,11.232,0
13.2457020769882,0.025767,161430,297.68,1,11.248,8,11.248,0
13.2457020769882,0.025743,161430,297.68,1,11.264,8,11.264,0
13.2457020769882,0.025719,161430,297.68,1,11.28,8,11.28,0
13.2457020769882,0.025695,161430,297.68,1,11.296,8,11.296,0
13.2467862445059,0.025671,161440,297.68,1,11.312,8,11.312,0
13.2467862445059,0.025647,161440,297.68,1,11.328,8,11.328,0
13.2467862445059,0.025622,161440,297.68,1,11.344,8,11.344,0
13.2467862445059,0.025598,161440,297.68,1,11.36,8,11.36,0
13.2467862445059,0.025575,161440,297.68,1,11.376,8,11.376,0
13.2459462592548,0.025554,161440,297.69,1,11.392,8,11.392,0
13.2459462592548,0.025533,161440,297.69,1,11.408,8,11.408,0
13.2459462592548,0.025512,161440,297.69,1,11.424,8,11.424,0
13.2459462592548,0.025491,161440,297.69,1,11.44,8,11.44,0
13.2470303621112,0.02547,161450,297.69,1,11.456,8,11.456,0
13.2470303621112,0.025449,161450,297.69,1,11.472,8,11.472,0
13.2470303621112,0.025427,161450,297.69,1,11.488,8,11.488,0
13.2470303621112,0.025407,161450,297.69,1,11.504,8,11.504,0
13.2470303621112,0.025387,161450,297.69,1,11.52,8,11.52,0
13.2470303621112,0.025366,161450,297.69,1,11.536,8,11.536,0
13.2470303621112,0.025346,161450,297.69,1,11.552,8,11.552,0
13.2470303621112,0.025326,161450,297.69,1,11.568,8,11.568,0
13.2470303621112,0.025306,161450,297.69,1,11.584,8,11.584,0
13.2481145202751,0.025285,161460,297.69,1,11.6,8,11.6,0
13.2481145202751,0.025265,161460,297.69,1,11.616,8,11.616,0
13.2481145202751,0.025244,161460,297.69,1,11.632,8,11.632,0
13.2481145202751,0.025224,161460,297.69,1,11.648,8,11.648,0
13.2481145202751,0.025204,161460,297.69,1,11.664,8,11.664,0
13.2481145202751,0.025183,161460,297.69,1,11.68,8,11.68,0
13.2481145202751,0.025163,161460,297.69,1,11.696,8,11.696,0
13.2481145202751,0.025143,161460,297.69,1,11.712,8,11.712,0
13.2481145202751,0.025123,161460,297.69,1,11.728,8,11.728,0
13.2491987337526,0.025103,161470,297.69,1,11.744,8,11.744,0
13.2491987337526,0.025083,161470,297.69,1,11.76,8,11.76,0
13.2491987337526,0.025063,161470,297.69,1,11.776,8,11.776,0
13.2491987337526,0.025042,161470,297.69,1,11.792,8,11.792,0
13.2491987337526,0.025021,161470,297.69,1,11.808,8,11.808,0
13.2491987337526,0.025,161470,297.69,1,11.824,8,11.824,0
13.2491987337526,0.02498,161470,297.69,1,11.84,8,11.84,0
13.2491987337526,0.024959,161470,297.69,1,11.856,8,11.856,0
13.2502830025528,0.024938,161480,297.69,1,11.872,8,11.872,0
13.2502830025528,0.024917,161480,297.69,1,11.888,8,11.888,0
13.2502830025528,0.024896,161480,297.69,1,11.904,8,11.904,0
13.2502830025528,0.024876,161480,297.69,1,11.92,8,11.92,0
13.2502830025528,0.024855,161480,297.69,1,11.936,8,11.936,0
13.2502830025528,0.024834,161480,297.69,1,11.952,8,11.952,0
13.2502830025528,0.024813,161480,297.69,1,11.968,8,11.968,0
13.2502830025528,0.024792,161480,297.69,1,11.984,8,11.984,0
13.2513673266834,0.02477,161490,297.69,1,12,8,12,0
13.2513673266834,0.024748,161490,297.69,1,12.016,8,12.016,0
13.2513673266834,0.024726,161490,297.69,1,12.032,8,12.032,0
13.2513673266834,0.024704,161490,297.69,1,12.048,8,12.048,0
13.2513673266834,0.024682,161490,297.69,1,12.064,8,12.064,0
13.2513673266834,0.02466,161490,297.69,1,12.08,8,12.08,0
13.2513673266834,0.024638,161490,297.69,1,12.096,8,12.096,0
13.2513673266834,0.024616,161490,297.69,1,12.112,8,12.112,0
13.2524517061525,0.024595,161500,297.69,1,12.128,8,12.128,0
13.2524517061525,0.024573,161500,297.69,1,12.144,8,12.144,0
13.2524517061525,0.024552,161500,297.69,1,12.16,8,12.16,0
13.2524517061525,0.024531,161500,297.69,1,12.176,8,12.176,0
13.2524517061525,0.024509,161500,297.69,1,12.192,8,12.192,0
13.2524517061525,0.024487,161500,297.69,1,12.208,8,12.208,0
13.2524517061525,0.024464,161500,297.69,1,12.224,8,12.224,0
13.2524517061525,0.024442,161500,297.69,1,12.24,8,12.24,0
13.253536140968,0.024419,161510,297.69,1,12.256,8,12.256,0
13.253536140968,0.024397,161510,297.69,1,12.272,8,12.272,0
13.253536140968,0.024375,161510,297.69,1,12.288,8,12.288,0
13.253536140968,0.024353,161510,297.69,1,12.304,8,12.304,0
13.253536140968,0.024331,161510,297.69,1,12.32,8,12.32,0
13.253536140968,0.024309,161510,297.69,1,12.336,8,12.336,0
13.253536140968,0.024287,161510,297.69,1,12.352,8,12.352,0
13.253536140968,0.024265,161510,297.69,1,12.368,8,12.368,0
13.2546206311385,0.024243,161520,297.69,1,12.384,8,12.384,0
13.2546206311385,0.024221,161520,297.69,1,12.4,8,12.4,0
13.2546206311385,0.024198,161520,297.69,1,12.416,8,12.416,0
13.2546206311385,0.024175,161520,297.69,1,12.432,8,12.432,0
13.2546206311385,0.024152,161520,297.69,1,12.448,8,12.448,0
13.2546206311385,0.02413,161520,297.69,1,12.464,8,12.464,0
13.2546206311385,0.024107,161520,297.69,1,12.48,8,12.48,0
13.2546206311385,0.024085,161520,297.69,1,12.496,8,12.496,0
13.2557051766719,0.024063,161530,297.69,1,12.512,8,12.512,0
13.2557051766719,0.024041,161530,297.69,1,12.528,8,12.528,0
13.2557051766719,0.024019,161530,297.69,1,12.544,8,12.544,0
13.2557051766719,0.023997,161530,297.69,1,12.56,8,12.56,0
13.2557051766719,0.023976,161530,297.69,1,12.576,8,12.576,0
13.2557051766719,0.023954,161530,297.69,1,12.592,8,12.592,0
13.2557051766719,0.023933,161530,297.69,1,12.608,8,12.608,0
13.2567897775755,0.023911,161540,297.69,1,12.624,8,12.624,0
13.2567897775755,0.023889,161540,297.69,1,12.64,8,12.64,0
13.2567897775755,0.023867,161540,297.69,1,12.656,8,12.656,0
13.2567897775755,0.023844,161540,297.69,1,12.672,8,12.672,0
13.2567897775755,0.023822,161540,297.69,1,12.688,8,12.688,0
13.2567897775755,0.0238,161540,297.69,1,12.704,8,12.704,0
13.2567897775755,0.023778,161540,297.69,1,12.72,8,12.72,0
13.2578744338588,0.023757,161550,297.69,1,12.736,8,12.736,0
13.2578744338588,0.023735,161550,297.69,1,12.752,8,12.752,0
13.2578744338588,0.023713,161550,297.69,1,12.768,8,12.768,0
13.2578744338588,0.023692,161550,297.69,1,12.784,8,12.784,0
13.2578744338588,0.02367,161550,297.69,1,12.8,8,12.8,0
13.2578744338588,0.023649,161550,297.69,1,12.816,8,12.816,0
13.2578744338588,0.023627,161550,297.69,1,12.832,8,12.832,0
13.2589591455285,0.023606,161560,297.69,1,12.848,8,12.848,0
13.2589591455285,0.023584,161560,297.69,1,12.864,8,12.864,0
13.2589591455285,0.023563,161560,297.69,1,12.88,8,12.88,0
13.2589591455285,0.023541,161560,297.69,1,12.896,8,12.896,0
13.2589591455285,0.02352,161560,297.69,1,12.912,8,12.912,0
13.2589591455285,0.023499,161560,297.69,1,12.928,8,12.928,0
13.2589591455285,0.023478,161560,297.69,1,12.944,8,12.944,0
13.2600439125934,0.023457,161570,297.69,1,12.96,8,12.96,0
13.2600439125934,0.023435,161570,297.69,1,12.976,8,12.976,0
13.2600439125934,0.023414,161570,297.69,1,12.992,8,12.992,0
13.2600439125934,0.023394,161570,297.69,1,13.008,8,13.008,0
13.2592025217855,0.023373,161570,297.7,1,13.024,8,13.024,0
13.2592025217855,0.023352,161570,297.7,1,13.04,8,13.04,0
13.2592025217855,0.023332,161570,297.7,1,13.056,8,13.056,0
13.2602872240597,0.023311,161580,297.7,1,13.072,8,13.072,0
13.2602872240597,0.02329,161580,297.7,1,13.088,8,13.088,0
13.2602872240597,0.023269,161580,297.7,1,13.104,8,13.104,0
13.2602872240597,0.023248,161580,297.7,1,13.12,8,13.12,0
13.2602872240597,0.023227,161580,297.7,1,13.136,8,13.136,0
13.2602872240597,0.023206,161580,297.7,1,13.152,8,13.152,0
13.2602872240597,0.023186,161580,297.7,1,13.168,8,13.168,0
13.2613719817254,0.023166,161590,297.7,1,13.184,8,13.184,0
13.2613719817254,0.023145,161590,297.7,1,13.2,8,13.2,0
13.2613719817254,0.023125,161590,297.7,1,13.216,8,13.216,0
13.2613719817254,0.023104,161590,297.7,1,13.232,8,13.232,0
13.2613719817254,0.023084,161590,297.7,1,13.248,8,13.248,0
13.2613719817254,0.023064,161590,297.7,1,13.264,8,13.264,0
13.2613719817254,0.023044,161590,297.7,1,13.28,8,13.28,0
13.2624567947911,0.023024,161600,297.7,1,13.296,8,13.296,0
13.2624567947911,0.023004,161600,297.7,1,13.312,8,13.312,0
13.2624567947911,0.022984,161600,297.7,1,13.328,8,13.328,0
13.2624567947911,0.022964,161600,297.7,1,13.344,8,13.344,0
13.2624567947911,0.022944,161600,297.7,1,13.36,8,13.36,0
13.2624567947911,0.022924,161600,297.7,1,13.376,8,13.376,0
13.263541663265,0.022904,161610,297.7,1,13.392,8,13.392,0
13.263541663265,0.022884,161610,297.7,1,13.408,8,13.408,0
13.263541663265,0.022865,161610,297.7,1,13.424,8,13.424,0
13.263541663265,0.022845,161610,297.7,1,13.44,8,13.44,0
13.263541663265,0.022825,161610,297.7,1,13.456,8,13.456,0
13.263541663265,0.022806,161610,297.7,1,13.472,8,13.472,0
13.263541663265,0.022787,161610,297.7,1,13.488,8,13.488,0
13.264626587155,0.022767,161620,297.7,1,13.504,8,13.504,0
13.264626587155,0.022748,161620,297.7,1,13.52,8,13.52,0
13.264626587155,0.022729,161620,297.7,1,13.536,8,13.536,0
13.264626587155,0.022709,161620,297.7,1,13.552,8,13.552,0
13.264626587155,0.02269,161620,297.7,1,13.568,8,13.568,0
13.264626587155,0.02267,161620,297.7,1,13.584,8,13.584,0
13.2657115664693,0.022651,161630,297.7,1,13.6,8,13.6,0
13.2657115664693,0.022632,161630,297.7,1,13.616,8,13.616,0
13.2657115664693,0.022613,161630,297.7,1,13.632,8,13.632,0
13.2657115664693,0.022594,161630,297.7,1,13.648,8,13.648,0
13.2657115664693,0.022575,161630,297.7,1,13.664,8,13.664,0
13.2657115664693,0.022556,161630,297.7,1,13.68,8,13.68,0
13.2667966012152,0.022537,161640,297.7,1,13.696,8,13.696,0
13.2667966012152,0.022518,161640,297.7,1,13.712,8,13.712,0
13.2667966012152,0.022499,161640,297.7,1,13.728,8,13.728,0
13.2667966012152,0.022481,161640,297.7,1,13.744,8,13.744,0
13.2667966012152,0.022462,161640,297.7,1,13.76,8,13.76,0
13.2667966012152,0.022444,161640,297.7,1,13.776,8,13.776,0
13.2678816914016,0.022426,161650,297.7,1,13.792,8,13.792,0
13.2678816914016,0.022408,161650,297.7,1,13.808,8,13.808,0
13.2678816914016,0.02239,161650,297.7,1,13.824,8,13.824,0
13.2678816914016,0.022371,161650,297.7,1,13.84,8,13.84,0
13.2678816914016,0.022352,161650,297.7,1,13.856,8,13.856,0
13.2678816914016,0.022333,161650,297.7,1,13.872,8,13.872,0
13.2689668370365,0.022314,161660,297.7,1,13.888,8,13.888,0
13.2689668370365,0.022296,161660,297.7,1,13.904,8,13.904,0
13.2689668370365,0.022278,161660,297.7,1,13.92,8,13.92,0
13.2689668370365,0.022259,161660,297.7,1,13.936,8,13.936,0
13.2689668370365,0.022241,161660,297.7,1,13.952,8,13.952,0
13.2689668370365,0.022223,161660,297.7,1,13.968,8,13.968,0
13.2700520381273,0.022205,161670,297.7,1,13.984,8,13.984,0
13.2700520381273,0.022186,161670,297.7,1,14,8,14,0
13.2700520381273,0.022168,161670,297.7,1,14.016,8,14.016,0
13.2700520381273,0.022151,161670,297.7,1,14.032,8,14.032,0
13.2700520381273,0.022133,161670,297.7,1,14.048,8,14.048,0
13.2700520381273,0.022115,161670,297.7,1,14.064,8,14.064,0
13.2711372946835,0.022097,161680,297.7,1,14.08,8,14.08,0
13.2711372946835,0.02208,161680,297.7,1,14.096,8,14.096,0
13.2711372946835,0.022061,161680,297.7,1,14.112,8,14.112,0
13.2711372946835,0.022043,161680,297.7,1,14.128,8,14.128,0
13.2711372946835,0.022025,161680,297.7,1,14.144,8,14.144,0
13.2711372946835,0.022007,161680,297.7,1,14.16,8,14.16,0
13.2722226067118,0.021988,161690,297.7,1,14.176,8,14.176,0
13.2722226067118,0.02197,161690,297.7,1,14.192,8,14.192,0
13.2722226067118,0.021952,161690,297.7,1,14.208,8,14.208,0
13.2722226067118,0.021934,161690,297.7,1,14.224,8,14.224,0
13.2722226067118,0.021916,161690,297.7,1,14.24,8,14.24,0
13.2722226067118,0.021898,161690,297.7,1,14.256,8,14.256,0
13.2733079742211,0.02188,161700,297.7,1,14.272,8,14.272,0
13.2733079742211,0.021862,161700,297.7,1,14.288,8,14.288,0
13.2733079742211,0.021845,161700,297.7,1,14.304,8,14.304,0
13.2733079742211,0.021827,161700,297.7,1,14.32,8,14.32,0
13.2733079742211,0.021809,161700,297.7,1,14.336,8,14.336,0
13.2733079742211,0.021791,161700,297.7,1,14.352,8,14.352,0
13.2743933972192,0.021773,161710,297.7,1,14.368,8,14.368,0
13.2743933972192,0.021755,161710,297.7,1,14.384,8,14.384,0
13.2743933972192,0.021737,161710,297.7,1,14.4,8,14.4,0
13.2743933972192,0.021719,161710,297.7,1,14.416,8,14.416,0
13.2743933972192,0.021701,161710,297.7,1,14.432,8,14.432,0
13.2743933972192,0.021683,161710,297.7,1,14.448,8,14.448,0
13.2754788757141,0.021665,161720,297.7,1,14.464,8,14.464,0
13.2754788757141,0.021647,161720,297.7,1,14.48,8,14.48,0
13.2754788757141,0.021629,161720,297.7,1,14.496,8,14.496,0
13.2754788757141,0.021611,161720,297.7,1,14.512,8,14.512,0
13.2754788757141,0.021593,161720,297.7,1,14.528,8,14.528,0
13.2754788757141,0.021575,161720,297.7,1,14.544,8,14.544,0
13.2765644097142,0.021557,161730,297.7,1,14.56,8,14.56,0
13.2765644097142,0.021539,161730,297.7,1,14.576,8,14.576,0
13.2765644097142,0.021521,161730,297.7,1,14.592,8,14.592,0
13.2765644097142,0.021503,161730,297.7,1,14.608,8,14.608,0
13.2765644097142,0.021485,161730,297.7,1,14.624,8,14.624,0
13.2776499992279,0.021467,161740,297.7,1,14.64,8,14.64,0
13.2776499992279,0.021449,161740,297.7,1,14.656,8,14.656,0
13.2776499992279,0.021431,161740,297.7,1,14.672,8,14.672,0
13.2776499992279,0.021412,161740,297.7,1,14.688,8,14.688,0
13.2776499992279,0.021393,161740,297.7,1,14.704,8,14.704,0
13.2776499992279,0.021375,161740,297.7,1,14.72,8,14.72,0
13.2787356442621,0.021356,161750,297.7,1,14.736,8,14.736,0
13.2787356442621,0.021337,161750,297.7,1,14.752,8,14.752,0
13.2778922432705,0.021318,161750,297.71,1,14.768,8,14.768,0
13.2778922432705,0.0213,161750,297.71,1,14.784,8,14.784,0
13.2778922432705,0.021281,161750,297.71,1,14.8,8,14.8,0
13.2778922432705,0.021263,161750,297.71,1,14.816,8,14.816,0
13.2789778233269,0.021244,161760,297.71,1,14.832,8,14.832,0
13.2789778233269,0.021226,161760,297.71,1,14.848,8,14.848,0
13.2789778233269,0.021207,161760,297.71,1,14.864,8,14.864,0
13.2789778233269,0.021188,161760,297.71,1,14.88,8,14.88,0
13.2789778233269,0.021168,161760,297.71,1,14.896,8,14.896,0
13.2800634589012,0.021149,161770,297.71,1,14.912,8,14.912,0
13.2800634589012,0.02113,161770,297.71,1,14.928,8,14.928,0
13.2800634589012,0.02111,161770,297.71,1,14.944,8,14.944,0
13.2800634589012,0.02109,161770,297.71,1,14.96,8,14.96,0
13.2800634589012,0.02107,161770,297.71,1,14.976,8,14.976,0
13.2800634589012,0.02105,161770,297.71,1,14.992,8,14.992,0
13.2811491500019,0.02103,161780,297.71,1,15.008,8,15.008,0
13.2811491500019,0.02101,161780,297.71,1,15.024,8,15.024,0
13.2811491500019,0.020989,161780,297.71,1,15.04,8,15.04,0
13.2811491500019,0.020967,161780,297.71,1,15.056,8,15.056,0
13.2811491500019,0.020945,161780,297.71,1,15.072,8,15.072,0
13.2822348966368,0.020923,161790,297.71,1,15.088,8,15.088,0
13.2822348966368,0.020901,161790,297.71,1,15.104,8,15.104,0
13.2822348966368,0.020878,161790,297.71,1,15.12,8,15.12,0
13.2822348966368,0.020857,161790,297.71,1,15.136,8,15.136,0
13.2822348966368,0.020835,161790,297.71,1,15.152,8,15.152,0
13.2822348966368,0.020813,161790,297.71,1,15.168,8,15.168,0
13.2833206988142,0.020791,161800,297.71,1,15.184,8,15.184,0
13.2833206988142,0.020769,161800,297.71,1,15.2,8,15.2,0
13.2833206988142,0.020743,161800,297.71,1,15.216,8,15.216,0
13.2833206988142,0.020717,161800,297.71,1,15.232,8,15.232,0
13.2833206988142,0.020691,161800,297.71,1,15.248,8,15.248,0
13.2833206988142,0.020665,161800,297.71,1,15.264,8,15.264,0
13.2844065565415,0.020639,161810,297.71,1,15.28,8,15.28,0
13.2844065565415,0.020613,161810,297.71,1,15.296,8,15.296,0
13.2844065565415,0.020586,161810,297.71,1,15.312,8,15.312,0
13.2844065565415,0.02056,161810,297.71,1,15.328,8,15.328,0
13.2844065565415,0.020533,161810,297.71,1,15.344,8,15.344,0
13.2854924698281,0.020507,161820,297.71,1,15.36,8,15.36,0
13.2854924698281,0.020478,161820,297.71,1,15.376,8,15.376,0
13.2854924698281,0.020445,161820,297.71,1,15.392,8,15.392,0
13.2854924698281,0.020411,161820,297.71,1,15.408,8,15.408,0
13.2854924698281,0.020377,161820,297.71,1,15.424,8,15.424,0
13.2854924698281,0.020343,161820,297.71,1,15.44,8,15.44,0
13.2865784386807,0.02031,161830,297.71,1,15.456,8,15.456,0
13.2865784386807,0.020276,161830,297.71,1,15.472,8,15.472,0
13.2865784386807,0.020242,161830,297.71,1,15.488,8,15.488,0
13.2865784386807,0.020208,161830,297.71,1,15.504,8,15.504,0
13.2865784386807,0.020175,161830,297.71,1,15.52,8,15.52,0
13.2876644631086,0.020141,161840,297.71,1,15.536,8,15.536,0
13.2876644631086,0.020102,161840,297.71,1,15.552,8,15.552,0
13.2876644631086,0.020057,161840,297.71,1,15.568,8,15.568,0
13.2876644631086,0.020011,161840,297.71,1,15.584,8,15.584,0
13.2876644631086,0.019965,161840,297.71,1,15.6,8,15.6,0
13.2876644631086,0.019919,161840,297.71,1,15.616,8,15.616,0
13.2879060927716,0.019873,161850,297.72,1,15.632,8,15.632,0
13.2879060927716,0.019827,161850,297.72,1,15.648,8,15.648,0
13.2879060927716,0.019781,161850,297.72,1,15.664,8,15.664,0
13.2879060927716,0.019735,161850,297.72,1,15.68,8,15.68,0
13.2879060927716,0.01969,161850,297.72,1,15.696,8,15.696,0
13.2889921077072,0.019644,161860,297.72,1,15.712,8,15.712,0
13.2889921077072,0.019588,161860,297.72,1,15.728,8,15.728,0
13.2889921077072,0.019525,161860,297.72,1,15.744,8,15.744,0
13.2889921077072,0.019462,161860,297.72,1,15.76,8,15.76,0
13.2889921077072,0.019398,161860,297.72,1,15.776,8,15.776,0
13.2900781782228,0.019335,161870,297.72,1,15.792,8,15.792,0
13.2900781782228,0.019271,161870,297.72,1,15.808,8,15.808,0
13.2900781782228,0.019208,161870,297.72,1,15.824,8,15.824,0
13.2900781782228,0.019144,161870,297.72,1,15.84,8,15.84,0
13.2900781782228,0.019081,161870,297.72,1,15.856,8,15.856,0
13.2900781782228,0.019018,161870,297.72,1,15.872,8,15.872,0
13.2911643043263,0.018954,161880,297.72,1,15.888,8,15.888,0
13.2911643043263,0.01888,161880,297.72,1,15.904,8,15.904,0
13.2911643043263,0.018796,161880,297.72,1,15.92,8,15.92,0
13.2903196485765,0.018711,161880,297.73,1,15.936,8,15.936,0
13.2903196485765,0.018626,161880,297.73,1,15.952,8,15.952,0
13.2903196485765,0.018541,161880,297.73,1,15.968,8,15.968,0
13.2914057095882,0.018456,161890,297.73,1,15.984,8,15.984,0
13.2914057095882,0.018371,161890,297.73,1,16,8,16,0
