"Mach","Pressure","p","x","vtkValidPointMask","arc_length","Points:0","Points:1","Points:2"
0.25268,7.7548e+05,0.96935,-1.2462,1,0,-8.1,0,0
0.25282,7.7545e+05,0.96931,-1.2349,1,0.0731,-8.0269,0,0
0.2531,7.7539e+05,0.96924,-1.2237,1,0.1462,-7.9538,0,0
0.25355,7.7529e+05,0.96911,-1.2124,1,0.2193,-7.8807,0,0
0.25417,7.7516e+05,0.96895,-1.2012,1,0.2924,-7.8076,0,0
0.25497,7.7499e+05,0.96874,-1.1899,1,0.3655,-7.7345,0,0
0.25596,7.7479e+05,0.96848,-1.1787,1,0.4386,-7.6614,0,0
0.25713,7.7455e+05,0.96818,-1.1674,1,0.5117,-7.5883,0,0
0.25846,7.7427e+05,0.96784,-1.1562,1,0.5848,-7.5152,0,0
0.25998,7.7395e+05,0.96744,-1.1449,1,0.6579,-7.4421,0,0
0.26169,7.7359e+05,0.96699,-1.1337,1,0.731,-7.369,0,0
0.26358,7.732e+05,0.9665,-1.1224,1,0.8041,-7.2959,0,0
0.26564,7.7277e+05,0.96597,-1.1112,1,0.8772,-7.2228,0,0
0.26789,7.723e+05,0.96538,-1.1,1,0.9503,-7.1497,0,0
0.27034,7.7177e+05,0.96471,-1.0887,1,1.0234,-7.0766,0,0
0.273,7.712e+05,0.964,-1.0775,1,1.0965,-7.0035,0,0
0.27585,7.7056e+05,0.96319,-1.0662,1,1.1696,-6.9304,0,0
0.27889,7.6987e+05,0.96234,-1.055,1,1.2427,-6.8573,0,0
0.28211,7.6912e+05,0.9614,-1.0437,1,1.3158,-6.7842,0,0
0.28551,7.6835e+05,0.96044,-1.0325,1,1.3889,-6.7111,0,0
0.28913,7.6756e+05,0.95945,-1.0212,1,1.462,-6.638,0,0
0.29293,7.667e+05,0.95837,-1.01,1,1.5351,-6.5649,0,0
0.29699,7.6583e+05,0.95729,-0.99874,1,1.6082,-6.4918,0,0
0.30122,7.6486e+05,0.95607,-0.98749,1,1.6813,-6.4187,0,0
0.30562,7.6382e+05,0.95477,-0.97625,1,1.7544,-6.3456,0,0
0.31027,7.628e+05,0.95349,-0.965,1,1.8275,-6.2725,0,0
0.31512,7.6161e+05,0.95201,-0.95375,1,1.9006,-6.1994,0,0
0.32014,7.6032e+05,0.95041,-0.94251,1,1.9737,-6.1263,0,0
0.32538,7.5894e+05,0.94867,-0.93126,1,2.0468,-6.0532,0,0
0.3309,7.5745e+05,0.94682,-0.92002,1,2.1199,-5.9801,0,0
0.33661,7.5596e+05,0.94496,-0.90877,1,2.193,-5.907,0,0
0.34254,7.5449e+05,0.94311,-0.89752,1,2.2661,-5.8339,0,0
0.34878,7.5282e+05,0.94103,-0.88628,1,2.3392,-5.7608,0,0
0.35512,7.5111e+05,0.93889,-0.87503,1,2.4123,-5.6877,0,0
0.36185,7.4936e+05,0.93671,-0.86378,1,2.4854,-5.6146,0,0
0.36872,7.4754e+05,0.93442,-0.85254,1,2.5585,-5.5415,0,0
0.37588,7.4553e+05,0.93191,-0.84129,1,2.6316,-5.4684,0,0
0.38326,7.4349e+05,0.92936,-0.83005,1,2.7047,-5.3953,0,0
0.39082,7.4142e+05,0.92678,-0.8188,1,2.7778,-5.3222,0,0
0.39868,7.3904e+05,0.9238,-0.80755,1,2.8509,-5.2491,0,0
0.40664,7.3657e+05,0.92072,-0.79631,1,2.924,-5.176,0,0
0.41499,7.3394e+05,0.91743,-0.78506,1,2.9971,-5.1029,0,0
0.42338,7.313e+05,0.91413,-0.77382,1,3.0702,-5.0298,0,0
0.4322,7.2859e+05,0.91074,-0.76257,1,3.1433,-4.9567,0,0
0.44102,7.2588e+05,0.90735,-0.75132,1,3.2164,-4.8836,0,0
0.45023,7.2295e+05,0.90369,-0.74008,1,3.2895,-4.8105,0,0
0.45944,7.2002e+05,0.90002,-0.72883,1,3.3626,-4.7374,0,0
0.46882,7.1673e+05,0.89591,-0.71758,1,3.4357,-4.6643,0,0
0.47821,7.1342e+05,0.89178,-0.70634,1,3.5088,-4.5912,0,0
0.48766,7.103e+05,0.88787,-0.69509,1,3.5819,-4.5181,0,0
0.49712,7.0719e+05,0.88399,-0.68385,1,3.655,-4.445,0,0
0.50735,7.0361e+05,0.87951,-0.6726,1,3.7281,-4.3719,0,0
0.51834,6.997e+05,0.87463,-0.66135,1,3.8012,-4.2988,0,0
0.52971,6.9555e+05,0.86944,-0.65011,1,3.8743,-4.2257,0,0
0.54118,6.9129e+05,0.86411,-0.63886,1,3.9474,-4.1526,0,0
0.55271,6.8706e+05,0.85882,-0.62762,1,4.0205,-4.0795,0,0
0.5644,6.8257e+05,0.85322,-0.61637,1,4.0936,-4.0064,0,0
0.57631,6.7805e+05,0.84756,-0.60512,1,4.1667,-3.9333,0,0
0.58839,6.7329e+05,0.84161,-0.59388,1,4.2398,-3.8602,0,0
0.60062,6.6844e+05,0.83554,-0.58263,1,4.3129,-3.7871,0,0
0.61301,6.6346e+05,0.82933,-0.57138,1,4.386,-3.714,0,0
0.62553,6.5832e+05,0.8229,-0.56014,1,4.4591,-3.6409,0,0
0.63823,6.5312e+05,0.8164,-0.54889,1,4.5322,-3.5678,0,0
0.65107,6.477e+05,0.80962,-0.53765,1,4.6053,-3.4947,0,0
0.66404,6.422e+05,0.80275,-0.5264,1,4.6784,-3.4216,0,0
0.67712,6.3664e+05,0.7958,-0.51515,1,4.7515,-3.3485,0,0
0.69032,6.3085e+05,0.78857,-0.50391,1,4.8246,-3.2754,0,0
0.70357,6.2505e+05,0.78131,-0.49266,1,4.8977,-3.2023,0,0
0.71682,6.1918e+05,0.77397,-0.48142,1,4.9708,-3.1292,0,0
0.73003,6.1323e+05,0.76654,-0.47017,1,5.0439,-3.0561,0,0
0.74317,6.0736e+05,0.7592,-0.45892,1,5.117,-2.983,0,0
0.75649,6.0147e+05,0.75184,-0.44768,1,5.1901,-2.9099,0,0
0.77057,5.9496e+05,0.74369,-0.43643,1,5.2632,-2.8368,0,0
0.78488,5.8829e+05,0.73536,-0.42518,1,5.3363,-2.7637,0,0
0.79881,5.8179e+05,0.72723,-0.41394,1,5.4094,-2.6906,0,0
0.81281,5.7521e+05,0.71901,-0.40269,1,5.4825,-2.6175,0,0
0.82675,5.6855e+05,0.71069,-0.39145,1,5.5556,-2.5444,0,0
0.84047,5.6199e+05,0.70249,-0.3802,1,5.6287,-2.4713,0,0
0.85457,5.5519e+05,0.69399,-0.36895,1,5.7018,-2.3982,0,0
0.8688,5.4831e+05,0.68539,-0.35771,1,5.7749,-2.3251,0,0
0.88296,5.4147e+05,0.67683,-0.34646,1,5.848,-2.252,0,0
0.89714,5.3458e+05,0.66823,-0.33522,1,5.9211,-2.1789,0,0
0.91136,5.2763e+05,0.65954,-0.32397,1,5.9942,-2.1058,0,0
0.92557,5.2065e+05,0.65081,-0.31272,1,6.0673,-2.0327,0,0
0.93978,5.1366e+05,0.64207,-0.30148,1,6.1404,-1.9596,0,0
0.95401,5.0662e+05,0.63328,-0.29023,1,6.2135,-1.8865,0,0
0.96825,4.9956e+05,0.62446,-0.27898,1,6.2866,-1.8134,0,0
0.98252,4.9248e+05,0.6156,-0.26774,1,6.3597,-1.7403,0,0
0.99683,4.8537e+05,0.60671,-0.25649,1,6.4328,-1.6672,0,0
1.0112,4.7822e+05,0.59778,-0.24525,1,6.5059,-1.5941,0,0
1.0256,4.7106e+05,0.58883,-0.234,1,6.579,-1.521,0,0
1.04,4.6388e+05,0.57985,-0.22275,1,6.6521,-1.4479,0,0
1.0545,4.5666e+05,0.57083,-0.21151,1,6.7252,-1.3748,0,0
1.0691,4.4941e+05,0.56177,-0.20026,1,6.7983,-1.3017,0,0
1.0838,4.4215e+05,0.55268,-0.18902,1,6.8714,-1.2286,0,0
1.0985,4.3483e+05,0.54354,-0.17777,1,6.9445,-1.1555,0,0
1.1134,4.2747e+05,0.53434,-0.16652,1,7.0176,-1.0824,0,0
1.1285,4.2006e+05,0.52507,-0.15528,1,7.0907,-1.0093,0,0
1.1437,4.1259e+05,0.51573,-0.14403,1,7.1638,-0.9362,0,0
1.1591,4.0506e+05,0.50632,-0.13278,1,7.2369,-0.8631,0,0
1.1747,3.9747e+05,0.49684,-0.12154,1,7.31,-0.79,0,0
1.1904,3.8986e+05,0.48732,-0.11029,1,7.3831,-0.7169,0,0
1.2064,3.822e+05,0.47775,-0.099046,1,7.4562,-0.6438,0,0
1.2227,3.7445e+05,0.46806,-0.0878,1,7.5293,-0.5707,0,0
1.2392,3.6664e+05,0.45829,-0.076554,1,7.6024,-0.4976,0,0
1.2559,3.5873e+05,0.44841,-0.065308,1,7.6755,-0.4245,0,0
1.2729,3.5076e+05,0.43844,-0.054062,1,7.7486,-0.3514,0,0
1.2901,3.4268e+05,0.42835,-0.042815,1,7.8217,-0.2783,0,0
1.3075,3.3462e+05,0.41827,-0.031569,1,7.8948,-0.2052,0,0
1.3253,3.266e+05,0.40825,-0.020323,1,7.9679,-0.1321,0,0
1.3433,3.1859e+05,0.39823,-0.009077,1,8.041,-0.059,0,0
1.3616,3.1046e+05,0.38808,0.0021692,1,8.1141,0.0141,0,0
1.3801,3.0241e+05,0.37801,0.013415,1,8.1872,0.0872,0,0
1.3987,2.9438e+05,0.36797,0.024661,1,8.2603,0.1603,0,0
1.4173,2.8644e+05,0.35805,0.035908,1,8.3334,0.2334,0,0
1.4361,2.7855e+05,0.34818,0.047154,1,8.4065,0.3065,0,0
1.4549,2.7069e+05,0.33837,0.0584,1,8.4796,0.3796,0,0
1.4739,2.6297e+05,0.32871,0.069646,1,8.5527,0.4527,0,0
1.4932,2.5528e+05,0.3191,0.080892,1,8.6258,0.5258,0,0
1.5128,2.4749e+05,0.30936,0.092138,1,8.6989,0.5989,0,0
1.5329,2.3968e+05,0.2996,0.10338,1,8.772,0.672,0,0
1.5535,2.3194e+05,0.28992,0.11463,1,8.8451,0.7451,0,0
1.5747,2.2407e+05,0.28008,0.12588,1,8.9182,0.8182,0,0
1.5963,2.1631e+05,0.27039,0.13712,1,8.9913,0.8913,0,0
1.6178,2.0872e+05,0.2609,0.14837,1,9.0644,0.9644,0,0
1.6389,2.0146e+05,0.25183,0.15962,1,9.1375,1.0375,0,0
1.6602,1.9436e+05,0.24295,0.17086,1,9.2106,1.1106,0,0
1.6835,1.8723e+05,0.23404,0.18211,1,9.2837,1.1837,0,0
1.7085,1.8009e+05,0.22512,0.19335,1,9.3568,1.2568,0,0
1.727,1.7461e+05,0.21826,0.2046,1,9.4299,1.3299,0,0
1.727,1.7376e+05,0.2172,0.21585,1,9.503,1.403,0,0
1.727,1.7292e+05,0.21615,0.22709,1,9.5761,1.4761,0,0
1.727,1.7208e+05,0.2151,0.23834,1,9.6492,1.5492,0,0
1.727,1.7123e+05,0.21404,0.24958,1,9.7223,1.6223,0,0
1.7263,1.7107e+05,0.21384,0.26083,1,9.7954,1.6954,0,0
1.725,1.7142e+05,0.21427,0.27208,1,9.8685,1.7685,0,0
1.7238,1.7177e+05,0.21471,0.28332,1,9.9416,1.8416,0,0
1.7226,1.7211e+05,0.21514,0.29457,1,10.015,1.9147,0,0
1.7213,1.7246e+05,0.21558,0.30582,1,10.088,1.9878,0,0
1.716,1.7398e+05,0.21748,0.31706,1,10.161,2.0609,0,0
1.7059,1.7694e+05,0.22117,0.32831,1,10.234,2.134,0,0
1.6911,1.8143e+05,0.22678,0.33955,1,10.307,2.2071,0,0
1.6722,1.8741e+05,0.23426,0.3508,1,10.38,2.2802,0,0
1.6511,1.9426e+05,0.24283,0.36205,1,10.453,2.3533,0,0
1.6255,2.0264e+05,0.2533,0.37329,1,10.526,2.4264,0,0
1.6061,2.0936e+05,0.26169,0.38454,1,10.599,2.4995,0,0
1.591,2.1461e+05,0.26827,0.39578,1,10.673,2.5726,0,0
1.5798,2.182e+05,0.27275,0.40703,1,10.746,2.6457,0,0
1.575,2.2078e+05,0.27597,0.41828,1,10.819,2.7188,0,0
1.5735,2.2208e+05,0.2776,0.42952,1,10.892,2.7919,0,0
1.5736,2.2254e+05,0.27818,0.44077,1,10.965,2.865,0,0
1.5738,2.2301e+05,0.27876,0.45202,1,11.038,2.9381,0,0
1.5751,2.2263e+05,0.27828,0.46326,1,11.111,3.0112,0,0
1.5765,2.2218e+05,0.27773,0.47451,1,11.184,3.0843,0,0
1.5788,2.2145e+05,0.27681,0.48575,1,11.257,3.1574,0,0
1.583,2.1999e+05,0.27498,0.497,1,11.33,3.2305,0,0
1.5872,2.1852e+05,0.27316,0.50825,1,11.404,3.3036,0,0
1.5942,2.1604e+05,0.27005,0.51949,1,11.477,3.3767,0,0
1.6041,2.1249e+05,0.26562,0.53074,1,11.55,3.4498,0,0
1.6166,2.0794e+05,0.25993,0.54198,1,11.623,3.5229,0,0
1.63,2.0335e+05,0.25419,0.55323,1,11.696,3.596,0,0
1.6439,1.9866e+05,0.24833,0.56448,1,11.769,3.6691,0,0
1.6582,1.9384e+05,0.2423,0.57572,1,11.842,3.7422,0,0
1.6732,1.8898e+05,0.23622,0.58697,1,11.915,3.8153,0,0
1.6889,1.8393e+05,0.22991,0.59822,1,11.988,3.8884,0,0
1.7054,1.7872e+05,0.2234,0.60946,1,12.062,3.9615,0,0
1.7233,1.7334e+05,0.21667,0.62071,1,12.135,4.0346,0,0
1.742,1.6764e+05,0.20955,0.63195,1,12.208,4.1077,0,0
1.7604,1.6203e+05,0.20254,0.6432,1,12.281,4.1808,0,0
1.7771,1.5702e+05,0.19628,0.65445,1,12.354,4.2539,0,0
1.7947,1.5228e+05,0.19035,0.66569,1,12.427,4.327,0,0
1.8126,1.4752e+05,0.18439,0.67694,1,12.5,4.4001,0,0
1.8305,1.4261e+05,0.17827,0.68818,1,12.573,4.4732,0,0
1.8489,1.378e+05,0.17225,0.69943,1,12.646,4.5463,0,0
1.8678,1.3306e+05,0.16632,0.71068,1,12.719,4.6194,0,0
1.8874,1.284e+05,0.16051,0.72192,1,12.792,4.6925,0,0
1.9076,1.2368e+05,0.15459,0.73317,1,12.866,4.7656,0,0
1.9279,1.1898e+05,0.14873,0.74442,1,12.939,4.8387,0,0
1.948,1.144e+05,0.14301,0.75566,1,13.012,4.9118,0,0
1.9678,1.1008e+05,0.1376,0.76691,1,13.085,4.9849,0,0
1.9872,1.0595e+05,0.13243,0.77815,1,13.158,5.058,0,0
2.006,1.0217e+05,0.12771,0.7894,1,13.231,5.1311,0,0
2.0243,98499,0.12312,0.80065,1,13.304,5.2042,0,0
2.0424,94934,0.11867,0.81189,1,13.377,5.2773,0,0
2.0605,91645,0.11456,0.82314,1,13.45,5.3504,0,0
2.0789,88432,0.11054,0.83438,1,13.524,5.4235,0,0
2.0977,85276,0.10659,0.84563,1,13.597,5.4966,0,0
2.1122,82652,0.10332,0.85688,1,13.67,5.5697,0,0
2.1252,80286,0.10036,0.86812,1,13.743,5.6428,0,0
2.1361,78331,0.097913,0.87937,1,13.816,5.7159,0,0
2.1479,76530,0.095662,0.89062,1,13.889,5.789,0,0
2.16,74776,0.09347,0.90186,1,13.962,5.8621,0,0
2.1721,73022,0.091277,0.91311,1,14.035,5.9352,0,0
2.1844,71278,0.089098,0.92435,1,14.108,6.0083,0,0
2.1968,69546,0.086933,0.9356,1,14.181,6.0814,0,0
2.2093,67815,0.084768,0.94685,1,14.254,6.1545,0,0
2.2217,66099,0.082624,0.95809,1,14.328,6.2276,0,0
2.2343,64454,0.080568,0.96934,1,14.401,6.3007,0,0
2.2469,62809,0.078511,0.98058,1,14.474,6.3738,0,0
2.2595,61164,0.076455,0.99183,1,14.547,6.4469,0,0
2.2719,59580,0.074475,1.0031,1,14.62,6.52,0,0
2.2843,58008,0.07251,1.0143,1,14.693,6.5931,0,0
2.2967,56436,0.070545,1.0256,1,14.766,6.6662,0,0
2.3091,54955,0.068694,1.0368,1,14.839,6.7393,0,0
2.3214,53572,0.066965,1.0481,1,14.912,6.8124,0,0
2.3337,52190,0.065237,1.0593,1,14.986,6.8855,0,0
2.3461,50808,0.06351,1.0706,1,15.059,6.9586,0,0
2.3595,49452,0.061815,1.0818,1,15.132,7.0317,0,0
2.3729,48096,0.06012,1.093,1,15.205,7.1048,0,0
2.3864,46740,0.058425,1.1043,1,15.278,7.1779,0,0
2.3983,45520,0.0569,1.1155,1,15.351,7.251,0,0
2.4094,44389,0.055486,1.1268,1,15.424,7.3241,0,0
2.4204,43257,0.054072,1.138,1,15.497,7.3972,0,0
2.4311,42170,0.052712,1.1493,1,15.57,7.4703,0,0
2.4396,41344,0.05168,1.1605,1,15.643,7.5434,0,0
2.448,40519,0.050648,1.1718,1,15.717,7.6165,0,0
2.4565,39693,0.049616,1.183,1,15.79,7.6896,0,0
2.4655,38946,0.048683,1.1943,1,15.863,7.7627,0,0
2.4748,38237,0.047796,1.2055,1,15.936,7.8358,0,0
2.4841,37527,0.046909,1.2168,1,16.009,7.9089,0,0
2.4933,36818,0.046022,1.228,1,16.082,7.982,0,0
2.5026,36109,0.045136,1.2392,1,16.155,8.0551,0,0
2.5119,35399,0.044249,1.2505,1,16.228,8.1282,0,0
2.5212,34690,0.043362,1.2617,1,16.301,8.2013,0,0
2.5319,33927,0.042409,1.273,1,16.374,8.2744,0,0
2.5433,33143,0.041428,1.2842,1,16.448,8.3475,0,0
2.5571,32171,0.040214,1.2955,1,16.521,8.4206,0,0
2.5712,31187,0.038984,1.3067,1,16.594,8.4937,0,0
2.5857,30197,0.037746,1.318,1,16.667,8.5668,0,0
2.6,29239,0.036549,1.3292,1,16.74,8.6399,0,0
2.6141,28328,0.03541,1.3405,1,16.813,8.713,0,0
2.629,27415,0.034269,1.3517,1,16.886,8.7861,0,0
2.6452,26435,0.033043,1.363,1,16.959,8.8592,0,0
2.6617,25486,0.031857,1.3742,1,17.032,8.9323,0,0
2.682,24380,0.030475,1.3854,1,17.105,9.0054,0,0
0.42855,1.8358e+05,0.22948,1.3967,1,17.179,9.0785,0,0
0.30661,1.8885e+05,0.23606,1.4079,1,17.252,9.1516,0,0
0.23681,1.9142e+05,0.23928,1.4192,1,17.325,9.2247,0,0
0.19784,1.9246e+05,0.24057,1.4304,1,17.398,9.2978,0,0
0.16501,1.9288e+05,0.2411,1.4417,1,17.471,9.3709,0,0
0.13528,1.9258e+05,0.24073,1.4529,1,17.544,9.444,0,0
0.10652,1.9205e+05,0.24007,1.4642,1,17.617,9.5171,0,0
0.097197,1.9438e+05,0.24297,1.4754,1,17.69,9.5902,0,0
0.088467,1.9679e+05,0.24598,1.4867,1,17.763,9.6633,0,0
0.079736,1.992e+05,0.249,1.4979,1,17.836,9.7364,0,0
0.075119,2.022e+05,0.25275,1.5092,1,17.91,9.8095,0,0
0.076918,2.0613e+05,0.25767,1.5204,1,17.983,9.8826,0,0
0.078718,2.1006e+05,0.26258,1.5316,1,18.056,9.9557,0,0
0.080517,2.1399e+05,0.26749,1.5429,1,18.129,10.029,0,0
0.082316,2.1793e+05,0.27241,1.5541,1,18.202,10.102,0,0
0.084116,2.2186e+05,0.27732,1.5654,1,18.275,10.175,0,0
0.085915,2.2579e+05,0.28223,1.5766,1,18.348,10.248,0,0
0.088458,2.2923e+05,0.28654,1.5879,1,18.421,10.321,0,0
0.094598,2.3033e+05,0.28792,1.5991,1,18.494,10.394,0,0
0.10074,2.3143e+05,0.28929,1.6104,1,18.567,10.467,0,0
0.10688,2.3254e+05,0.29067,1.6216,1,18.64,10.54,0,0
0.11302,2.3364e+05,0.29205,1.6329,1,18.714,10.614,0,0
0.11916,2.3474e+05,0.29342,1.6441,1,18.787,10.687,0,0
0.1253,2.3584e+05,0.2948,1.6554,1,18.86,10.76,0,0
0.13143,2.3694e+05,0.29617,1.6666,1,18.933,10.833,0,0
0.1402,2.3712e+05,0.2964,1.6778,1,19.006,10.906,0,0
0.14934,2.3717e+05,0.29646,1.6891,1,19.079,10.979,0,0
0.15849,2.3722e+05,0.29652,1.7003,1,19.152,11.052,0,0
0.16763,2.3727e+05,0.29658,1.7116,1,19.225,11.125,0,0
0.17677,2.3732e+05,0.29665,1.7228,1,19.298,11.198,0,0
0.18592,2.3737e+05,0.29671,1.7341,1,19.372,11.271,0,0
0.19506,2.3741e+05,0.29677,1.7453,1,19.445,11.345,0,0
0.20478,2.375e+05,0.29687,1.7566,1,19.518,11.418,0,0
0.21503,2.3762e+05,0.29702,1.7678,1,19.591,11.491,0,0
0.22528,2.3773e+05,0.29716,1.7791,1,19.664,11.564,0,0
0.23552,2.3785e+05,0.29731,1.7903,1,19.737,11.637,0,0
0.24577,2.3796e+05,0.29745,1.8016,1,19.81,11.71,0,0
0.25602,2.3808e+05,0.2976,1.8128,1,19.883,11.783,0,0
0.26627,2.382e+05,0.29775,1.824,1,19.956,11.856,0,0
0.27644,2.3832e+05,0.2979,1.8353,1,20.029,11.929,0,0
0.28604,2.3852e+05,0.29815,1.8465,1,20.103,12.002,0,0
0.29564,2.3871e+05,0.29839,1.8578,1,20.176,12.076,0,0
0.30525,2.3891e+05,0.29864,1.869,1,20.249,12.149,0,0
0.31485,2.391e+05,0.29888,1.8803,1,20.322,12.222,0,0
0.32446,2.393e+05,0.29912,1.8915,1,20.395,12.295,0,0
0.33406,2.3949e+05,0.29937,1.9028,1,20.468,12.368,0,0
0.34367,2.3969e+05,0.29961,1.914,1,20.541,12.441,0,0
0.35334,2.3978e+05,0.29973,1.9253,1,20.614,12.514,0,0
0.36306,2.3981e+05,0.29977,1.9365,1,20.687,12.587,0,0
0.37277,2.3985e+05,0.29981,1.9478,1,20.76,12.66,0,0
0.38248,2.3988e+05,0.29985,1.959,1,20.833,12.733,0,0
0.3922,2.3991e+05,0.29989,1.9702,1,20.907,12.807,0,0
0.40191,2.3994e+05,0.29993,1.9815,1,20.98,12.88,0,0
0.41163,2.3998e+05,0.29997,1.9927,1,21.053,12.953,0,0
0.42142,2.3998e+05,0.29997,2.004,1,21.126,13.026,0,0
0.43193,2.3966e+05,0.29958,2.0152,1,21.199,13.099,0,0
0.44244,2.3935e+05,0.29919,2.0265,1,21.272,13.172,0,0
0.45296,2.3904e+05,0.2988,2.0377,1,21.345,13.245,0,0
0.46347,2.3873e+05,0.29841,2.049,1,21.418,13.318,0,0
0.47398,2.3842e+05,0.29802,2.0602,1,21.491,13.391,0,0
0.4845,2.381e+05,0.29763,2.0715,1,21.564,13.464,0,0
0.49501,2.3779e+05,0.29724,2.0827,1,21.638,13.538,0,0
0.50612,2.3724e+05,0.29655,2.094,1,21.711,13.611,0,0
0.51786,2.3645e+05,0.29556,2.1052,1,21.784,13.684,0,0
0.52959,2.3565e+05,0.29456,2.1164,1,21.857,13.757,0,0
0.54132,2.3486e+05,0.29357,2.1277,1,21.93,13.83,0,0
0.55306,2.3406e+05,0.29257,2.1389,1,22.003,13.903,0,0
0.56479,2.3326e+05,0.29158,2.1502,1,22.076,13.976,0,0
0.57652,2.3247e+05,0.29059,2.1614,1,22.149,14.049,0,0
0.58826,2.3167e+05,0.28959,2.1727,1,22.222,14.122,0,0
0.60123,2.3041e+05,0.28802,2.1839,1,22.295,14.195,0,0
0.61445,2.2906e+05,0.28632,2.1952,1,22.369,14.269,0,0
0.62767,2.277e+05,0.28463,2.2064,1,22.442,14.342,0,0
0.6409,2.2635e+05,0.28294,2.2177,1,22.515,14.415,0,0
0.65412,2.2499e+05,0.28124,2.2289,1,22.588,14.488,0,0
0.66734,2.2364e+05,0.27955,2.2402,1,22.661,14.561,0,0
0.68057,2.2228e+05,0.27785,2.2514,1,22.734,14.634,0,0
0.6939,2.2088e+05,0.2761,2.2626,1,22.807,14.707,0,0
0.70827,2.1901e+05,0.27377,2.2739,1,22.88,14.78,0,0
0.72264,2.1715e+05,0.27143,2.2851,1,22.953,14.853,0,0
0.73701,2.1528e+05,0.2691,2.2964,1,23.027,14.926,0,0
0.75138,2.1341e+05,0.26676,2.3076,1,23.1,15,0,0
0.76575,2.1154e+05,0.26443,2.3189,1,23.173,15.073,0,0
0.78012,2.0968e+05,0.2621,2.3301,1,23.246,15.146,0,0
0.79449,2.0781e+05,0.25976,2.3414,1,23.319,15.219,0,0
0.80902,2.0584e+05,0.2573,2.3526,1,23.392,15.292,0,0
0.82392,2.0362e+05,0.25452,2.3639,1,23.465,15.365,0,0
0.83882,2.0139e+05,0.25174,2.3751,1,23.538,15.438,0,0
0.85372,1.9917e+05,0.24896,2.3864,1,23.611,15.511,0,0
0.86863,1.9694e+05,0.24618,2.3976,1,23.684,15.584,0,0
0.88353,1.9472e+05,0.2434,2.4088,1,23.757,15.657,0,0
0.89843,1.925e+05,0.24062,2.4201,1,23.831,15.731,0,0
0.91333,1.9027e+05,0.23784,2.4313,1,23.904,15.804,0,0
0.92816,1.88e+05,0.235,2.4426,1,23.977,15.877,0,0
0.94287,1.8566e+05,0.23208,2.4538,1,24.05,15.95,0,0
0.95758,1.8333e+05,0.22916,2.4651,1,24.123,16.023,0,0
0.97229,1.8099e+05,0.22624,2.4763,1,24.196,16.096,0,0
0.987,1.7865e+05,0.22331,2.4876,1,24.269,16.169,0,0
1.0017,1.7631e+05,0.22039,2.4988,1,24.342,16.242,0,0
1.0164,1.7398e+05,0.21747,2.5101,1,24.415,16.315,0,0
1.0311,1.7164e+05,0.21455,2.5213,1,24.489,16.389,0,0
1.0455,1.6934e+05,0.21168,2.5326,1,24.562,16.462,0,0
1.0594,1.6709e+05,0.20886,2.5438,1,24.635,16.535,0,0
1.0733,1.6484e+05,0.20605,2.555,1,24.708,16.608,0,0
1.0872,1.6259e+05,0.20323,2.5663,1,24.781,16.681,0,0
1.1012,1.6033e+05,0.20042,2.5775,1,24.854,16.754,0,0
1.1151,1.5808e+05,0.1976,2.5888,1,24.927,16.827,0,0
1.129,1.5583e+05,0.19479,2.6,1,25,16.9,0,0
1.143,1.5358e+05,0.19197,2.6113,1,25.073,16.973,0,0
1.1564,1.5143e+05,0.18928,2.6225,1,25.146,17.046,0,0
1.1692,1.4937e+05,0.18672,2.6338,1,25.219,17.119,0,0
1.1821,1.4732e+05,0.18415,2.645,1,25.293,17.193,0,0
1.195,1.4527e+05,0.18159,2.6563,1,25.366,17.266,0,0
1.2078,1.4322e+05,0.17902,2.6675,1,25.439,17.339,0,0
1.2207,1.4116e+05,0.17646,2.6788,1,25.512,17.412,0,0
1.2335,1.3911e+05,0.17389,2.69,1,25.585,17.485,0,0
1.2464,1.3706e+05,0.17132,2.7012,1,25.658,17.558,0,0
1.2588,1.3512e+05,0.16889,2.7125,1,25.731,17.631,0,0
1.2704,1.3332e+05,0.16666,2.7237,1,25.804,17.704,0,0
1.282,1.3153e+05,0.16442,2.735,1,25.877,17.777,0,0
1.2937,1.2974e+05,0.16218,2.7462,1,25.951,17.851,0,0
1.3053,1.2795e+05,0.15994,2.7575,1,26.024,17.924,0,0
1.3169,1.2616e+05,0.1577,2.7687,1,26.097,17.997,0,0
1.3285,1.2437e+05,0.15546,2.78,1,26.17,18.07,0,0
1.3402,1.2258e+05,0.15322,2.7912,1,26.243,18.143,0,0
1.3514,1.2087e+05,0.15109,2.8025,1,26.316,18.216,0,0
1.3615,1.1941e+05,0.14926,2.8137,1,26.389,18.289,0,0
1.3716,1.1794e+05,0.14742,2.825,1,26.462,18.362,0,0
1.3817,1.1647e+05,0.14559,2.8362,1,26.535,18.435,0,0
1.3918,1.15e+05,0.14375,2.8474,1,26.608,18.508,0,0
1.4019,1.1353e+05,0.14192,2.8587,1,26.681,18.581,0,0
1.412,1.1206e+05,0.14008,2.8699,1,26.755,18.655,0,0
1.4221,1.106e+05,0.13824,2.8812,1,26.828,18.728,0,0
1.4321,1.0915e+05,0.13644,2.8924,1,26.901,18.801,0,0
1.44,1.0807e+05,0.13509,2.9037,1,26.974,18.874,0,0
1.4479,1.07e+05,0.13375,2.9149,1,27.047,18.947,0,0
1.4559,1.0592e+05,0.1324,2.9262,1,27.12,19.02,0,0
1.4638,1.0484e+05,0.13106,2.9374,1,27.193,19.093,0,0
1.4718,1.0377e+05,0.12971,2.9487,1,27.266,19.166,0,0
1.4797,1.0269e+05,0.12836,2.9599,1,27.339,19.239,0,0
1.4877,1.0161e+05,0.12702,2.9712,1,27.413,19.312,0,0
1.4956,1.0054e+05,0.12567,2.9824,1,27.486,19.386,0,0
1.5012,99838,0.1248,2.9936,1,27.559,19.459,0,0
1.5061,99243,0.12405,3.0049,1,27.632,19.532,0,0
1.511,98649,0.12331,3.0161,1,27.705,19.605,0,0
1.5159,98054,0.12257,3.0274,1,27.778,19.678,0,0
1.5209,97459,0.12182,3.0386,1,27.851,19.751,0,0
1.5258,96865,0.12108,3.0499,1,27.924,19.824,0,0
1.5307,96270,0.12034,3.0611,1,27.997,19.897,0,0
1.5356,95675,0.11959,3.0724,1,28.07,19.97,0,0
1.5396,95323,0.11915,3.0836,1,28.143,20.043,0,0
1.5423,95285,0.11911,3.0949,1,28.217,20.117,0,0
1.545,95247,0.11906,3.1061,1,28.29,20.19,0,0
1.5477,95209,0.11901,3.1174,1,28.363,20.263,0,0
1.5504,95171,0.11896,3.1286,1,28.436,20.336,0,0
1.553,95134,0.11892,3.1398,1,28.509,20.409,0,0
1.5557,95096,0.11887,3.1511,1,28.582,20.482,0,0
1.5584,95058,0.11882,3.1623,1,28.655,20.555,0,0
1.5611,95023,0.11878,3.1736,1,28.728,20.628,0,0
1.5607,95281,0.1191,3.1848,1,28.801,20.701,0,0
1.5603,95538,0.11942,3.1961,1,28.875,20.774,0,0
1.56,95795,0.11974,3.2073,1,28.948,20.848,0,0
1.5596,96053,0.12007,3.2186,1,29.021,20.921,0,0
1.5592,96310,0.12039,3.2298,1,29.094,20.994,0,0
1.5588,96568,0.12071,3.2411,1,29.167,21.067,0,0
1.5585,96825,0.12103,3.2523,1,29.24,21.14,0,0
1.5581,97082,0.12135,3.2636,1,29.313,21.213,0,0
1.5548,97711,0.12214,3.2748,1,29.386,21.286,0,0
1.5489,98696,0.12337,3.286,1,29.459,21.359,0,0
1.543,99680,0.1246,3.2973,1,29.532,21.432,0,0
1.537,1.0066e+05,0.12583,3.3085,1,29.605,21.505,0,0
1.5311,1.0165e+05,0.12706,3.3198,1,29.679,21.579,0,0
1.5251,1.0263e+05,0.12829,3.331,1,29.752,21.652,0,0
1.5192,1.0362e+05,0.12952,3.3423,1,29.825,21.725,0,0
1.5132,1.046e+05,0.13075,3.3535,1,29.898,21.798,0,0
1.5073,1.0559e+05,0.13198,3.3648,1,29.971,21.871,0,0
1.4938,1.0778e+05,0.13472,3.376,1,30.044,21.944,0,0
1.4798,1.1005e+05,0.13756,3.3873,1,30.117,22.017,0,0
1.4658,1.1232e+05,0.1404,3.3985,1,30.19,22.09,0,0
1.4519,1.1459e+05,0.14323,3.4098,1,30.263,22.163,0,0
1.4379,1.1685e+05,0.14607,3.421,1,30.337,22.236,0,0
1.4239,1.1912e+05,0.1489,3.4322,1,30.41,22.31,0,0
1.41,1.2139e+05,0.15174,3.4435,1,30.483,22.383,0,0
1.396,1.2366e+05,0.15457,3.4547,1,30.556,22.456,0,0
1.3803,1.2635e+05,0.15794,3.466,1,30.629,22.529,0,0
1.3606,1.3002e+05,0.16253,3.4772,1,30.702,22.602,0,0
1.3408,1.3369e+05,0.16712,3.4885,1,30.775,22.675,0,0
1.3211,1.3737e+05,0.17171,3.4997,1,30.848,22.748,0,0
1.3014,1.4104e+05,0.1763,3.511,1,30.921,22.821,0,0
1.2816,1.4471e+05,0.18089,3.5222,1,30.994,22.894,0,0
1.2619,1.4838e+05,0.18548,3.5335,1,31.068,22.968,0,0
1.2422,1.5205e+05,0.19007,3.5447,1,31.141,23.041,0,0
1.2224,1.5573e+05,0.19466,3.556,1,31.214,23.114,0,0
1.2054,1.5945e+05,0.19931,3.5672,1,31.287,23.187,0,0
1.1903,1.6321e+05,0.20402,3.5784,1,31.36,23.26,0,0
1.1752,1.6697e+05,0.20872,3.5897,1,31.433,23.333,0,0
1.1601,1.7074e+05,0.21342,3.6009,1,31.506,23.406,0,0
1.145,1.745e+05,0.21812,3.6122,1,31.579,23.479,0,0
1.1299,1.7826e+05,0.22283,3.6234,1,31.652,23.552,0,0
1.1147,1.8202e+05,0.22753,3.6347,1,31.725,23.625,0,0
1.0996,1.8578e+05,0.23223,3.6459,1,31.799,23.698,0,0
1.0845,1.8955e+05,0.23693,3.6572,1,31.872,23.772,0,0
1.0775,1.9236e+05,0.24045,3.6684,1,31.945,23.845,0,0
1.0725,1.9494e+05,0.24368,3.6797,1,32.018,23.918,0,0
1.0674,1.9753e+05,0.24691,3.6909,1,32.091,23.991,0,0
1.0624,2.0011e+05,0.25014,3.7022,1,32.164,24.064,0,0
1.0574,2.0269e+05,0.25336,3.7134,1,32.237,24.137,0,0
1.0524,2.0527e+05,0.25659,3.7246,1,32.31,24.21,0,0
1.0473,2.0785e+05,0.25982,3.7359,1,32.383,24.283,0,0
1.0423,2.1044e+05,0.26305,3.7471,1,32.456,24.356,0,0
1.0373,2.1302e+05,0.26627,3.7584,1,32.53,24.43,0,0
1.0369,2.1452e+05,0.26815,3.7696,1,32.603,24.503,0,0
1.0367,2.1595e+05,0.26993,3.7809,1,32.676,24.576,0,0
1.0366,2.1738e+05,0.27172,3.7921,1,32.749,24.649,0,0
1.0365,2.1881e+05,0.27351,3.8034,1,32.822,24.722,0,0
1.0363,2.2024e+05,0.2753,3.8146,1,32.895,24.795,0,0
1.0362,2.2167e+05,0.27708,3.8259,1,32.968,24.868,0,0
1.0361,2.231e+05,0.27887,3.8371,1,33.041,24.941,0,0
1.036,2.2453e+05,0.28066,3.8484,1,33.114,25.014,0,0
1.0358,2.2596e+05,0.28245,3.8596,1,33.187,25.087,0,0
1.0365,2.2621e+05,0.28276,3.8708,1,33.26,25.16,0,0
1.0372,2.2647e+05,0.28308,3.8821,1,33.334,25.234,0,0
1.0379,2.2672e+05,0.2834,3.8933,1,33.407,25.307,0,0
1.0387,2.2697e+05,0.28372,3.9046,1,33.48,25.38,0,0
1.0394,2.2723e+05,0.28404,3.9158,1,33.553,25.453,0,0
1.0401,2.2748e+05,0.28435,3.9271,1,33.626,25.526,0,0
1.0408,2.2774e+05,0.28467,3.9383,1,33.699,25.599,0,0
1.0415,2.2799e+05,0.28499,3.9496,1,33.772,25.672,0,0
1.0422,2.2825e+05,0.28531,3.9608,1,33.845,25.745,0,0
1.0442,2.2793e+05,0.28491,3.9721,1,33.918,25.818,0,0
1.0463,2.276e+05,0.2845,3.9833,1,33.992,25.892,0,0
1.0484,2.2727e+05,0.28408,3.9946,1,34.065,25.965,0,0
1.0505,2.2694e+05,0.28367,4.0058,1,34.138,26.038,0,0
1.0525,2.2661e+05,0.28326,4.017,1,34.211,26.111,0,0
1.0546,2.2627e+05,0.28284,4.0283,1,34.284,26.184,0,0
1.0567,2.2594e+05,0.28243,4.0395,1,34.357,26.257,0,0
1.0587,2.2561e+05,0.28202,4.0508,1,34.43,26.33,0,0
1.0608,2.2528e+05,0.2816,4.062,1,34.503,26.403,0,0
1.0645,2.2439e+05,0.28049,4.0733,1,34.576,26.476,0,0
1.0685,2.2342e+05,0.27927,4.0845,1,34.649,26.549,0,0
1.0724,2.2245e+05,0.27806,4.0958,1,34.722,26.622,0,0
1.0764,2.2148e+05,0.27685,4.107,1,34.796,26.696,0,0
1.0803,2.2051e+05,0.27564,4.1183,1,34.869,26.769,0,0
1.0843,2.1954e+05,0.27443,4.1295,1,34.942,26.842,0,0
1.0882,2.1858e+05,0.27322,4.1408,1,35.015,26.915,0,0
1.0922,2.1761e+05,0.27201,4.152,1,35.088,26.988,0,0
1.0961,2.1664e+05,0.2708,4.1632,1,35.161,27.061,0,0
1.1015,2.1531e+05,0.26913,4.1745,1,35.234,27.134,0,0
1.1074,2.1383e+05,0.26728,4.1857,1,35.307,27.207,0,0
1.1133,2.1235e+05,0.26544,4.197,1,35.38,27.28,0,0
1.1192,2.1087e+05,0.26359,4.2082,1,35.453,27.354,0,0
1.1252,2.0939e+05,0.26174,4.2195,1,35.527,27.427,0,0
1.1311,2.0791e+05,0.25989,4.2307,1,35.6,27.5,0,0
1.137,2.0643e+05,0.25804,4.242,1,35.673,27.573,0,0
1.1429,2.0495e+05,0.25619,4.2532,1,35.746,27.646,0,0
1.1489,2.0347e+05,0.25434,4.2645,1,35.819,27.719,0,0
1.1554,2.0187e+05,0.25234,4.2757,1,35.892,27.792,0,0
1.1627,2.0013e+05,0.25016,4.287,1,35.965,27.865,0,0
1.17,1.9839e+05,0.24799,4.2982,1,36.038,27.938,0,0
1.1773,1.9665e+05,0.24581,4.3094,1,36.111,28.011,0,0
1.1846,1.949e+05,0.24363,4.3207,1,36.185,28.084,0,0
1.1919,1.9316e+05,0.24145,4.3319,1,36.258,28.158,0,0
1.1992,1.9142e+05,0.23927,4.3432,1,36.331,28.231,0,0
1.2065,1.8967e+05,0.23709,4.3544,1,36.404,28.304,0,0
1.2138,1.8793e+05,0.23491,4.3657,1,36.477,28.377,0,0
1.2212,1.8618e+05,0.23273,4.3769,1,36.55,28.45,0,0
1.2293,1.8438e+05,0.23047,4.3882,1,36.623,28.523,0,0
1.2374,1.8258e+05,0.22822,4.3994,1,36.696,28.596,0,0
1.2455,1.8078e+05,0.22597,4.4107,1,36.769,28.669,0,0
1.2536,1.7898e+05,0.22372,4.4219,1,36.842,28.742,0,0
1.2617,1.7717e+05,0.22147,4.4332,1,36.916,28.816,0,0
1.2699,1.7537e+05,0.21922,4.4444,1,36.989,28.889,0,0
1.278,1.7357e+05,0.21696,4.4556,1,37.062,28.962,0,0
1.2861,1.7177e+05,0.21471,4.4669,1,37.135,29.035,0,0
1.2942,1.6997e+05,0.21246,4.4781,1,37.208,29.108,0,0
1.3023,1.6823e+05,0.21028,4.4894,1,37.281,29.181,0,0
1.3105,1.6651e+05,0.20814,4.5006,1,37.354,29.254,0,0
1.3187,1.6479e+05,0.20599,4.5119,1,37.427,29.327,0,0
1.3269,1.6308e+05,0.20385,4.5231,1,37.5,29.4,0,0
1.3351,1.6136e+05,0.2017,4.5344,1,37.573,29.473,0,0
1.3433,1.5964e+05,0.19955,4.5456,1,37.646,29.546,0,0
1.3515,1.5793e+05,0.19741,4.5569,1,37.72,29.62,0,0
1.3596,1.5621e+05,0.19526,4.5681,1,37.793,29.693,0,0
1.3678,1.5449e+05,0.19312,4.5794,1,37.866,29.766,0,0
1.3759,1.5282e+05,0.19103,4.5906,1,37.939,29.839,0,0
1.3837,1.5131e+05,0.18913,4.6018,1,38.012,29.912,0,0
1.3914,1.4979e+05,0.18724,4.6131,1,38.085,29.985,0,0
1.3992,1.4827e+05,0.18534,4.6243,1,38.158,30.058,0,0
1.4069,1.4675e+05,0.18344,4.6356,1,38.231,30.131,0,0
1.4146,1.4524e+05,0.18155,4.6468,1,38.304,30.204,0,0
1.4224,1.4372e+05,0.17965,4.6581,1,38.378,30.278,0,0
1.4301,1.422e+05,0.17775,4.6693,1,38.451,30.351,0,0
1.4379,1.4069e+05,0.17586,4.6806,1,38.524,30.424,0,0
1.4456,1.3917e+05,0.17396,4.6918,1,38.597,30.497,0,0
1.4528,1.3783e+05,0.17229,4.7031,1,38.67,30.57,0,0
1.4596,1.3658e+05,0.17072,4.7143,1,38.743,30.643,0,0
1.4665,1.3533e+05,0.16916,4.7256,1,38.816,30.716,0,0
1.4734,1.3408e+05,0.1676,4.7368,1,38.889,30.789,0,0
1.4802,1.3283e+05,0.16603,4.748,1,38.962,30.862,0,0
1.4871,1.3158e+05,0.16447,4.7593,1,39.035,30.935,0,0
1.4939,1.3033e+05,0.16291,4.7705,1,39.108,31.008,0,0
1.5008,1.2908e+05,0.16134,4.7818,1,39.182,31.082,0,0
1.5077,1.2782e+05,0.15978,4.793,1,39.255,31.155,0,0
1.5145,1.2658e+05,0.15822,4.8043,1,39.328,31.228,0,0
1.5198,1.2568e+05,0.1571,4.8155,1,39.401,31.301,0,0
1.5251,1.2478e+05,0.15598,4.8268,1,39.474,31.374,0,0
1.5303,1.2388e+05,0.15485,4.838,1,39.547,31.447,0,0
1.5356,1.2298e+05,0.15373,4.8493,1,39.62,31.52,0,0
1.5409,1.2209e+05,0.15261,4.8605,1,39.693,31.593,0,0
1.5461,1.2119e+05,0.15149,4.8718,1,39.766,31.666,0,0
1.5514,1.2029e+05,0.15036,4.883,1,39.84,31.74,0,0
1.5567,1.1939e+05,0.14924,4.8942,1,39.913,31.813,0,0
1.562,1.1849e+05,0.14812,4.9055,1,39.986,31.886,0,0
1.5665,1.1772e+05,0.14715,4.9167,1,40.059,31.959,0,0
1.5693,1.1727e+05,0.14659,4.928,1,40.132,32.032,0,0
1.5721,1.1683e+05,0.14603,4.9392,1,40.205,32.105,0,0
1.5748,1.1638e+05,0.14548,4.9505,1,40.278,32.178,0,0
1.5776,1.1594e+05,0.14492,4.9617,1,40.351,32.251,0,0
1.5803,1.1549e+05,0.14436,4.973,1,40.424,32.324,0,0
1.5831,1.1504e+05,0.1438,4.9842,1,40.497,32.397,0,0
1.5859,1.146e+05,0.14325,4.9955,1,40.571,32.471,0,0
1.5886,1.1415e+05,0.14269,5.0067,1,40.644,32.544,0,0
1.5914,1.1371e+05,0.14213,5.018,1,40.717,32.617,0,0
1.5934,1.1347e+05,0.14184,5.0292,1,40.79,32.69,0,0
1.5945,1.1348e+05,0.14185,5.0404,1,40.863,32.763,0,0
1.5956,1.1349e+05,0.14187,5.0517,1,40.936,32.836,0,0
1.5967,1.135e+05,0.14188,5.0629,1,41.009,32.909,0,0
1.5978,1.1352e+05,0.1419,5.0742,1,41.082,32.982,0,0
1.5989,1.1353e+05,0.14191,5.0854,1,41.155,33.055,0,0
1.6,1.1354e+05,0.14193,5.0967,1,41.228,33.128,0,0
1.6011,1.1355e+05,0.14194,5.1079,1,41.301,33.201,0,0
1.6022,1.1356e+05,0.14196,5.1192,1,41.375,33.275,0,0
1.6032,1.1358e+05,0.14197,5.1304,1,41.448,33.348,0,0
1.6031,1.1373e+05,0.14216,5.1417,1,41.521,33.421,0,0
1.6019,1.1398e+05,0.14248,5.1529,1,41.594,33.494,0,0
1.6007,1.1424e+05,0.1428,5.1642,1,41.667,33.567,0,0
1.5995,1.145e+05,0.14313,5.1754,1,41.74,33.64,0,0
1.5983,1.1476e+05,0.14345,5.1866,1,41.813,33.713,0,0
1.5971,1.1502e+05,0.14378,5.1979,1,41.886,33.786,0,0
1.5959,1.1528e+05,0.1441,5.2091,1,41.959,33.859,0,0
1.5947,1.1554e+05,0.14442,5.2204,1,42.033,33.932,0,0
1.5935,1.158e+05,0.14475,5.2316,1,42.106,34.006,0,0
1.5923,1.1606e+05,0.14507,5.2429,1,42.179,34.079,0,0
1.5889,1.1666e+05,0.14582,5.2541,1,42.252,34.152,0,0
1.5839,1.1751e+05,0.14689,5.2654,1,42.325,34.225,0,0
1.5788,1.1837e+05,0.14796,5.2766,1,42.398,34.298,0,0
1.5738,1.1923e+05,0.14904,5.2879,1,42.471,34.371,0,0
1.5687,1.2009e+05,0.15011,5.2991,1,42.544,34.444,0,0
1.5637,1.2095e+05,0.15118,5.3104,1,42.617,34.517,0,0
1.5586,1.218e+05,0.15226,5.3216,1,42.69,34.59,0,0
1.5536,1.2266e+05,0.15333,5.3328,1,42.764,34.664,0,0
1.5485,1.2352e+05,0.1544,5.3441,1,42.837,34.737,0,0
1.5435,1.2438e+05,0.15547,5.3553,1,42.91,34.81,0,0
1.536,1.2572e+05,0.15715,5.3666,1,42.983,34.883,0,0
1.5262,1.2755e+05,0.15944,5.3778,1,43.056,34.956,0,0
1.5163,1.2938e+05,0.16173,5.3891,1,43.129,35.029,0,0
1.5064,1.3121e+05,0.16402,5.4003,1,43.202,35.102,0,0
1.4965,1.3305e+05,0.16631,5.4116,1,43.275,35.175,0,0
1.4867,1.3488e+05,0.1686,5.4228,1,43.348,35.248,0,0
1.4768,1.3671e+05,0.17089,5.4341,1,43.421,35.321,0,0
1.4669,1.3854e+05,0.17318,5.4453,1,43.494,35.395,0,0
1.457,1.4037e+05,0.17547,5.4566,1,43.568,35.468,0,0
1.4472,1.4221e+05,0.17776,5.4678,1,43.641,35.541,0,0
1.4362,1.4434e+05,0.18042,5.479,1,43.714,35.614,0,0
1.4233,1.4706e+05,0.18382,5.4903,1,43.787,35.687,0,0
1.4103,1.4978e+05,0.18723,5.5015,1,43.86,35.76,0,0
1.3974,1.525e+05,0.19063,5.5128,1,43.933,35.833,0,0
1.3844,1.5523e+05,0.19403,5.524,1,44.006,35.906,0,0
1.3715,1.5795e+05,0.19744,5.5353,1,44.079,35.979,0,0
1.3585,1.6067e+05,0.20084,5.5465,1,44.152,36.052,0,0
1.3456,1.6339e+05,0.20424,5.5578,1,44.226,36.125,0,0
1.3326,1.6612e+05,0.20764,5.569,1,44.299,36.199,0,0
1.3196,1.6884e+05,0.21105,5.5803,1,44.372,36.272,0,0
1.307,1.7153e+05,0.21441,5.5915,1,44.445,36.345,0,0
1.2979,1.7392e+05,0.2174,5.6028,1,44.518,36.418,0,0
1.2888,1.7631e+05,0.22039,5.614,1,44.591,36.491,0,0
1.2797,1.787e+05,0.22338,5.6252,1,44.664,36.564,0,0
1.2706,1.8109e+05,0.22637,5.6365,1,44.737,36.637,0,0
1.2614,1.8348e+05,0.22935,5.6477,1,44.81,36.71,0,0
1.2523,1.8587e+05,0.23234,5.659,1,44.883,36.783,0,0
1.2432,1.8826e+05,0.23533,5.6702,1,44.956,36.856,0,0
1.2341,1.9065e+05,0.23832,5.6815,1,45.03,36.93,0,0
1.225,1.9304e+05,0.24131,5.6927,1,45.103,37.003,0,0
1.2159,1.9543e+05,0.24429,5.704,1,45.176,37.076,0,0
1.2124,1.9701e+05,0.24626,5.7152,1,45.249,37.149,0,0
1.2108,1.9832e+05,0.2479,5.7265,1,45.322,37.222,0,0
1.2092,1.9964e+05,0.24954,5.7377,1,45.395,37.295,0,0
1.2076,2.0095e+05,0.25118,5.749,1,45.468,37.368,0,0
1.206,2.0226e+05,0.25283,5.7602,1,45.541,37.441,0,0
1.2044,2.0357e+05,0.25447,5.7714,1,45.614,37.514,0,0
1.2027,2.0488e+05,0.25611,5.7827,1,45.688,37.588,0,0
1.2011,2.062e+05,0.25775,5.7939,1,45.761,37.661,0,0
1.1995,2.0751e+05,0.25939,5.8052,1,45.834,37.734,0,0
1.1979,2.0882e+05,0.26103,5.8164,1,45.907,37.807,0,0
1.197,2.0977e+05,0.26222,5.8277,1,45.98,37.88,0,0
1.1973,2.1e+05,0.2625,5.8389,1,46.053,37.953,0,0
1.1976,2.1023e+05,0.26278,5.8502,1,46.126,38.026,0,0
1.198,2.1045e+05,0.26307,5.8614,1,46.199,38.099,0,0
1.1983,2.1068e+05,0.26335,5.8727,1,46.272,38.172,0,0
1.1986,2.1091e+05,0.26364,5.8839,1,46.345,38.245,0,0
1.199,2.1114e+05,0.26392,5.8952,1,46.419,38.319,0,0
1.1993,2.1136e+05,0.2642,5.9064,1,46.492,38.392,0,0
1.1997,2.1159e+05,0.26449,5.9176,1,46.565,38.465,0,0
1.2,2.1182e+05,0.26477,5.9289,1,46.638,38.538,0,0
1.2003,2.1205e+05,0.26506,5.9401,1,46.711,38.611,0,0
1.2019,2.1176e+05,0.2647,5.9514,1,46.784,38.684,0,0
1.2038,2.1135e+05,0.26419,5.9626,1,46.857,38.757,0,0
1.2056,2.1095e+05,0.26369,5.9739,1,46.93,38.83,0,0
1.2075,2.1055e+05,0.26319,5.9851,1,47.003,38.903,0,0
1.2093,2.1015e+05,0.26268,5.9964,1,47.076,38.976,0,0
1.2112,2.0974e+05,0.26218,6.0076,1,47.149,39.049,0,0
1.2131,2.0934e+05,0.26167,6.0189,1,47.223,39.123,0,0
1.2149,2.0894e+05,0.26117,6.0301,1,47.296,39.196,0,0
1.2168,2.0853e+05,0.26067,6.0414,1,47.369,39.269,0,0
1.2186,2.0813e+05,0.26016,6.0526,1,47.442,39.342,0,0
1.221,2.0758e+05,0.25948,6.0638,1,47.515,39.415,0,0
1.2252,2.0651e+05,0.25814,6.0751,1,47.588,39.488,0,0
1.2295,2.0544e+05,0.25679,6.0863,1,47.661,39.561,0,0
1.2337,2.0436e+05,0.25545,6.0976,1,47.734,39.634,0,0
1.2379,2.0329e+05,0.25411,6.1088,1,47.807,39.707,0,0
1.2422,2.0221e+05,0.25277,6.1201,1,47.881,39.78,0,0
1.2464,2.0114e+05,0.25143,6.1313,1,47.954,39.854,0,0
1.2506,2.0007e+05,0.25008,6.1426,1,48.027,39.927,0,0
1.2549,1.9899e+05,0.24874,6.1538,1,48.1,40,0,0
1.2591,1.9792e+05,0.2474,6.1651,1,48.173,40.073,0,0
1.2634,1.9685e+05,0.24606,6.1763,1,48.246,40.146,0,0
1.2685,1.9555e+05,0.24444,6.1876,1,48.319,40.219,0,0
1.2745,1.9406e+05,0.24257,6.1988,1,48.392,40.292,0,0
1.2805,1.9256e+05,0.2407,6.21,1,48.465,40.365,0,0
1.2865,1.9106e+05,0.23883,6.2213,1,48.538,40.438,0,0
1.2925,1.8957e+05,0.23696,6.2325,1,48.612,40.512,0,0
1.2985,1.8807e+05,0.23509,6.2438,1,48.685,40.585,0,0
1.3045,1.8658e+05,0.23322,6.255,1,48.758,40.658,0,0
1.3105,1.8508e+05,0.23135,6.2663,1,48.831,40.731,0,0
1.3165,1.8359e+05,0.22948,6.2775,1,48.904,40.804,0,0
1.3225,1.8209e+05,0.22761,6.2888,1,48.977,40.877,0,0
1.3285,1.806e+05,0.22574,6.3,1,49.05,40.95,0,0
1.335,1.7905e+05,0.22381,6.3113,1,49.123,41.023,0,0
1.3416,1.7749e+05,0.22186,6.3225,1,49.196,41.096,0,0
1.3481,1.7593e+05,0.21991,6.3338,1,49.269,41.169,0,0
1.3547,1.7437e+05,0.21796,6.345,1,49.342,41.243,0,0
1.3613,1.7281e+05,0.21601,6.3562,1,49.416,41.316,0,0
1.3679,1.7125e+05,0.21406,6.3675,1,49.489,41.389,0,0
1.3745,1.6969e+05,0.21211,6.3787,1,49.562,41.462,0,0
1.3811,1.6813e+05,0.21016,6.39,1,49.635,41.535,0,0
1.3877,1.6657e+05,0.20821,6.4012,1,49.708,41.608,0,0
1.3943,1.65e+05,0.20626,6.4125,1,49.781,41.681,0,0
1.4008,1.6344e+05,0.2043,6.4237,1,49.854,41.754,0,0
1.4071,1.6206e+05,0.20257,6.435,1,49.927,41.827,0,0
1.4133,1.607e+05,0.20088,6.4462,1,50,41.9,0,0
1.4196,1.5935e+05,0.19918,6.4575,1,50.074,41.973,0,0
1.4258,1.5799e+05,0.19749,6.4687,1,50.147,42.047,0,0
1.432,1.5663e+05,0.19579,6.48,1,50.22,42.12,0,0
1.4382,1.5528e+05,0.19409,6.4912,1,50.293,42.193,0,0
1.4445,1.5392e+05,0.1924,6.5024,1,50.366,42.266,0,0
1.4507,1.5256e+05,0.1907,6.5137,1,50.439,42.339,0,0
1.4569,1.5121e+05,0.18901,6.5249,1,50.512,42.412,0,0
1.4631,1.4985e+05,0.18731,6.5362,1,50.585,42.485,0,0
1.4694,1.4849e+05,0.18561,6.5474,1,50.658,42.558,0,0
1.4746,1.4742e+05,0.18427,6.5587,1,50.731,42.631,0,0
1.4797,1.4637e+05,0.18297,6.5699,1,50.804,42.704,0,0
1.4848,1.4533e+05,0.18166,6.5812,1,50.878,42.778,0,0
1.49,1.4429e+05,0.18036,6.5924,1,50.951,42.851,0,0
1.4951,1.4325e+05,0.17906,6.6037,1,51.024,42.924,0,0
1.5002,1.422e+05,0.17775,6.6149,1,51.097,42.997,0,0
1.5053,1.4116e+05,0.17645,6.6262,1,51.17,43.07,0,0
1.5105,1.4012e+05,0.17515,6.6374,1,51.243,43.143,0,0
1.5156,1.3907e+05,0.17384,6.6486,1,51.316,43.216,0,0
1.5207,1.3803e+05,0.17254,6.6599,1,51.389,43.289,0,0
1.5258,1.3699e+05,0.17123,6.6711,1,51.462,43.362,0,0
1.5295,1.3629e+05,0.17036,6.6824,1,51.535,43.436,0,0
1.5328,1.3565e+05,0.16957,6.6936,1,51.609,43.509,0,0
1.5362,1.3502e+05,0.16877,6.7049,1,51.682,43.582,0,0
1.5396,1.3439e+05,0.16798,6.7161,1,51.755,43.655,0,0
1.5429,1.3375e+05,0.16719,6.7274,1,51.828,43.728,0,0
1.5463,1.3312e+05,0.1664,6.7386,1,51.901,43.801,0,0
1.5497,1.3248e+05,0.1656,6.7499,1,51.974,43.874,0,0
1.553,1.3185e+05,0.16481,6.7611,1,52.047,43.947,0,0
1.5564,1.3122e+05,0.16402,6.7724,1,52.12,44.02,0,0
1.5597,1.3058e+05,0.16323,6.7836,1,52.193,44.093,0,0
1.5631,1.2995e+05,0.16243,6.7948,1,52.267,44.167,0,0
1.5648,1.2956e+05,0.16195,6.8061,1,52.34,44.24,0,0
1.5658,1.293e+05,0.16162,6.8173,1,52.413,44.313,0,0
1.5667,1.2903e+05,0.16129,6.8286,1,52.486,44.386,0,0
1.5676,1.2876e+05,0.16095,6.8398,1,52.559,44.459,0,0
1.5686,1.2849e+05,0.16062,6.8511,1,52.632,44.532,0,0
1.5695,1.2823e+05,0.16028,6.8623,1,52.705,44.605,0,0
1.5705,1.2796e+05,0.15995,6.8736,1,52.778,44.678,0,0
1.5714,1.2769e+05,0.15961,6.8848,1,52.851,44.751,0,0
1.5723,1.2742e+05,0.15928,6.8961,1,52.924,44.824,0,0
1.5733,1.2716e+05,0.15895,6.9073,1,52.997,44.897,0,0
1.5742,1.2689e+05,0.15861,6.9186,1,53.071,44.971,0,0
1.5746,1.2675e+05,0.15844,6.9298,1,53.144,45.044,0,0
1.5744,1.2679e+05,0.15848,6.941,1,53.217,45.117,0,0
1.5741,1.2682e+05,0.15852,6.9523,1,53.29,45.19,0,0
1.5739,1.2685e+05,0.15857,6.9635,1,53.363,45.263,0,0
1.5737,1.2689e+05,0.15861,6.9748,1,53.436,45.336,0,0
1.5734,1.2692e+05,0.15865,6.986,1,53.509,45.409,0,0
1.5732,1.2695e+05,0.15869,6.9973,1,53.582,45.482,0,0
1.5729,1.2699e+05,0.15873,7.0085,1,53.655,45.555,0,0
1.5727,1.2702e+05,0.15878,7.0198,1,53.729,45.628,0,0
1.5724,1.2705e+05,0.15882,7.031,1,53.802,45.702,0,0
1.5722,1.2709e+05,0.15886,7.0423,1,53.875,45.775,0,0
1.5718,1.2714e+05,0.15893,7.0535,1,53.948,45.848,0,0
1.5701,1.2744e+05,0.1593,7.0648,1,54.021,45.921,0,0
1.5684,1.2773e+05,0.15967,7.076,1,54.094,45.994,0,0
1.5667,1.2803e+05,0.16003,7.0872,1,54.167,46.067,0,0
1.565,1.2832e+05,0.1604,7.0985,1,54.24,46.14,0,0
1.5633,1.2862e+05,0.16077,7.1097,1,54.313,46.213,0,0
1.5616,1.2891e+05,0.16114,7.121,1,54.386,46.286,0,0
1.5599,1.2921e+05,0.16151,7.1322,1,54.46,46.36,0,0
1.5583,1.295e+05,0.16188,7.1435,1,54.533,46.433,0,0
1.5566,1.298e+05,0.16225,7.1547,1,54.606,46.506,0,0
1.5549,1.3009e+05,0.16261,7.166,1,54.679,46.579,0,0
1.5532,1.3039e+05,0.16298,7.1772,1,54.752,46.652,0,0
1.5496,1.3104e+05,0.1638,7.1885,1,54.825,46.725,0,0
1.5451,1.319e+05,0.16488,7.1997,1,54.898,46.798,0,0
1.5405,1.3277e+05,0.16596,7.211,1,54.971,46.871,0,0
1.5359,1.3363e+05,0.16704,7.2222,1,55.044,46.944,0,0
1.5313,1.3449e+05,0.16812,7.2334,1,55.117,47.017,0,0
1.5268,1.3536e+05,0.1692,7.2447,1,55.19,47.09,0,0
1.5222,1.3622e+05,0.17028,7.2559,1,55.264,47.164,0,0
1.5176,1.3708e+05,0.17136,7.2672,1,55.337,47.237,0,0
1.513,1.3795e+05,0.17244,7.2784,1,55.41,47.31,0,0
1.5084,1.3881e+05,0.17351,7.2897,1,55.483,47.383,0,0
1.5039,1.3967e+05,0.17459,7.3009,1,55.556,47.456,0,0
1.499,1.406e+05,0.17575,7.3122,1,55.629,47.529,0,0
1.4913,1.4218e+05,0.17773,7.3234,1,55.702,47.602,0,0
1.4837,1.4376e+05,0.1797,7.3347,1,55.775,47.675,0,0
1.476,1.4534e+05,0.18167,7.3459,1,55.848,47.748,0,0
1.4684,1.4692e+05,0.18365,7.3572,1,55.922,47.821,0,0
1.4607,1.485e+05,0.18562,7.3684,1,55.995,47.895,0,0
1.453,1.5007e+05,0.18759,7.3796,1,56.068,47.968,0,0
1.4454,1.5165e+05,0.18957,7.3909,1,56.141,48.041,0,0
1.4377,1.5323e+05,0.19154,7.4021,1,56.214,48.114,0,0
1.4301,1.5481e+05,0.19351,7.4134,1,56.287,48.187,0,0
1.4224,1.5639e+05,0.19549,7.4246,1,56.36,48.26,0,0
1.4147,1.5797e+05,0.19746,7.4359,1,56.433,48.333,0,0
1.4071,1.5964e+05,0.19955,7.4471,1,56.506,48.406,0,0
1.3996,1.6142e+05,0.20178,7.4584,1,56.579,48.479,0,0
1.392,1.632e+05,0.204,7.4696,1,56.653,48.553,0,0
1.3844,1.6499e+05,0.20623,7.4809,1,56.726,48.626,0,0
1.3769,1.6677e+05,0.20846,7.4921,1,56.799,48.699,0,0
1.3693,1.6855e+05,0.21069,7.5034,1,56.872,48.772,0,0
1.3618,1.7033e+05,0.21292,7.5146,1,56.945,48.845,0,0
1.3542,1.7212e+05,0.21515,7.5258,1,57.018,48.918,0,0
1.3467,1.739e+05,0.21738,7.5371,1,57.091,48.991,0,0
1.3391,1.7568e+05,0.2196,7.5483,1,57.164,49.064,0,0
1.3315,1.7747e+05,0.22183,7.5596,1,57.237,49.137,0,0
1.324,1.7925e+05,0.22406,7.5708,1,57.31,49.21,0,0
1.3197,1.8052e+05,0.22565,7.5821,1,57.383,49.284,0,0
1.3167,1.8157e+05,0.22697,7.5933,1,57.457,49.357,0,0
1.3138,1.8263e+05,0.22828,7.6046,1,57.53,49.43,0,0
1.3109,1.8368e+05,0.2296,7.6158,1,57.603,49.503,0,0
1.308,1.8473e+05,0.23092,7.6271,1,57.676,49.576,0,0
1.305,1.8579e+05,0.23223,7.6383,1,57.749,49.649,0,0
1.3021,1.8684e+05,0.23355,7.6496,1,57.822,49.722,0,0
1.2992,1.8789e+05,0.23487,7.6608,1,57.895,49.795,0,0
1.2963,1.8895e+05,0.23619,7.672,1,57.968,49.868,0,0
1.2933,1.9e+05,0.2375,7.6833,1,58.041,49.941,0,0
1.2904,1.9106e+05,0.23882,7.6945,1,58.115,50.014,0,0
1.2875,1.9211e+05,0.24014,7.7058,1,58.188,50.088,0,0
1.2873,1.9249e+05,0.24062,7.717,1,58.261,50.161,0,0
1.2877,1.9277e+05,0.24096,7.7283,1,58.334,50.234,0,0
1.288,1.9305e+05,0.24131,7.7395,1,58.407,50.307,0,0
1.2883,1.9332e+05,0.24165,7.7508,1,58.48,50.38,0,0
1.2887,1.936e+05,0.242,7.762,1,58.553,50.453,0,0
1.289,1.9388e+05,0.24235,7.7733,1,58.626,50.526,0,0
1.2893,1.9416e+05,0.24269,7.7845,1,58.699,50.599,0,0
1.2896,1.9443e+05,0.24304,7.7958,1,58.772,50.672,0,0
1.29,1.9471e+05,0.24339,7.807,1,58.845,50.745,0,0
1.2903,1.9499e+05,0.24373,7.8182,1,58.919,50.819,0,0
1.2906,1.9526e+05,0.24408,7.8295,1,58.992,50.892,0,0
1.291,1.9554e+05,0.24443,7.8407,1,59.065,50.965,0,0
1.2922,1.9531e+05,0.24414,7.852,1,59.138,51.038,0,0
1.2936,1.9504e+05,0.24379,7.8632,1,59.211,51.111,0,0
1.2949,1.9476e+05,0.24345,7.8745,1,59.284,51.184,0,0
1.2963,1.9449e+05,0.24311,7.8857,1,59.357,51.257,0,0
1.2976,1.9422e+05,0.24277,7.897,1,59.43,51.33,0,0
1.299,1.9394e+05,0.24243,7.9082,1,59.503,51.403,0,0
1.3003,1.9367e+05,0.24209,7.9195,1,59.576,51.477,0,0
1.3016,1.934e+05,0.24175,7.9307,1,59.65,51.55,0,0
1.303,1.9312e+05,0.24141,7.942,1,59.723,51.623,0,0
1.3043,1.9285e+05,0.24106,7.9532,1,59.796,51.696,0,0
1.3057,1.9258e+05,0.24072,7.9644,1,59.869,51.769,0,0
1.307,1.923e+05,0.24038,7.9757,1,59.942,51.842,0,0
1.3101,1.916e+05,0.2395,7.9869,1,60.015,51.915,0,0
1.3133,1.9083e+05,0.23854,7.9982,1,60.088,51.988,0,0
1.3166,1.9006e+05,0.23757,8.0094,1,60.161,52.061,0,0
1.3199,1.8929e+05,0.23661,8.0207,1,60.234,52.134,0,0
1.3232,1.8852e+05,0.23565,8.0319,1,60.308,52.208,0,0
1.3264,1.8775e+05,0.23469,8.0432,1,60.381,52.281,0,0
1.3297,1.8698e+05,0.23373,8.0544,1,60.454,52.354,0,0
1.333,1.8621e+05,0.23276,8.0657,1,60.527,52.427,0,0
1.3362,1.8544e+05,0.2318,8.0769,1,60.6,52.5,0,0
1.3395,1.8467e+05,0.23084,8.0882,1,60.673,52.573,0,0
1.3428,1.839e+05,0.22988,8.0994,1,60.746,52.646,0,0
1.3461,1.8313e+05,0.22891,8.1106,1,60.819,52.719,0,0
1.3504,1.8212e+05,0.22765,8.1219,1,60.892,52.792,0,0
1.3551,1.8101e+05,0.22627,8.1331,1,60.965,52.865,0,0
1.3598,1.7991e+05,0.22489,8.1444,1,61.038,52.938,0,0
1.3645,1.788e+05,0.2235,8.1556,1,61.112,53.012,0,0
1.3692,1.777e+05,0.22212,8.1669,1,61.185,53.085,0,0
1.3739,1.7659e+05,0.22074,8.1781,1,61.258,53.158,0,0
1.3786,1.7549e+05,0.21936,8.1894,1,61.331,53.231,0,0
1.3833,1.7438e+05,0.21798,8.2006,1,61.404,53.304,0,0
1.388,1.7328e+05,0.2166,8.2119,1,61.477,53.377,0,0
1.3927,1.7217e+05,0.21521,8.2231,1,61.55,53.45,0,0
1.3974,1.7107e+05,0.21383,8.2344,1,61.623,53.523,0,0
1.4022,1.6996e+05,0.21245,8.2456,1,61.696,53.596,0,0
1.407,1.6885e+05,0.21106,8.2568,1,61.77,53.669,0,0
1.4119,1.6772e+05,0.20965,8.2681,1,61.843,53.743,0,0
1.4169,1.666e+05,0.20824,8.2793,1,61.916,53.816,0,0
1.4218,1.6547e+05,0.20684,8.2906,1,61.989,53.889,0,0
1.4268,1.6435e+05,0.20543,8.3018,1,62.062,53.962,0,0
1.4317,1.6322e+05,0.20403,8.3131,1,62.135,54.035,0,0
1.4367,1.621e+05,0.20262,8.3243,1,62.208,54.108,0,0
1.4416,1.6097e+05,0.20121,8.3356,1,62.281,54.181,0,0
1.4466,1.5984e+05,0.19981,8.3468,1,62.354,54.254,0,0
1.4515,1.5872e+05,0.1984,8.3581,1,62.427,54.327,0,0
1.4565,1.5759e+05,0.19699,8.3693,1,62.501,54.401,0,0
1.4614,1.5647e+05,0.19559,8.3806,1,62.574,54.474,0,0
1.4662,1.5538e+05,0.19422,8.3918,1,62.647,54.547,0,0
1.4701,1.5454e+05,0.19317,8.403,1,62.72,54.62,0,0
1.4739,1.537e+05,0.19212,8.4143,1,62.793,54.693,0,0
1.4778,1.5286e+05,0.19108,8.4255,1,62.866,54.766,0,0
1.4816,1.5202e+05,0.19003,8.4368,1,62.939,54.839,0,0
1.4855,1.5118e+05,0.18898,8.448,1,63.012,54.912,0,0
1.4893,1.5035e+05,0.18793,8.4593,1,63.085,54.985,0,0
1.4932,1.4951e+05,0.18688,8.4705,1,63.158,55.058,0,0
1.497,1.4867e+05,0.18584,8.4818,1,63.231,55.132,0,0
1.5008,1.4783e+05,0.18479,8.493,1,63.305,55.205,0,0
1.5047,1.4699e+05,0.18374,8.5043,1,63.378,55.278,0,0
1.5085,1.4615e+05,0.18269,8.5155,1,63.451,55.351,0,0
1.5124,1.4531e+05,0.18164,8.5268,1,63.524,55.424,0,0
1.5147,1.4471e+05,0.18089,8.538,1,63.597,55.497,0,0
1.5163,1.4424e+05,0.1803,8.5492,1,63.67,55.57,0,0
1.5179,1.4376e+05,0.1797,8.5605,1,63.743,55.643,0,0
1.5194,1.4328e+05,0.1791,8.5717,1,63.816,55.716,0,0
1.521,1.4281e+05,0.17851,8.583,1,63.889,55.789,0,0
1.5226,1.4233e+05,0.17791,8.5942,1,63.963,55.862,0,0
1.5242,1.4186e+05,0.17732,8.6055,1,64.036,55.936,0,0
1.5257,1.4138e+05,0.17672,8.6167,1,64.109,56.009,0,0
1.5273,1.409e+05,0.17613,8.628,1,64.182,56.082,0,0
1.5289,1.4043e+05,0.17553,8.6392,1,64.255,56.155,0,0
1.5304,1.3995e+05,0.17494,8.6505,1,64.328,56.228,0,0
1.532,1.3947e+05,0.17434,8.6617,1,64.401,56.301,0,0
1.5335,1.3902e+05,0.17378,8.673,1,64.474,56.374,0,0
1.5339,1.3883e+05,0.17354,8.6842,1,64.547,56.447,0,0
1.5343,1.3865e+05,0.17331,8.6954,1,64.62,56.52,0,0
1.5346,1.3846e+05,0.17308,8.7067,1,64.693,56.593,0,0
1.535,1.3828e+05,0.17285,8.7179,1,64.767,56.667,0,0
1.5354,1.3809e+05,0.17261,8.7292,1,64.84,56.74,0,0
1.5358,1.379e+05,0.17238,8.7404,1,64.913,56.813,0,0
1.5362,1.3772e+05,0.17215,8.7517,1,64.986,56.886,0,0
1.5366,1.3753e+05,0.17192,8.7629,1,65.059,56.959,0,0
1.537,1.3735e+05,0.17168,8.7742,1,65.132,57.032,0,0
1.5374,1.3716e+05,0.17145,8.7854,1,65.205,57.105,0,0
1.5378,1.3697e+05,0.17122,8.7967,1,65.278,57.178,0,0
1.5382,1.3679e+05,0.17099,8.8079,1,65.351,57.251,0,0
1.5382,1.3671e+05,0.17088,8.8192,1,65.424,57.325,0,0
1.5377,1.3679e+05,0.17098,8.8304,1,65.498,57.398,0,0
1.5372,1.3686e+05,0.17108,8.8416,1,65.571,57.471,0,0
1.5368,1.3694e+05,0.17118,8.8529,1,65.644,57.544,0,0
1.5363,1.3702e+05,0.17127,8.8641,1,65.717,57.617,0,0
1.5358,1.371e+05,0.17137,8.8754,1,65.79,57.69,0,0
1.5353,1.3717e+05,0.17147,8.8866,1,65.863,57.763,0,0
1.5349,1.3725e+05,0.17156,8.8979,1,65.936,57.836,0,0
1.5344,1.3733e+05,0.17166,8.9091,1,66.009,57.909,0,0
1.5339,1.3741e+05,0.17176,8.9204,1,66.082,57.982,0,0
1.5334,1.3748e+05,0.17185,8.9316,1,66.156,58.056,0,0
1.5329,1.3756e+05,0.17195,8.9429,1,66.229,58.129,0,0
1.5325,1.3764e+05,0.17205,8.9541,1,66.302,58.202,0,0
1.5311,1.379e+05,0.17237,8.9654,1,66.375,58.275,0,0
1.5291,1.3827e+05,0.17284,8.9766,1,66.448,58.348,0,0
1.5272,1.3865e+05,0.17331,8.9878,1,66.521,58.421,0,0
1.5253,1.3902e+05,0.17378,8.9991,1,66.594,58.494,0,0
1.5233,1.394e+05,0.17425,9.0103,1,66.667,58.567,0,0
1.5214,1.3977e+05,0.17472,9.0216,1,66.74,58.64,0,0
1.5194,1.4015e+05,0.17519,9.0328,1,66.813,58.713,0,0
1.5175,1.4052e+05,0.17566,9.0441,1,66.886,58.786,0,0
1.5156,1.409e+05,0.17612,9.0553,1,66.96,58.86,0,0
1.5136,1.4127e+05,0.17659,9.0666,1,67.033,58.933,0,0
1.5117,1.4165e+05,0.17706,9.0778,1,67.106,59.006,0,0
1.5097,1.4202e+05,0.17753,9.0891,1,67.179,59.079,0,0
1.5078,1.424e+05,0.178,9.1003,1,67.252,59.152,0,0
1.5045,1.431e+05,0.17887,9.1116,1,67.325,59.225,0,0
1.5006,1.4392e+05,0.1799,9.1228,1,67.398,59.298,0,0
1.4968,1.4474e+05,0.18093,9.134,1,67.471,59.371,0,0
1.4929,1.4556e+05,0.18195,9.1453,1,67.544,59.444,0,0
1.489,1.4639e+05,0.18298,9.1565,1,67.618,59.518,0,0
1.4852,1.4721e+05,0.18401,9.1678,1,67.691,59.591,0,0
1.4813,1.4803e+05,0.18504,9.179,1,67.764,59.664,0,0
1.4774,1.4885e+05,0.18607,9.1903,1,67.837,59.737,0,0
1.4736,1.4967e+05,0.18709,9.2015,1,67.91,59.81,0,0
1.4697,1.505e+05,0.18812,9.2128,1,67.983,59.883,0,0
1.4658,1.5132e+05,0.18915,9.224,1,68.056,59.956,0,0
1.462,1.5214e+05,0.19018,9.2353,1,68.129,60.029,0,0
1.4581,1.5296e+05,0.1912,9.2465,1,68.202,60.102,0,0
1.4537,1.5397e+05,0.19247,9.2578,1,68.275,60.175,0,0
1.4491,1.5506e+05,0.19382,9.269,1,68.349,60.249,0,0
1.4445,1.5614e+05,0.19518,9.2802,1,68.422,60.322,0,0
1.4398,1.5723e+05,0.19653,9.2915,1,68.495,60.395,0,0
1.4352,1.5831e+05,0.19789,9.3027,1,68.568,60.468,0,0
1.4306,1.5939e+05,0.19924,9.314,1,68.641,60.541,0,0
1.4259,1.6048e+05,0.2006,9.3252,1,68.714,60.614,0,0
1.4213,1.6156e+05,0.20195,9.3365,1,68.787,60.687,0,0
1.4167,1.6265e+05,0.20331,9.3477,1,68.86,60.76,0,0
1.412,1.6373e+05,0.20466,9.359,1,68.933,60.833,0,0
1.4074,1.6482e+05,0.20602,9.3702,1,69.006,60.906,0,0
1.4028,1.659e+05,0.20738,9.3815,1,69.079,60.979,0,0
1.3981,1.6698e+05,0.20873,9.3927,1,69.153,61.053,0,0
1.3947,1.6793e+05,0.20991,9.404,1,69.226,61.126,0,0
1.3921,1.6877e+05,0.21097,9.4152,1,69.299,61.199,0,0
1.3894,1.6962e+05,0.21202,9.4264,1,69.372,61.272,0,0
1.3868,1.7046e+05,0.21308,9.4377,1,69.445,61.345,0,0
1.3841,1.7131e+05,0.21414,9.4489,1,69.518,61.418,0,0
1.3815,1.7215e+05,0.21519,9.4602,1,69.591,61.491,0,0
1.3788,1.73e+05,0.21625,9.4714,1,69.664,61.564,0,0
1.3762,1.7385e+05,0.21731,9.4827,1,69.737,61.637,0,0
1.3736,1.7469e+05,0.21836,9.4939,1,69.811,61.71,0,0
1.3709,1.7554e+05,0.21942,9.5052,1,69.884,61.784,0,0
1.3683,1.7638e+05,0.22048,9.5164,1,69.957,61.857,0,0
1.3656,1.7723e+05,0.22153,9.5277,1,70.03,61.93,0,0
1.363,1.7807e+05,0.22259,9.5389,1,70.103,62.003,0,0
1.3613,1.787e+05,0.22337,9.5502,1,70.176,62.076,0,0
1.3611,1.7894e+05,0.22368,9.5614,1,70.249,62.149,0,0
1.3609,1.7919e+05,0.22399,9.5726,1,70.322,62.222,0,0
1.3607,1.7944e+05,0.2243,9.5839,1,70.395,62.295,0,0
1.3605,1.7968e+05,0.22461,9.5951,1,70.468,62.368,0,0
1.3603,1.7993e+05,0.22491,9.6064,1,70.542,62.442,0,0
1.3602,1.8018e+05,0.22522,9.6176,1,70.615,62.515,0,0
1.36,1.8043e+05,0.22553,9.6289,1,70.688,62.588,0,0
1.3598,1.8067e+05,0.22584,9.6401,1,70.761,62.661,0,0
1.3596,1.8092e+05,0.22615,9.6514,1,70.834,62.734,0,0
1.3594,1.8117e+05,0.22646,9.6626,1,70.907,62.807,0,0
1.3593,1.8141e+05,0.22677,9.6739,1,70.98,62.88,0,0
1.3591,1.8166e+05,0.22708,9.6851,1,71.053,62.953,0,0
1.3589,1.819e+05,0.22738,9.6964,1,71.126,63.026,0,0
1.3595,1.818e+05,0.22725,9.7076,1,71.199,63.099,0,0
1.36,1.8169e+05,0.22712,9.7188,1,71.272,63.173,0,0
1.3606,1.8159e+05,0.22699,9.7301,1,71.346,63.246,0,0
1.3612,1.8149e+05,0.22686,9.7413,1,71.419,63.319,0,0
1.3618,1.8138e+05,0.22673,9.7526,1,71.492,63.392,0,0
1.3623,1.8128e+05,0.2266,9.7638,1,71.565,63.465,0,0
1.3629,1.8118e+05,0.22647,9.7751,1,71.638,63.538,0,0
1.3635,1.8107e+05,0.22634,9.7863,1,71.711,63.611,0,0
1.364,1.8097e+05,0.22621,9.7976,1,71.784,63.684,0,0
1.3646,1.8087e+05,0.22608,9.8088,1,71.857,63.757,0,0
1.3652,1.8076e+05,0.22596,9.8201,1,71.93,63.83,0,0
1.3657,1.8066e+05,0.22583,9.8313,1,72.004,63.903,0,0
1.3663,1.8056e+05,0.2257,9.8426,1,72.077,63.977,0,0
1.367,1.8033e+05,0.22542,9.8538,1,72.15,64.05,0,0
1.3679,1.8002e+05,0.22502,9.865,1,72.223,64.123,0,0
1.3687,1.797e+05,0.22463,9.8763,1,72.296,64.196,0,0
1.3695,1.7938e+05,0.22423,9.8875,1,72.369,64.269,0,0
1.3704,1.7907e+05,0.22384,9.8988,1,72.442,64.342,0,0
1.3712,1.7875e+05,0.22344,9.91,1,72.515,64.415,0,0
1.3721,1.7844e+05,0.22304,9.9213,1,72.588,64.488,0,0
1.3729,1.7812e+05,0.22265,9.9325,1,72.661,64.561,0,0
1.3737,1.778e+05,0.22225,9.9438,1,72.734,64.634,0,0
1.3746,1.7749e+05,0.22186,9.955,1,72.808,64.708,0,0
1.3754,1.7717e+05,0.22146,9.9663,1,72.881,64.781,0,0
1.3763,1.7685e+05,0.22107,9.9775,1,72.954,64.854,0,0
1.3771,1.7654e+05,0.22067,9.9888,1,73.027,64.927,0,0
1.3779,1.7622e+05,0.22028,10,1,73.1,65,0,0
