"Mach","p","x","Points:0","Points:1","Points:2"
0.24119,0.9601,-1.2462,-8.1,0,0
0.24181,0.95992,-1.2349,-8.0269,0,0
0.24243,0.95974,-1.2237,-7.9538,0,0
0.24305,0.95956,-1.2124,-7.8807,0,0
0.24374,0.95925,-1.2012,-7.8076,0,0
0.24447,0.95886,-1.1899,-7.7345,0,0
0.2452,0.95846,-1.1787,-7.6614,0,0
0.24601,0.95806,-1.1674,-7.5883,0,0
0.2472,0.95762,-1.1562,-7.5152,0,0
0.2484,0.95719,-1.1449,-7.4421,0,0
0.2496,0.95675,-1.1337,-7.369,0,0
0.25144,0.95612,-1.1224,-7.2959,0,0
0.25351,0.95541,-1.1112,-7.2228,0,0
0.25558,0.95471,-1.1,-7.1497,0,0
0.25783,0.9539,-1.0887,-7.0766,0,0
0.26053,0.95285,-1.0775,-7.0035,0,0
0.26323,0.95179,-1.0662,-6.9304,0,0
0.26592,0.95074,-1.055,-6.8573,0,0
0.26898,0.94957,-1.0437,-6.7842,0,0
0.2721,0.94838,-1.0325,-6.7111,0,0
0.27522,0.94719,-1.0212,-6.638,0,0
0.27849,0.94595,-1.01,-6.5649,0,0
0.28201,0.94463,-0.99874,-6.4918,0,0
0.28553,0.94331,-0.98749,-6.4187,0,0
0.28905,0.94199,-0.97625,-6.3456,0,0
0.29363,0.94045,-0.965,-6.2725,0,0
0.29842,0.93877,-0.95375,-6.1994,0,0
0.30377,0.93648,-0.94251,-6.1263,0,0
0.30892,0.93428,-0.93126,-6.0532,0,0
0.31381,0.93217,-0.92002,-5.9801,0,0
0.31919,0.93003,-0.90877,-5.907,0,0
0.32481,0.92788,-0.89752,-5.8339,0,0
0.33086,0.92527,-0.88628,-5.7608,0,0
0.33698,0.92261,-0.87503,-5.6877,0,0
0.34327,0.9199,-0.86378,-5.6146,0,0
0.34967,0.91711,-0.85254,-5.5415,0,0
0.35621,0.91421,-0.84129,-5.4684,0,0
0.3629,0.91124,-0.83005,-5.3953,0,0
0.36966,0.90823,-0.8188,-5.3222,0,0
0.37698,0.90488,-0.80755,-5.2491,0,0
0.38471,0.9012,-0.79631,-5.176,0,0
0.39291,0.89739,-0.78506,-5.1029,0,0
0.40091,0.89349,-0.77382,-5.0298,0,0
0.40896,0.88956,-0.76257,-4.9567,0,0
0.41769,0.88528,-0.75132,-4.8836,0,0
0.42709,0.88056,-0.74008,-4.8105,0,0
0.43622,0.87581,-0.72883,-4.7374,0,0
0.44562,0.87099,-0.71758,-4.6643,0,0
0.45547,0.86596,-0.70634,-4.5912,0,0
0.46526,0.86054,-0.69509,-4.5181,0,0
0.47537,0.85523,-0.68385,-4.445,0,0
0.48569,0.84954,-0.6726,-4.3719,0,0
0.49615,0.84376,-0.66135,-4.2988,0,0
0.5069,0.83773,-0.65011,-4.2257,0,0
0.5179,0.83147,-0.63886,-4.1526,0,0
0.52909,0.82502,-0.62762,-4.0795,0,0
0.54041,0.8184,-0.61637,-4.0064,0,0
0.55165,0.81174,-0.60512,-3.9333,0,0
0.56297,0.80514,-0.59388,-3.8602,0,0
0.57528,0.7977,-0.58263,-3.7871,0,0
0.58775,0.7903,-0.57138,-3.714,0,0
0.60019,0.78271,-0.56014,-3.6409,0,0
0.61282,0.77489,-0.54889,-3.5678,0,0
0.62578,0.76683,-0.53765,-3.4947,0,0
0.63871,0.75879,-0.5264,-3.4216,0,0
0.65167,0.75069,-0.51515,-3.3485,0,0
0.66523,0.74215,-0.50391,-3.2754,0,0
0.67853,0.73366,-0.49266,-3.2023,0,0
0.69233,0.7249,-0.48142,-3.1292,0,0
0.70603,0.7161,-0.47017,-3.0561,0,0
0.71979,0.7072,-0.45892,-2.983,0,0
0.73375,0.69819,-0.44768,-2.9099,0,0
0.748,0.68897,-0.43643,-2.8368,0,0
0.76228,0.67972,-0.42518,-2.7637,0,0
0.77669,0.67038,-0.41394,-2.6906,0,0
0.79116,0.66099,-0.40269,-2.6175,0,0
0.80556,0.65163,-0.39145,-2.5444,0,0
0.82023,0.64211,-0.3802,-2.4713,0,0
0.83498,0.63254,-0.36895,-2.3982,0,0
0.84977,0.62297,-0.35771,-2.3251,0,0
0.86464,0.61335,-0.34646,-2.252,0,0
0.87958,0.60372,-0.33522,-2.1789,0,0
0.8946,0.59407,-0.32397,-2.1058,0,0
0.9097,0.58442,-0.31272,-2.0327,0,0
0.92486,0.57477,-0.30148,-1.9596,0,0
0.9401,0.56512,-0.29023,-1.8865,0,0
0.95542,0.55549,-0.27898,-1.8134,0,0
0.97081,0.54587,-0.26774,-1.7403,0,0
0.98628,0.53626,-0.25649,-1.6672,0,0
1.0018,0.52667,-0.24525,-1.5941,0,0
1.0175,0.5171,-0.234,-1.521,0,0
1.0332,0.50756,-0.22275,-1.4479,0,0
1.049,0.49804,-0.21151,-1.3748,0,0
1.0649,0.48854,-0.20026,-1.3017,0,0
1.081,0.47907,-0.18902,-1.2286,0,0
1.0972,0.46962,-0.17777,-1.1555,0,0
1.1135,0.46019,-0.16652,-1.0824,0,0
1.13,0.45078,-0.15528,-1.0093,0,0
1.1467,0.44138,-0.14403,-0.9362,0,0
1.1636,0.43197,-0.13278,-0.8631,0,0
1.1807,0.42256,-0.12154,-0.79,0,0
1.1981,0.41313,-0.11029,-0.7169,0,0
1.2158,0.40368,-0.099046,-0.6438,0,0
1.2338,0.39422,-0.0878,-0.5707,0,0
1.2522,0.38473,-0.076554,-0.4976,0,0
1.2709,0.3752,-0.065308,-0.4245,0,0
1.2901,0.36564,-0.054062,-0.3514,0,0
1.3096,0.35606,-0.042815,-0.2783,0,0
1.3295,0.34649,-0.031569,-0.2052,0,0
1.3498,0.33694,-0.020323,-0.1321,0,0
1.3704,0.32745,-0.009077,-0.059,0,0
1.3913,0.31802,0.0021692,0.0141,0,0
1.4125,0.30868,0.013415,0.0872,0,0
1.434,0.2994,0.024661,0.1603,0,0
1.4553,0.29047,0.035908,0.2334,0,0
1.4769,0.28164,0.047154,0.3065,0,0
1.4991,0.27274,0.0584,0.3796,0,0
1.5202,0.26452,0.069646,0.4527,0,0
1.5425,0.25614,0.080892,0.5258,0,0
1.565,0.24792,0.092138,0.5989,0,0
1.5861,0.24022,0.10338,0.672,0,0
1.6087,0.23232,0.11463,0.7451,0,0
1.6303,0.22503,0.12588,0.8182,0,0
1.6509,0.21822,0.13712,0.8913,0,0
1.6722,0.21143,0.14837,0.9644,0,0
1.695,0.20442,0.15962,1.0375,0,0
1.7179,0.19749,0.17086,1.1106,0,0
1.7393,0.19112,0.18211,1.1837,0,0
1.7617,0.18488,0.19335,1.2568,0,0
1.7839,0.17866,0.2046,1.3299,0,0
1.805,0.17295,0.21585,1.403,0,0
1.8275,0.16716,0.22709,1.4761,0,0
1.8519,0.16095,0.23834,1.5492,0,0
1.8764,0.15496,0.24958,1.6223,0,0
1.9024,0.14903,0.26083,1.6954,0,0
1.9326,0.14223,0.27208,1.7685,0,0
1.9635,0.13555,0.28332,1.8416,0,0
1.9906,0.12987,0.29457,1.9147,0,0
2.0181,0.12475,0.30582,1.9878,0,0
2.0464,0.11968,0.31706,2.0609,0,0
2.0648,0.11625,0.32831,2.134,0,0
2.0693,0.11467,0.33955,2.2071,0,0
2.0727,0.11353,0.3508,2.2802,0,0
2.0733,0.11346,0.36205,2.3533,0,0
2.0738,0.11339,0.37329,2.4264,0,0
2.0743,0.11332,0.38454,2.4995,0,0
2.0734,0.11348,0.39578,2.5726,0,0
2.0704,0.11397,0.40703,2.6457,0,0
2.0633,0.11514,0.41828,2.7188,0,0
2.0467,0.118,0.42952,2.7919,0,0
2.0179,0.12327,0.44077,2.865,0,0
1.9663,0.13346,0.45202,2.9381,0,0
1.9092,0.1458,0.46326,3.0112,0,0
1.8535,0.15871,0.47451,3.0843,0,0
1.8042,0.17102,0.48575,3.1574,0,0
1.7687,0.18069,0.497,3.2305,0,0
1.7451,0.18701,0.50825,3.3036,0,0
1.7355,0.1902,0.51949,3.3767,0,0
1.7319,0.19153,0.53074,3.4498,0,0
1.7309,0.19209,0.54198,3.5229,0,0
1.7305,0.19224,0.55323,3.596,0,0
1.73,0.1923,0.56448,3.6691,0,0
1.7329,0.1915,0.57572,3.7422,0,0
1.737,0.19041,0.58697,3.8153,0,0
1.7423,0.18898,0.59822,3.8884,0,0
1.7482,0.18743,0.60946,3.9615,0,0
1.757,0.18499,0.62071,4.0346,0,0
1.7668,0.1823,0.63195,4.1077,0,0
1.7783,0.17901,0.6432,4.1808,0,0
1.7905,0.17567,0.65445,4.2539,0,0
1.8045,0.172,0.66569,4.327,0,0
1.8201,0.16802,0.67694,4.4001,0,0
1.8362,0.16385,0.68818,4.4732,0,0
1.8516,0.16002,0.69943,4.5463,0,0
1.8673,0.15617,0.71068,4.6194,0,0
1.8832,0.15235,0.72192,4.6925,0,0
1.9004,0.14839,0.73317,4.7656,0,0
1.9192,0.14419,0.74442,4.8387,0,0
1.9394,0.13976,0.75566,4.9118,0,0
1.961,0.13518,0.76691,4.9849,0,0
1.9839,0.13048,0.77815,5.058,0,0
2.0082,0.12569,0.7894,5.1311,0,0
2.0346,0.12072,0.80065,5.2042,0,0
2.061,0.11588,0.81189,5.2773,0,0
2.0851,0.11138,0.82314,5.3504,0,0
2.1087,0.10745,0.83438,5.4235,0,0
2.1328,0.10333,0.84563,5.4966,0,0
2.1562,0.09968,0.85688,5.5697,0,0
2.1818,0.0958,0.86812,5.6428,0,0
2.2088,0.091877,0.87937,5.7159,0,0
2.2363,0.088058,0.89062,5.789,0,0
2.2625,0.084435,0.90186,5.8621,0,0
2.288,0.081178,0.91311,5.9352,0,0
2.3139,0.077995,0.92435,6.0083,0,0
2.3391,0.075052,0.9356,6.0814,0,0
2.364,0.072196,0.94685,6.1545,0,0
2.3894,0.069491,0.95809,6.2276,0,0
2.4149,0.066848,0.96934,6.3007,0,0
2.4409,0.064298,0.98058,6.3738,0,0
2.4671,0.061791,0.99183,6.4469,0,0
2.4902,0.059576,1.0031,6.52,0,0
2.5115,0.057523,1.0143,6.5931,0,0
2.5315,0.055733,1.0256,6.6662,0,0
2.5508,0.054113,1.0368,6.7393,0,0
2.5703,0.052533,1.0481,6.8124,0,0
2.5902,0.050985,1.0593,6.8855,0,0
2.6099,0.049504,1.0706,6.9586,0,0
2.6295,0.048086,1.0818,7.0317,0,0
2.6493,0.046678,1.093,7.1048,0,0
2.6693,0.04528,1.1043,7.1779,0,0
2.6893,0.043953,1.1155,7.251,0,0
2.7094,0.042726,1.1268,7.3241,0,0
2.7295,0.0415,1.138,7.3972,0,0
2.7497,0.040274,1.1493,7.4703,0,0
2.7688,0.039112,1.1605,7.5434,0,0
2.7855,0.038109,1.1718,7.6165,0,0
2.8023,0.037107,1.183,7.6896,0,0
2.819,0.036104,1.1943,7.7627,0,0
2.8355,0.035137,1.2055,7.8358,0,0
2.8508,0.034358,1.2168,7.9089,0,0
2.8662,0.033579,1.228,7.982,0,0
2.8815,0.0328,1.2392,8.0551,0,0
2.8968,0.032023,1.2505,8.1282,0,0
2.9096,0.031436,1.2617,8.2013,0,0
2.9225,0.03085,1.273,8.2744,0,0
2.9354,0.030263,1.2842,8.3475,0,0
2.9482,0.029676,1.2955,8.4206,0,0
2.9619,0.029131,1.3067,8.4937,0,0
2.9757,0.028592,1.318,8.5668,0,0
2.9895,0.028053,1.3292,8.6399,0,0
3.0033,0.027514,1.3405,8.713,0,0
3.0171,0.026975,1.3517,8.7861,0,0
3.0309,0.026436,1.363,8.8592,0,0
3.0447,0.025897,1.3742,8.9323,0,0
3.0586,0.025358,1.3854,9.0054,0,0
3.0731,0.02484,1.3967,9.0785,0,0
3.0885,0.024344,1.4079,9.1516,0,0
3.1038,0.023847,1.4192,9.2247,0,0
3.1192,0.023351,1.4304,9.2978,0,0
3.1345,0.022854,1.4417,9.3709,0,0
3.1498,0.022358,1.4529,9.444,0,0
3.1652,0.021861,1.4642,9.5171,0,0
3.1805,0.021365,1.4754,9.5902,0,0
3.1961,0.020868,1.4867,9.6633,0,0
3.2133,0.020375,1.4979,9.7364,0,0
3.2306,0.019881,1.5092,9.8095,0,0
3.2479,0.019388,1.5204,9.8826,0,0
3.2652,0.018894,1.5316,9.9557,0,0
3.2837,0.018414,1.5429,10.029,0,0
3.3024,0.017935,1.5541,10.102,0,0
3.3211,0.017456,1.5654,10.175,0,0
3.3398,0.016978,1.5766,10.248,0,0
3.3594,0.01652,1.5879,10.321,0,0
3.3794,0.016077,1.5991,10.394,0,0
3.3994,0.015633,1.6104,10.467,0,0
3.4194,0.015189,1.6216,10.54,0,0
3.4404,0.014741,1.6329,10.614,0,0
3.4632,0.014283,1.6441,10.687,0,0
3.4864,0.013824,1.6554,10.76,0,0
3.5114,0.01336,1.6666,10.833,0,0
3.5365,0.012898,1.6778,10.906,0,0
3.5619,0.01246,1.6891,10.979,0,0
3.5873,0.012023,1.7003,11.052,0,0
3.6157,0.011572,1.7116,11.125,0,0
3.647,0.011085,1.7228,11.198,0,0
3.6828,0.010555,1.7341,11.271,0,0
3.7276,0.0099217,1.7453,11.345,0,0
3.7747,0.0092713,1.7566,11.418,0,0
0.41061,0.1577,1.7678,11.491,0,0
0.34768,0.15959,1.7791,11.564,0,0
0.3092,0.16236,1.7903,11.637,0,0
0.28558,0.16415,1.8016,11.71,0,0
0.26889,0.16545,1.8128,11.783,0,0
0.25734,0.16697,1.824,11.856,0,0
0.24803,0.16781,1.8353,11.929,0,0
0.23872,0.16865,1.8465,12.002,0,0
0.22941,0.16949,1.8578,12.076,0,0
0.2201,0.17033,1.869,12.149,0,0
0.21085,0.17085,1.8803,12.222,0,0
0.20161,0.17131,1.8915,12.295,0,0
0.19238,0.17176,1.9028,12.368,0,0
0.18314,0.17221,1.914,12.441,0,0
0.17412,0.17253,1.9253,12.514,0,0
0.16534,0.1727,1.9365,12.587,0,0
0.15656,0.17287,1.9478,12.66,0,0
0.14778,0.17303,1.959,12.733,0,0
0.1393,0.17318,1.9702,12.807,0,0
0.13303,0.1732,1.9815,12.88,0,0
0.12676,0.17322,1.9927,12.953,0,0
0.12049,0.17325,2.004,13.026,0,0
0.11422,0.17327,2.0152,13.099,0,0
0.11099,0.17341,2.0265,13.172,0,0
0.10882,0.17359,2.0377,13.245,0,0
0.10666,0.17377,2.049,13.318,0,0
0.10449,0.17396,2.0602,13.391,0,0
0.10305,0.1743,2.0715,13.464,0,0
0.10288,0.17495,2.0827,13.538,0,0
0.10272,0.17559,2.094,13.611,0,0
0.10256,0.17623,2.1052,13.684,0,0
0.1024,0.17687,2.1164,13.757,0,0
0.10335,0.17763,2.1277,13.83,0,0
0.10437,0.1784,2.1389,13.903,0,0
0.10538,0.17917,2.1502,13.976,0,0
0.1064,0.17994,2.1614,14.049,0,0
0.1081,0.18088,2.1727,14.122,0,0
0.11039,0.18198,2.1839,14.195,0,0
0.11268,0.18307,2.1952,14.269,0,0
0.11497,0.18417,2.2064,14.342,0,0
0.11726,0.18527,2.2177,14.415,0,0
0.11955,0.18636,2.2289,14.488,0,0
0.12185,0.18746,2.2402,14.561,0,0
0.12414,0.18855,2.2514,14.634,0,0
0.12643,0.18965,2.2626,14.707,0,0
0.13017,0.19043,2.2739,14.78,0,0
0.13471,0.19104,2.2851,14.853,0,0
0.13926,0.19165,2.2964,14.926,0,0
0.1438,0.19225,2.3076,15,0,0
0.14834,0.19286,2.3189,15.073,0,0
0.15289,0.19347,2.3301,15.146,0,0
0.15743,0.19407,2.3414,15.219,0,0
0.16197,0.19468,2.3526,15.292,0,0
0.16652,0.19529,2.3639,15.365,0,0
0.17311,0.19548,2.3751,15.438,0,0
0.1806,0.19548,2.3864,15.511,0,0
0.1881,0.19548,2.3976,15.584,0,0
0.1956,0.19548,2.4088,15.657,0,0
0.20309,0.19548,2.4201,15.731,0,0
0.21059,0.19549,2.4313,15.804,0,0
0.21809,0.19549,2.4426,15.877,0,0
0.22559,0.19549,2.4538,15.95,0,0
0.23308,0.19549,2.4651,16.023,0,0
0.24224,0.19527,2.4763,16.096,0,0
0.25217,0.19494,2.4876,16.169,0,0
0.2621,0.19461,2.4988,16.242,0,0
0.27203,0.19429,2.5101,16.315,0,0
0.28196,0.19396,2.5213,16.389,0,0
0.29189,0.19363,2.5326,16.462,0,0
0.30182,0.19331,2.5438,16.535,0,0
0.31175,0.19298,2.555,16.608,0,0
0.32168,0.19265,2.5663,16.681,0,0
0.33263,0.1922,2.5775,16.754,0,0
0.34425,0.19168,2.5888,16.827,0,0
0.35586,0.19115,2.6,16.9,0,0
0.36748,0.19062,2.6113,16.973,0,0
0.37909,0.1901,2.6225,17.046,0,0
0.39071,0.18957,2.6338,17.119,0,0
0.40232,0.18905,2.645,17.193,0,0
0.41394,0.18852,2.6563,17.266,0,0
0.42555,0.18799,2.6675,17.339,0,0
0.43777,0.18731,2.6788,17.412,0,0
0.45066,0.18644,2.69,17.485,0,0
0.46355,0.18558,2.7012,17.558,0,0
0.47643,0.18472,2.7125,17.631,0,0
0.48932,0.18386,2.7237,17.704,0,0
0.5022,0.18299,2.735,17.777,0,0
0.51509,0.18213,2.7462,17.851,0,0
0.52798,0.18127,2.7575,17.924,0,0
0.54086,0.1804,2.7687,17.997,0,0
0.55396,0.17943,2.78,18.07,0,0
0.56759,0.17819,2.7912,18.143,0,0
0.58122,0.17694,2.8025,18.216,0,0
0.59485,0.1757,2.8137,18.289,0,0
0.60848,0.17445,2.825,18.362,0,0
0.62211,0.17321,2.8362,18.435,0,0
0.63574,0.17196,2.8474,18.508,0,0
0.64937,0.17072,2.8587,18.581,0,0
0.663,0.16947,2.8699,18.655,0,0
0.67664,0.16822,2.8812,18.728,0,0
0.69051,0.16668,2.8924,18.801,0,0
0.70438,0.16513,2.9037,18.874,0,0
0.71825,0.16359,2.9149,18.947,0,0
0.73212,0.16205,2.9262,19.02,0,0
0.74599,0.16051,2.9374,19.093,0,0
0.75986,0.15897,2.9487,19.166,0,0
0.77373,0.15743,2.9599,19.239,0,0
0.7876,0.15589,2.9712,19.312,0,0
0.80147,0.15435,2.9824,19.386,0,0
0.81516,0.15273,2.9936,19.459,0,0
0.82878,0.15107,3.0049,19.532,0,0
0.84239,0.14942,3.0161,19.605,0,0
0.85601,0.14776,3.0274,19.678,0,0
0.86962,0.14611,3.0386,19.751,0,0
0.88324,0.14445,3.0499,19.824,0,0
0.89685,0.1428,3.0611,19.897,0,0
0.91047,0.14114,3.0724,19.97,0,0
0.92408,0.13949,3.0836,20.043,0,0
0.9375,0.13785,3.0949,20.117,0,0
0.95049,0.13624,3.1061,20.19,0,0
0.96348,0.13464,3.1174,20.263,0,0
0.97647,0.13303,3.1286,20.336,0,0
0.98946,0.13142,3.1398,20.409,0,0
1.0025,0.12981,3.1511,20.482,0,0
1.0154,0.12821,3.1623,20.555,0,0
1.0284,0.1266,3.1736,20.628,0,0
1.0414,0.12499,3.1848,20.701,0,0
1.0544,0.12338,3.1961,20.774,0,0
1.0667,0.12189,3.2073,20.848,0,0
1.079,0.12041,3.2186,20.921,0,0
1.0912,0.11893,3.2298,20.994,0,0
1.1034,0.11746,3.2411,21.067,0,0
1.1156,0.11598,3.2523,21.14,0,0
1.1278,0.1145,3.2636,21.213,0,0
1.1401,0.11303,3.2748,21.286,0,0
1.1523,0.11155,3.286,21.359,0,0
1.1645,0.11007,3.2973,21.432,0,0
1.1764,0.10866,3.3085,21.505,0,0
1.1877,0.10737,3.3198,21.579,0,0
1.1989,0.10607,3.331,21.652,0,0
1.2102,0.10478,3.3423,21.725,0,0
1.2214,0.10348,3.3535,21.798,0,0
1.2327,0.10219,3.3648,21.871,0,0
1.244,0.10089,3.376,21.944,0,0
1.2552,0.099597,3.3873,22.017,0,0
1.2665,0.098302,3.3985,22.09,0,0
1.2777,0.097007,3.4098,22.163,0,0
1.288,0.095886,3.421,22.236,0,0
1.298,0.094812,3.4322,22.31,0,0
1.3081,0.093737,3.4435,22.383,0,0
1.3181,0.092663,3.4547,22.456,0,0
1.3281,0.091588,3.466,22.529,0,0
1.3381,0.090514,3.4772,22.602,0,0
1.3482,0.08944,3.4885,22.675,0,0
1.3582,0.088365,3.4997,22.748,0,0
1.3682,0.087291,3.511,22.821,0,0
1.378,0.086253,3.5222,22.894,0,0
1.3862,0.085435,3.5335,22.968,0,0
1.3944,0.084617,3.5447,23.041,0,0
1.4027,0.083799,3.556,23.114,0,0
1.4109,0.082981,3.5672,23.187,0,0
1.4192,0.082163,3.5784,23.26,0,0
1.4274,0.081345,3.5897,23.333,0,0
1.4357,0.080526,3.6009,23.406,0,0
1.4439,0.079708,3.6122,23.479,0,0
1.4521,0.07889,3.6234,23.552,0,0
1.4594,0.078224,3.6347,23.625,0,0
1.4655,0.077756,3.6459,23.698,0,0
1.4715,0.077288,3.6572,23.772,0,0
1.4776,0.07682,3.6684,23.845,0,0
1.4837,0.076352,3.6797,23.918,0,0
1.4897,0.075884,3.6909,23.991,0,0
1.4958,0.075416,3.7022,24.064,0,0
1.5018,0.074948,3.7134,24.137,0,0
1.5079,0.074481,3.7246,24.21,0,0
1.5139,0.074013,3.7359,24.283,0,0
1.5188,0.073738,3.7471,24.356,0,0
1.523,0.073563,3.7584,24.43,0,0
1.5272,0.073389,3.7696,24.503,0,0
1.5314,0.073214,3.7809,24.576,0,0
1.5356,0.073039,3.7921,24.649,0,0
1.5399,0.072865,3.8034,24.722,0,0
1.5441,0.07269,3.8146,24.795,0,0
1.5483,0.072516,3.8259,24.868,0,0
1.5525,0.072341,3.8371,24.941,0,0
1.5567,0.072167,3.8484,25.014,0,0
1.5599,0.072062,3.8596,25.087,0,0
1.5628,0.071974,3.8708,25.16,0,0
1.5657,0.071885,3.8821,25.234,0,0
1.5687,0.071797,3.8933,25.307,0,0
1.5716,0.071708,3.9046,25.38,0,0
1.5745,0.071619,3.9158,25.453,0,0
1.5774,0.071531,3.9271,25.526,0,0
1.5804,0.071442,3.9383,25.599,0,0
1.5833,0.071354,3.9496,25.672,0,0
1.5862,0.071265,3.9608,25.745,0,0
1.5879,0.071294,3.9721,25.818,0,0
1.5894,0.071335,3.9833,25.892,0,0
1.5909,0.071376,3.9946,25.965,0,0
1.5924,0.071418,4.0058,26.038,0,0
1.5939,0.071459,4.017,26.111,0,0
1.5955,0.0715,4.0283,26.184,0,0
1.597,0.071541,4.0395,26.257,0,0
1.5985,0.071583,4.0508,26.33,0,0
1.6,0.071624,4.062,26.403,0,0
1.6015,0.071665,4.0733,26.476,0,0
1.5967,0.072242,4.0845,26.549,0,0
1.5915,0.072859,4.0958,26.622,0,0
1.5862,0.073477,4.107,26.696,0,0
1.5809,0.074095,4.1183,26.769,0,0
1.5756,0.074712,4.1295,26.842,0,0
1.5703,0.07533,4.1408,26.915,0,0
1.5651,0.075947,4.152,26.988,0,0
1.5598,0.076565,4.1632,27.061,0,0
1.5545,0.077182,4.1745,27.134,0,0
1.5492,0.0778,4.1857,27.207,0,0
1.5398,0.079003,4.197,27.28,0,0
1.5298,0.080282,4.2082,27.354,0,0
1.5198,0.081562,4.2195,27.427,0,0
1.5098,0.082841,4.2307,27.5,0,0
1.4998,0.08412,4.242,27.573,0,0
1.4898,0.0854,4.2532,27.646,0,0
1.4798,0.086679,4.2645,27.719,0,0
1.4698,0.087958,4.2757,27.792,0,0
1.4598,0.089238,4.287,27.865,0,0
1.4498,0.090517,4.2982,27.938,0,0
1.4373,0.092354,4.3094,28.011,0,0
1.4241,0.094355,4.3207,28.084,0,0
1.4108,0.096357,4.3319,28.158,0,0
1.3976,0.098359,4.3432,28.231,0,0
1.3844,0.10036,4.3544,28.304,0,0
1.3711,0.10236,4.3657,28.377,0,0
1.3579,0.10436,4.3769,28.45,0,0
1.3446,0.10637,4.3882,28.523,0,0
1.3314,0.10837,4.3994,28.596,0,0
1.3182,0.11037,4.4107,28.669,0,0
1.3061,0.1125,4.4219,28.742,0,0
1.2948,0.11473,4.4332,28.816,0,0
1.2835,0.11696,4.4444,28.889,0,0
1.2722,0.11919,4.4556,28.962,0,0
1.2609,0.12142,4.4669,29.035,0,0
1.2496,0.12364,4.4781,29.108,0,0
1.2383,0.12587,4.4894,29.181,0,0
1.227,0.1281,4.5006,29.254,0,0
1.2157,0.13033,4.5119,29.327,0,0
1.2044,0.13255,4.5231,29.4,0,0
1.1952,0.13466,4.5344,29.473,0,0
1.1899,0.13652,4.5456,29.546,0,0
1.1846,0.13839,4.5569,29.62,0,0
1.1793,0.14025,4.5681,29.693,0,0
1.174,0.14212,4.5794,29.766,0,0
1.1687,0.14399,4.5906,29.839,0,0
1.1634,0.14585,4.6018,29.912,0,0
1.1582,0.14772,4.6131,29.985,0,0
1.1529,0.14958,4.6243,30.058,0,0
1.1476,0.15145,4.6356,30.131,0,0
1.1424,0.1533,4.6468,30.204,0,0
1.1414,0.15473,4.6581,30.278,0,0
1.1404,0.15617,4.6693,30.351,0,0
1.1394,0.1576,4.6806,30.424,0,0
1.1385,0.15903,4.6918,30.497,0,0
1.1375,0.16046,4.7031,30.57,0,0
1.1365,0.16189,4.7143,30.643,0,0
1.1355,0.16332,4.7256,30.716,0,0
1.1345,0.16475,4.7368,30.789,0,0
1.1336,0.16618,4.748,30.862,0,0
1.1326,0.16762,4.7593,30.935,0,0
1.1322,0.16881,4.7705,31.008,0,0
1.1321,0.16987,4.7818,31.082,0,0
1.1321,0.17092,4.793,31.155,0,0
1.132,0.17198,4.8043,31.228,0,0
1.132,0.17303,4.8155,31.301,0,0
1.1319,0.17409,4.8268,31.374,0,0
1.1319,0.17515,4.838,31.447,0,0
1.1318,0.1762,4.8493,31.52,0,0
1.1317,0.17726,4.8605,31.593,0,0
1.1317,0.17831,4.8718,31.666,0,0
1.1317,0.17928,4.883,31.74,0,0
1.1318,0.17981,4.8942,31.813,0,0
1.1319,0.18034,4.9055,31.886,0,0
1.132,0.18086,4.9167,31.959,0,0
1.1321,0.18139,4.928,32.032,0,0
1.1322,0.18192,4.9392,32.105,0,0
1.1323,0.18244,4.9505,32.178,0,0
1.1324,0.18297,4.9617,32.251,0,0
1.1325,0.1835,4.973,32.324,0,0
1.1327,0.18402,4.9842,32.397,0,0
1.1328,0.18455,4.9955,32.471,0,0
1.1339,0.18454,5.0067,32.544,0,0
1.1357,0.18422,5.018,32.617,0,0
1.1375,0.1839,5.0292,32.69,0,0
1.1393,0.18358,5.0404,32.763,0,0
1.1411,0.18325,5.0517,32.836,0,0
1.1429,0.18293,5.0629,32.909,0,0
1.1447,0.18261,5.0742,32.982,0,0
1.1465,0.18229,5.0854,33.055,0,0
1.1483,0.18197,5.0967,33.128,0,0
1.1501,0.18165,5.1079,33.201,0,0
1.152,0.18131,5.1192,33.275,0,0
1.1562,0.18031,5.1304,33.348,0,0
1.1603,0.1793,5.1417,33.421,0,0
1.1645,0.1783,5.1529,33.494,0,0
1.1687,0.17729,5.1642,33.567,0,0
1.1729,0.17629,5.1754,33.64,0,0
1.1771,0.17528,5.1866,33.713,0,0
1.1812,0.17428,5.1979,33.786,0,0
1.1854,0.17327,5.2091,33.859,0,0
1.1896,0.17227,5.2204,33.932,0,0
1.1938,0.17126,5.2316,34.006,0,0
1.1984,0.17018,5.2429,34.079,0,0
1.2039,0.16896,5.2541,34.152,0,0
1.2094,0.16774,5.2654,34.225,0,0
1.2148,0.16652,5.2766,34.298,0,0
1.2203,0.1653,5.2879,34.371,0,0
1.2258,0.16408,5.2991,34.444,0,0
1.2313,0.16285,5.3104,34.517,0,0
1.2368,0.16163,5.3216,34.59,0,0
1.2423,0.16041,5.3328,34.664,0,0
1.2477,0.15919,5.3441,34.737,0,0
1.2532,0.15797,5.3553,34.81,0,0
1.2592,0.15672,5.3666,34.883,0,0
1.2655,0.15545,5.3778,34.956,0,0
1.2719,0.15419,5.3891,35.029,0,0
1.2782,0.15292,5.4003,35.102,0,0
1.2845,0.15165,5.4116,35.175,0,0
1.2909,0.15039,5.4228,35.248,0,0
1.2972,0.14912,5.4341,35.321,0,0
1.3035,0.14785,5.4453,35.395,0,0
1.3098,0.14659,5.4566,35.468,0,0
1.3162,0.14532,5.4678,35.541,0,0
1.3225,0.14405,5.479,35.614,0,0
1.3293,0.14281,5.4903,35.687,0,0
1.3362,0.14157,5.5015,35.76,0,0
1.3431,0.14033,5.5128,35.833,0,0
1.35,0.13908,5.524,35.906,0,0
1.3569,0.13784,5.5353,35.979,0,0
1.3638,0.1366,5.5465,36.052,0,0
1.3707,0.13536,5.5578,36.125,0,0
1.3777,0.13412,5.569,36.199,0,0
1.3846,0.13288,5.5803,36.272,0,0
1.3915,0.13164,5.5915,36.345,0,0
1.3984,0.1304,5.6028,36.418,0,0
1.4055,0.12922,5.614,36.491,0,0
1.4127,0.12805,5.6252,36.564,0,0
1.4198,0.12687,5.6365,36.637,0,0
1.427,0.1257,5.6477,36.71,0,0
1.4341,0.12453,5.659,36.783,0,0
1.4413,0.12336,5.6702,36.856,0,0
1.4485,0.12219,5.6815,36.93,0,0
1.4556,0.12102,5.6927,37.003,0,0
1.4628,0.11985,5.704,37.076,0,0
1.4699,0.11868,5.7152,37.149,0,0
1.4771,0.11751,5.7265,37.222,0,0
1.4842,0.11645,5.7377,37.295,0,0
1.4913,0.1154,5.749,37.368,0,0
1.4983,0.11435,5.7602,37.441,0,0
1.5054,0.1133,5.7714,37.514,0,0
1.5125,0.11225,5.7827,37.588,0,0
1.5195,0.1112,5.7939,37.661,0,0
1.5266,0.11015,5.8052,37.734,0,0
1.5337,0.1091,5.8164,37.807,0,0
1.5408,0.10805,5.8277,37.88,0,0
1.5478,0.107,5.8389,37.953,0,0
1.5549,0.10595,5.8502,38.026,0,0
1.5616,0.10504,5.8614,38.099,0,0
1.5682,0.10415,5.8727,38.172,0,0
1.5749,0.10326,5.8839,38.245,0,0
1.5815,0.10237,5.8952,38.319,0,0
1.5881,0.10148,5.9064,38.392,0,0
1.5948,0.10059,5.9176,38.465,0,0
1.6014,0.099705,5.9289,38.538,0,0
1.6081,0.098817,5.9401,38.611,0,0
1.6147,0.097928,5.9514,38.684,0,0
1.6213,0.097039,5.9626,38.757,0,0
1.628,0.096151,5.9739,38.83,0,0
1.6338,0.095412,5.9851,38.903,0,0
1.6394,0.09473,5.9964,38.976,0,0
1.6449,0.094047,6.0076,39.049,0,0
1.6505,0.093364,6.0189,39.123,0,0
1.6561,0.092682,6.0301,39.196,0,0
1.6616,0.091999,6.0414,39.269,0,0
1.6672,0.091316,6.0526,39.342,0,0
1.6727,0.090634,6.0638,39.415,0,0
1.6783,0.089951,6.0751,39.488,0,0
1.6838,0.089268,6.0863,39.561,0,0
1.6894,0.088585,6.0976,39.634,0,0
1.694,0.088059,6.1088,39.707,0,0
1.6976,0.087671,6.1201,39.78,0,0
1.7013,0.087282,6.1313,39.854,0,0
1.705,0.086893,6.1426,39.927,0,0
1.7086,0.086505,6.1538,40,0,0
1.7123,0.086116,6.1651,40.073,0,0
1.716,0.085728,6.1763,40.146,0,0
1.7196,0.085339,6.1876,40.219,0,0
1.7233,0.08495,6.1988,40.292,0,0
1.727,0.084562,6.21,40.365,0,0
1.7307,0.084173,6.2213,40.438,0,0
1.7339,0.083856,6.2325,40.512,0,0
1.736,0.083741,6.2438,40.585,0,0
1.7381,0.083626,6.255,40.658,0,0
1.7402,0.083512,6.2663,40.731,0,0
1.7424,0.083397,6.2775,40.804,0,0
1.7445,0.083282,6.2888,40.877,0,0
1.7466,0.083167,6.3,40.95,0,0
1.7487,0.083053,6.3113,41.023,0,0
1.7508,0.082938,6.3225,41.096,0,0
1.7529,0.082823,6.3338,41.169,0,0
1.755,0.082709,6.345,41.243,0,0
1.7571,0.082594,6.3562,41.316,0,0
1.7585,0.08257,6.3675,41.389,0,0
1.7597,0.082556,6.3787,41.462,0,0
1.761,0.082541,6.39,41.535,0,0
1.7622,0.082526,6.4012,41.608,0,0
1.7635,0.082511,6.4125,41.681,0,0
1.7647,0.082496,6.4237,41.754,0,0
1.766,0.082481,6.435,41.827,0,0
1.7672,0.082467,6.4462,41.9,0,0
1.7685,0.082452,6.4575,41.973,0,0
1.7697,0.082437,6.4687,42.047,0,0
1.771,0.082422,6.48,42.12,0,0
1.77,0.082596,6.4912,42.193,0,0
1.7667,0.082972,6.5024,42.266,0,0
1.7634,0.083349,6.5137,42.339,0,0
1.7601,0.083725,6.5249,42.412,0,0
1.7567,0.084102,6.5362,42.485,0,0
1.7534,0.084478,6.5474,42.558,0,0
1.7501,0.084854,6.5587,42.631,0,0
1.7468,0.085231,6.5699,42.704,0,0
1.7435,0.085607,6.5812,42.778,0,0
1.7401,0.085983,6.5924,42.851,0,0
1.7368,0.08636,6.6037,42.924,0,0
1.7335,0.086736,6.6149,42.997,0,0
1.7276,0.087501,6.6262,43.07,0,0
1.7217,0.088277,6.6374,43.143,0,0
1.7157,0.089053,6.6486,43.216,0,0
1.7098,0.089829,6.6599,43.289,0,0
1.7038,0.090605,6.6711,43.362,0,0
1.6978,0.091381,6.6824,43.436,0,0
1.6919,0.092157,6.6936,43.509,0,0
1.6859,0.092933,6.7049,43.582,0,0
1.68,0.093709,6.7161,43.655,0,0
1.674,0.094485,6.7274,43.728,0,0
1.6681,0.095261,6.7386,43.801,0,0
1.6608,0.096272,6.7499,43.874,0,0
1.6514,0.097657,6.7611,43.947,0,0
1.642,0.099041,6.7724,44.02,0,0
1.6327,0.10043,6.7836,44.093,0,0
1.6233,0.10181,6.7948,44.167,0,0
1.6139,0.1032,6.8061,44.24,0,0
1.6045,0.10458,6.8173,44.313,0,0
1.5951,0.10596,6.8286,44.386,0,0
1.5857,0.10735,6.8398,44.459,0,0
1.5763,0.10873,6.8511,44.532,0,0
1.5669,0.11012,6.8623,44.605,0,0
1.5575,0.1115,6.8736,44.678,0,0
1.5468,0.11329,6.8848,44.751,0,0
1.5355,0.11524,6.8961,44.824,0,0
1.5243,0.11718,6.9073,44.897,0,0
1.513,0.11913,6.9186,44.971,0,0
1.5017,0.12107,6.9298,45.044,0,0
1.4905,0.12301,6.941,45.117,0,0
1.4792,0.12496,6.9523,45.19,0,0
1.4679,0.1269,6.9635,45.263,0,0
1.4567,0.12885,6.9748,45.336,0,0
1.4454,0.13079,6.986,45.409,0,0
1.4341,0.13274,6.9973,45.482,0,0
1.4228,0.13468,7.0085,45.555,0,0
1.4145,0.1365,7.0198,45.628,0,0
1.4063,0.13831,7.031,45.702,0,0
1.398,0.14012,7.0423,45.775,0,0
1.3898,0.14194,7.0535,45.848,0,0
1.3815,0.14375,7.0648,45.921,0,0
1.3733,0.14556,7.076,45.994,0,0
1.365,0.14737,7.0872,46.067,0,0
1.3568,0.14919,7.0985,46.14,0,0
1.3485,0.151,7.1097,46.213,0,0
1.3403,0.15281,7.121,46.286,0,0
1.332,0.15462,7.1322,46.36,0,0
1.3247,0.15632,7.1435,46.433,0,0
1.3223,0.15738,7.1547,46.506,0,0
1.32,0.15845,7.166,46.579,0,0
1.3176,0.15951,7.1772,46.652,0,0
1.3153,0.16057,7.1885,46.725,0,0
1.3129,0.16164,7.1997,46.798,0,0
1.3106,0.1627,7.211,46.871,0,0
1.3082,0.16376,7.2222,46.944,0,0
1.3059,0.16483,7.2334,47.017,0,0
1.3035,0.16589,7.2447,47.09,0,0
1.3012,0.16695,7.2559,47.164,0,0
1.2988,0.16802,7.2672,47.237,0,0
1.2971,0.1689,7.2784,47.31,0,0
1.297,0.16928,7.2897,47.383,0,0
1.2969,0.16965,7.3009,47.456,0,0
1.2969,0.17003,7.3122,47.529,0,0
1.2968,0.1704,7.3234,47.602,0,0
1.2967,0.17077,7.3347,47.675,0,0
1.2967,0.17115,7.3459,47.748,0,0
1.2966,0.17152,7.3572,47.821,0,0
1.2965,0.1719,7.3684,47.895,0,0
1.2965,0.17227,7.3796,47.968,0,0
1.2964,0.17264,7.3909,48.041,0,0
1.2963,0.17302,7.4021,48.114,0,0
1.2966,0.17323,7.4134,48.187,0,0
1.2978,0.173,7.4246,48.26,0,0
1.2991,0.17277,7.4359,48.333,0,0
1.3003,0.17254,7.4471,48.406,0,0
1.3016,0.17231,7.4584,48.479,0,0
1.3028,0.17208,7.4696,48.553,0,0
1.3041,0.17185,7.4809,48.626,0,0
1.3053,0.17162,7.4921,48.699,0,0
1.3066,0.17139,7.5034,48.772,0,0
1.3078,0.17116,7.5146,48.845,0,0
1.3091,0.17093,7.5258,48.918,0,0
1.3103,0.1707,7.5371,48.991,0,0
1.3119,0.17038,7.5483,49.064,0,0
1.3151,0.16969,7.5596,49.137,0,0
1.3183,0.169,7.5708,49.21,0,0
1.3216,0.1683,7.5821,49.284,0,0
1.3248,0.16761,7.5933,49.357,0,0
1.328,0.16692,7.6046,49.43,0,0
1.3312,0.16623,7.6158,49.503,0,0
1.3344,0.16554,7.6271,49.576,0,0
1.3376,0.16485,7.6383,49.649,0,0
1.3408,0.16415,7.6496,49.722,0,0
1.344,0.16346,7.6608,49.795,0,0
1.3472,0.16277,7.672,49.868,0,0
1.3505,0.16206,7.6833,49.941,0,0
1.3555,0.16102,7.6945,50.014,0,0
1.3604,0.15997,7.7058,50.088,0,0
1.3654,0.15892,7.717,50.161,0,0
1.3703,0.15788,7.7283,50.234,0,0
1.3753,0.15683,7.7395,50.307,0,0
1.3802,0.15579,7.7508,50.38,0,0
1.3852,0.15474,7.762,50.453,0,0
1.3901,0.15369,7.7733,50.526,0,0
1.3951,0.15265,7.7845,50.599,0,0
1.4,0.1516,7.7958,50.672,0,0
1.405,0.15055,7.807,50.745,0,0
1.4099,0.14951,7.8182,50.819,0,0
1.4158,0.14835,7.8295,50.892,0,0
1.4218,0.14717,7.8407,50.965,0,0
1.4278,0.14599,7.852,51.038,0,0
1.4339,0.1448,7.8632,51.111,0,0
1.4399,0.14362,7.8745,51.184,0,0
1.4459,0.14244,7.8857,51.257,0,0
1.452,0.14126,7.897,51.33,0,0
1.458,0.14008,7.9082,51.403,0,0
1.464,0.13889,7.9195,51.477,0,0
1.4701,0.13771,7.9307,51.55,0,0
1.4761,0.13653,7.942,51.623,0,0
1.4821,0.13535,7.9532,51.696,0,0
1.4883,0.1342,7.9644,51.769,0,0
1.4946,0.13307,7.9757,51.842,0,0
1.5009,0.13195,7.9869,51.915,0,0
1.5073,0.13083,7.9982,51.988,0,0
1.5136,0.12971,8.0094,52.061,0,0
1.5199,0.12858,8.0207,52.134,0,0
1.5262,0.12746,8.0319,52.208,0,0
1.5325,0.12634,8.0432,52.281,0,0
1.5388,0.12522,8.0544,52.354,0,0
1.5452,0.1241,8.0657,52.427,0,0
1.5515,0.12297,8.0769,52.5,0,0
1.5578,0.12185,8.0882,52.573,0,0
1.5641,0.12075,8.0994,52.646,0,0
1.57,0.1198,8.1106,52.719,0,0
1.5759,0.11886,8.1219,52.792,0,0
1.5818,0.11791,8.1331,52.865,0,0
1.5877,0.11697,8.1444,52.938,0,0
1.5936,0.11602,8.1556,53.012,0,0
1.5996,0.11508,8.1669,53.085,0,0
1.6055,0.11414,8.1781,53.158,0,0
1.6114,0.11319,8.1894,53.231,0,0
1.6173,0.11225,8.2006,53.304,0,0
1.6232,0.1113,8.2119,53.377,0,0
1.6291,0.11036,8.2231,53.45,0,0
1.635,0.10941,8.2344,53.523,0,0
1.6404,0.10861,8.2456,53.596,0,0
1.6454,0.10789,8.2568,53.669,0,0
1.6504,0.10717,8.2681,53.743,0,0
1.6553,0.10645,8.2793,53.816,0,0
1.6603,0.10573,8.2906,53.889,0,0
1.6653,0.10501,8.3018,53.962,0,0
1.6703,0.10429,8.3131,54.035,0,0
1.6753,0.10358,8.3243,54.108,0,0
1.6803,0.10286,8.3356,54.181,0,0
1.6853,0.10214,8.3468,54.254,0,0
1.6903,0.10142,8.3581,54.327,0,0
1.6952,0.1007,8.3693,54.401,0,0
1.7001,0.099993,8.3806,54.474,0,0
1.7033,0.099558,8.3918,54.547,0,0
1.7064,0.099123,8.403,54.62,0,0
1.7096,0.098687,8.4143,54.693,0,0
1.7127,0.098252,8.4255,54.766,0,0
1.7158,0.097817,8.4368,54.839,0,0
1.719,0.097381,8.448,54.912,0,0
1.7221,0.096946,8.4593,54.985,0,0
1.7253,0.096511,8.4705,55.058,0,0
1.7284,0.096076,8.4818,55.132,0,0
1.7315,0.09564,8.493,55.205,0,0
1.7347,0.095205,8.5043,55.278,0,0
1.7378,0.09477,8.5155,55.351,0,0
1.74,0.094445,8.5268,55.424,0,0
1.7407,0.094289,8.538,55.497,0,0
1.7414,0.094134,8.5492,55.57,0,0
1.742,0.093978,8.5605,55.643,0,0
1.7427,0.093822,8.5717,55.716,0,0
1.7434,0.093666,8.583,55.789,0,0
1.7441,0.09351,8.5942,55.862,0,0
1.7448,0.093354,8.6055,55.936,0,0
1.7455,0.093198,8.6167,56.009,0,0
1.7462,0.093042,8.628,56.082,0,0
1.7468,0.092886,8.6392,56.155,0,0
1.7475,0.09273,8.6505,56.228,0,0
1.7482,0.092574,8.6617,56.301,0,0
1.7485,0.092517,8.673,56.374,0,0
1.7486,0.092514,8.6842,56.447,0,0
1.7486,0.09251,8.6954,56.52,0,0
1.7487,0.092506,8.7067,56.593,0,0
1.7487,0.092502,8.7179,56.667,0,0
1.7488,0.092499,8.7292,56.74,0,0
1.7489,0.092495,8.7404,56.813,0,0
1.7489,0.092491,8.7517,56.886,0,0
1.749,0.092487,8.7629,56.959,0,0
1.749,0.092484,8.7742,57.032,0,0
1.7491,0.09248,8.7854,57.105,0,0
1.7491,0.092476,8.7967,57.178,0,0
1.7492,0.092472,8.8079,57.251,0,0
1.7482,0.092609,8.8192,57.325,0,0
1.7469,0.092777,8.8304,57.398,0,0
1.7457,0.092944,8.8416,57.471,0,0
1.7444,0.093112,8.8529,57.544,0,0
1.7431,0.093279,8.8641,57.617,0,0
1.7419,0.093447,8.8754,57.69,0,0
1.7406,0.093615,8.8866,57.763,0,0
1.7394,0.093782,8.8979,57.836,0,0
1.7381,0.09395,8.9091,57.909,0,0
1.7368,0.094117,8.9204,57.982,0,0
1.7356,0.094285,8.9316,58.056,0,0
1.7343,0.094453,8.9429,58.129,0,0
1.733,0.09462,8.9541,58.202,0,0
1.7296,0.095101,8.9654,58.275,0,0
1.726,0.095614,8.9766,58.348,0,0
1.7224,0.096128,8.9878,58.421,0,0
1.7188,0.096641,8.9991,58.494,0,0
1.7151,0.097154,9.0103,58.567,0,0
1.7115,0.097667,9.0216,58.64,0,0
1.7079,0.09818,9.0328,58.713,0,0
1.7042,0.098693,9.0441,58.786,0,0
1.7006,0.099207,9.0553,58.86,0,0
1.697,0.09972,9.0666,58.933,0,0
1.6934,0.10023,9.0778,59.006,0,0
1.6897,0.10075,9.0891,59.079,0,0
1.6861,0.10126,9.1003,59.152,0,0
1.6796,0.10226,9.1116,59.225,0,0
1.6728,0.10331,9.1228,59.298,0,0
1.666,0.10436,9.134,59.371,0,0
1.6592,0.10541,9.1453,59.444,0,0
1.6524,0.10646,9.1565,59.518,0,0
1.6456,0.10752,9.1678,59.591,0,0
1.6388,0.10857,9.179,59.664,0,0
1.632,0.10962,9.1903,59.737,0,0
1.6252,0.11067,9.2015,59.81,0,0
1.6184,0.11172,9.2128,59.883,0,0
1.6117,0.11277,9.224,59.956,0,0
1.6049,0.11382,9.2353,60.029,0,0
1.5981,0.11487,9.2465,60.102,0,0
1.5896,0.11634,9.2578,60.175,0,0
1.5808,0.1179,9.269,60.249,0,0
1.572,0.11947,9.2802,60.322,0,0
1.5632,0.12103,9.2915,60.395,0,0
1.5543,0.12259,9.3027,60.468,0,0
1.5455,0.12416,9.314,60.541,0,0
1.5367,0.12572,9.3252,60.614,0,0
1.5279,0.12728,9.3365,60.687,0,0
1.5191,0.12885,9.3477,60.76,0,0
1.5102,0.13041,9.359,60.833,0,0
1.5014,0.13198,9.3702,60.906,0,0
1.4926,0.13354,9.3815,60.979,0,0
1.4838,0.1351,9.3927,61.053,0,0
1.4767,0.13653,9.404,61.126,0,0
1.4706,0.13787,9.4152,61.199,0,0
1.4645,0.13921,9.4264,61.272,0,0
1.4584,0.14055,9.4377,61.345,0,0
1.4523,0.14189,9.4489,61.418,0,0
1.4462,0.14323,9.4602,61.491,0,0
1.4401,0.14457,9.4714,61.564,0,0
1.434,0.14591,9.4827,61.637,0,0
1.4279,0.14725,9.4939,61.71,0,0
1.4218,0.14859,9.5052,61.784,0,0
1.4157,0.14993,9.5164,61.857,0,0
1.4096,0.15127,9.5277,61.93,0,0
1.4035,0.15261,9.5389,62.003,0,0
1.3991,0.15369,9.5502,62.076,0,0
1.3977,0.15431,9.5614,62.149,0,0
1.3963,0.15493,9.5726,62.222,0,0
1.3948,0.15556,9.5839,62.295,0,0
1.3934,0.15618,9.5951,62.368,0,0
1.392,0.1568,9.6064,62.442,0,0
1.3906,0.15742,9.6176,62.515,0,0
1.3892,0.15805,9.6289,62.588,0,0
1.3877,0.15867,9.6401,62.661,0,0
1.3863,0.15929,9.6514,62.734,0,0
1.3849,0.15992,9.6626,62.807,0,0
1.3835,0.16054,9.6739,62.88,0,0
1.3821,0.16116,9.6851,62.953,0,0
1.3807,0.16178,9.6964,63.026,0,0
1.3807,0.16183,9.7076,63.099,0,0
1.3807,0.16188,9.7188,63.173,0,0
1.3808,0.16192,9.7301,63.246,0,0
1.3808,0.16197,9.7413,63.319,0,0
1.3809,0.16201,9.7526,63.392,0,0
1.3809,0.16206,9.7638,63.465,0,0
1.381,0.1621,9.7751,63.538,0,0
1.381,0.16215,9.7863,63.611,0,0
1.3811,0.16219,9.7976,63.684,0,0
1.3811,0.16224,9.8088,63.757,0,0
1.3812,0.16228,9.8201,63.83,0,0
1.3812,0.16233,9.8313,63.903,0,0
1.3812,0.16237,9.8426,63.977,0,0
1.3817,0.1623,9.8538,64.05,0,0
1.3826,0.16214,9.865,64.123,0,0
1.3835,0.16198,9.8763,64.196,0,0
1.3844,0.16182,9.8875,64.269,0,0
1.3852,0.16166,9.8988,64.342,0,0
1.3861,0.1615,9.91,64.415,0,0
1.387,0.16134,9.9213,64.488,0,0
1.3879,0.16118,9.9325,64.561,0,0
1.3887,0.16101,9.9438,64.634,0,0
1.3896,0.16085,9.955,64.708,0,0
1.3905,0.16069,9.9663,64.781,0,0
1.3914,0.16053,9.9775,64.854,0,0
1.3923,0.16037,9.9888,64.927,0,0
1.3931,0.16021,10,65,0,0
